study,topology,n,target_degree,mode,switch_cost,failure_scenario,algorithm,instances,mean_lifetime,median_lifetime,mean_runtime_s,mean_switches,validity
unit,barabasi_albert,50,15,connected,0.0,none,CARE-DS,30,354.3666666666667,357.5,0.09544297956675409,2167.6,1.0
unit,barabasi_albert,50,15,connected,0.0,none,D-EAA-ER,30,337.3333333333333,335.5,0.023603645133395378,156.26666666666668,1.0
unit,barabasi_albert,50,15,connected,0.0,none,DWG,30,377.1333333333333,368.0,0.1590054077333358,3953.866666666667,1.0
unit,barabasi_albert,50,15,connected,0.0,none,MS-RG-WT,30,352.56666666666666,354.5,0.11398300386675445,2924.3333333333335,1.0
unit,barabasi_albert,50,15,connected,0.1,none,CARE-DS,30,341.6,340.0,0.08197728423335013,208.23333333333332,1.0
unit,barabasi_albert,50,15,connected,0.1,none,D-EAA-ER,30,331.7,332.0,0.025199046400060328,155.4,1.0
unit,barabasi_albert,50,15,connected,0.1,none,DWG,30,342.8,334.5,0.14639873923303334,3570.9,1.0
unit,barabasi_albert,50,15,connected,0.1,none,MS-RG-WT,30,331.7,332.0,0.11628531206661133,2718.5333333333333,1.0
unit,barabasi_albert,50,15,connected,0.25,none,CARE-DS,30,336.43333333333334,334.0,0.06919320196675467,165.63333333333333,1.0
unit,barabasi_albert,50,15,connected,0.25,none,D-EAA-ER,30,331.7,332.0,0.023250887299945993,155.76666666666668,1.0
unit,barabasi_albert,50,15,connected,0.25,none,DWG,30,305.6,295.5,0.12893116876681837,3153.9666666666667,1.0
unit,barabasi_albert,50,15,connected,0.25,none,MS-RG-WT,30,303.0,300.5,0.11157564010009077,2297.233333333333,1.0
unit,barabasi_albert,50,15,connected,0.5,none,CARE-DS,30,333.5,332.5,0.06274593393327445,142.33333333333334,1.0
unit,barabasi_albert,50,15,connected,0.5,none,D-EAA-ER,30,330.5,331.0,0.02458143820034209,153.13333333333333,1.0
unit,barabasi_albert,50,15,connected,0.5,none,DWG,30,259.6333333333333,252.0,0.10625565223320635,2656.5666666666666,1.0
unit,barabasi_albert,50,15,connected,0.5,none,MS-RG-WT,30,273.73333333333335,273.0,0.10373291490007731,1732.8666666666666,1.0
unit,barabasi_albert,50,15,dominating,0.0,none,CARE-DS,30,379.96666666666664,380.0,0.17920690256681454,2818.3,1.0
unit,barabasi_albert,50,15,dominating,0.0,none,D-EAA-ER,30,351.8,351.5,0.013023319033345571,207.13333333333333,1.0
unit,barabasi_albert,50,15,dominating,0.0,none,DWG,30,406.26666666666665,401.5,0.13659028453300073,4898.0,1.0
unit,barabasi_albert,50,15,dominating,0.0,none,MS-RG-WT,30,377.46666666666664,380.0,0.08546355833350386,3571.5333333333333,1.0
unit,barabasi_albert,50,15,dominating,0.1,none,CARE-DS,30,367.6333333333333,366.0,0.10495347623345874,307.1333333333333,1.0
unit,barabasi_albert,50,15,dominating,0.1,none,D-EAA-ER,30,344.3333333333333,343.5,0.014106542166640137,199.83333333333334,1.0
unit,barabasi_albert,50,15,dominating,0.1,none,DWG,30,369.3,366.5,0.12293036753338428,4435.933333333333,1.0
unit,barabasi_albert,50,15,dominating,0.1,none,MS-RG-WT,30,347.46666666666664,343.0,0.09147512646680597,3268.633333333333,1.0
unit,barabasi_albert,50,15,dominating,0.25,none,CARE-DS,30,359.73333333333335,352.0,0.07860185779997358,222.5,1.0
unit,barabasi_albert,50,15,dominating,0.25,none,D-EAA-ER,30,344.26666666666665,344.0,0.015249664666710747,199.03333333333333,1.0
unit,barabasi_albert,50,15,dominating,0.25,none,DWG,30,328.7,326.0,0.12114948650008345,3932.4666666666667,1.0
unit,barabasi_albert,50,15,dominating,0.25,none,MS-RG-WT,30,319.6,314.0,0.09105698403339674,2869.0666666666666,1.0
unit,barabasi_albert,50,15,dominating,0.5,none,CARE-DS,30,353.56666666666666,353.0,0.05677263266673735,191.13333333333333,1.0
unit,barabasi_albert,50,15,dominating,0.5,none,D-EAA-ER,30,342.4,342.0,0.01505559080020849,196.43333333333334,1.0
unit,barabasi_albert,50,15,dominating,0.5,none,DWG,30,278.53333333333336,277.5,0.09882273250029049,3298.4,1.0
unit,barabasi_albert,50,15,dominating,0.5,none,MS-RG-WT,30,285.2,284.0,0.08012598100018894,2204.2,1.0
unit,barabasi_albert,50,25,connected,0.0,none,CARE-DS,30,571.0666666666667,573.0,0.1401994299666512,2894.3,1.0
unit,barabasi_albert,50,25,connected,0.0,none,D-EAA-ER,30,524.4,528.0,0.0317133420664807,177.06666666666666,1.0
unit,barabasi_albert,50,25,connected,0.0,none,DWG,30,597.9666666666667,604.5,0.1743524689665719,4742.3,1.0
unit,barabasi_albert,50,25,connected,0.0,none,MS-RG-WT,30,566.6333333333333,566.0,0.13589806669994378,3810.766666666667,1.0
unit,barabasi_albert,50,25,connected,0.1,none,CARE-DS,30,550.3,547.5,0.11966278466670696,278.56666666666666,1.0
unit,barabasi_albert,50,25,connected,0.1,none,D-EAA-ER,30,518.0666666666667,513.5,0.035511569166859124,178.43333333333334,1.0
unit,barabasi_albert,50,25,connected,0.1,none,DWG,30,540.3333333333334,545.5,0.15887894580003675,4273.866666666667,1.0
unit,barabasi_albert,50,25,connected,0.1,none,MS-RG-WT,30,520.2333333333333,520.0,0.13858484976675145,3553.6666666666665,1.0
unit,barabasi_albert,50,25,connected,0.25,none,CARE-DS,30,544.6,548.5,0.09000358543338124,202.83333333333334,1.0
unit,barabasi_albert,50,25,connected,0.25,none,D-EAA-ER,30,517.2,513.5,0.0348144611331008,177.53333333333333,1.0
unit,barabasi_albert,50,25,connected,0.25,none,DWG,30,478.53333333333336,478.5,0.14176331236691717,3779.5,1.0
unit,barabasi_albert,50,25,connected,0.25,none,MS-RG-WT,30,468.53333333333336,475.0,0.13850534940023254,3002.3333333333335,1.0
unit,barabasi_albert,50,25,connected,0.5,none,CARE-DS,30,533.0666666666667,526.0,0.07477318319994684,157.13333333333333,1.0
unit,barabasi_albert,50,25,connected,0.5,none,D-EAA-ER,30,515.1333333333333,511.5,0.03676044883328962,172.9,1.0
unit,barabasi_albert,50,25,connected,0.5,none,DWG,30,404.03333333333336,404.5,0.12767179523343652,3164.633333333333,1.0
unit,barabasi_albert,50,25,connected,0.5,none,MS-RG-WT,30,413.8666666666667,417.5,0.12533332226642716,2408.766666666667,1.0
unit,barabasi_albert,50,25,dominating,0.0,none,CARE-DS,30,536.6333333333333,535.0,0.19051184483329656,3250.3,1.0
unit,barabasi_albert,50,25,dominating,0.0,none,D-EAA-ER,30,491.8,493.5,0.01618533756676086,228.43333333333334,1.0
unit,barabasi_albert,50,25,dominating,0.0,none,DWG,30,582.2333333333333,583.0,0.1386980401332645,5393.8,1.0
unit,barabasi_albert,50,25,dominating,0.0,none,MS-RG-WT,30,535.6,536.0,0.09791347560003483,4192.766666666666,1.0
unit,barabasi_albert,50,25,dominating,0.1,none,CARE-DS,30,513.1666666666666,514.0,0.1076568260000082,372.8333333333333,1.0
unit,barabasi_albert,50,25,dominating,0.1,none,D-EAA-ER,30,486.8,491.0,0.02022582090018351,229.66666666666666,1.0
unit,barabasi_albert,50,25,dominating,0.1,none,DWG,30,526.5,528.0,0.12773644956669156,4858.9,1.0
unit,barabasi_albert,50,25,dominating,0.1,none,MS-RG-WT,30,491.96666666666664,499.0,0.10895728909993821,3898.9333333333334,1.0
unit,barabasi_albert,50,25,dominating,0.25,none,CARE-DS,30,513.4666666666667,523.5,0.07655372273311509,257.7,1.0
unit,barabasi_albert,50,25,dominating,0.25,none,D-EAA-ER,30,486.53333333333336,491.0,0.02023638256681195,228.66666666666666,1.0
unit,barabasi_albert,50,25,dominating,0.25,none,DWG,30,467.3,468.0,0.11476925833345979,4289.9,1.0
unit,barabasi_albert,50,25,dominating,0.25,none,MS-RG-WT,30,448.2,445.5,0.09678375969991365,3374.9333333333334,1.0
unit,barabasi_albert,50,25,dominating,0.5,none,CARE-DS,30,499.26666666666665,505.5,0.05435868260004397,209.5,1.0
unit,barabasi_albert,50,25,dominating,0.5,none,D-EAA-ER,30,484.1333333333333,488.0,0.017908450066412666,221.7,1.0
unit,barabasi_albert,50,25,dominating,0.5,none,DWG,30,393.3333333333333,396.5,0.09293329006650305,3604.766666666667,1.0
unit,barabasi_albert,50,25,dominating,0.5,none,MS-RG-WT,30,399.1333333333333,400.0,0.08348331763318124,2691.9,1.0
unit,barabasi_albert,50,35,connected,0.0,none,CARE-DS,30,921.1,923.5,0.2375681050331574,3865.3333333333335,1.0
unit,barabasi_albert,50,35,connected,0.0,none,D-EAA-ER,30,858.5333333333333,858.5,0.052422589866728195,191.9,1.0
unit,barabasi_albert,50,35,connected,0.0,none,DWG,30,962.6666666666666,969.0,0.2317492153330628,5341.666666666667,1.0
unit,barabasi_albert,50,35,connected,0.0,none,MS-RG-WT,30,913.5666666666667,908.0,0.199933159300114,4627.1,1.0
unit,barabasi_albert,50,35,connected,0.1,none,CARE-DS,30,889.4666666666667,886.0,0.19564995636662083,275.03333333333336,1.0
unit,barabasi_albert,50,35,connected,0.1,none,D-EAA-ER,30,844.3,851.0,0.0595006641001115,186.83333333333334,1.0
unit,barabasi_albert,50,35,connected,0.1,none,DWG,30,869.0,873.5,0.22113553189986607,4812.133333333333,1.0
unit,barabasi_albert,50,35,connected,0.1,none,MS-RG-WT,30,832.4,830.5,0.21017681686674522,4179.0,1.0
unit,barabasi_albert,50,35,connected,0.25,none,CARE-DS,30,884.1,885.5,0.15195557173325744,206.73333333333332,1.0
unit,barabasi_albert,50,35,connected,0.25,none,D-EAA-ER,30,844.2,850.5,0.056795512766620905,186.23333333333332,1.0
unit,barabasi_albert,50,35,connected,0.25,none,DWG,30,766.7,774.0,0.19812280370000127,4239.0,1.0
unit,barabasi_albert,50,35,connected,0.25,none,MS-RG-WT,30,742.5333333333333,748.5,0.17657215580002228,3635.1,1.0
unit,barabasi_albert,50,35,connected,0.5,none,CARE-DS,30,869.7666666666667,887.5,0.11741169623334519,162.5,1.0
unit,barabasi_albert,50,35,connected,0.5,none,D-EAA-ER,30,839.7666666666667,848.0,0.05848871353318823,185.7,1.0
unit,barabasi_albert,50,35,connected,0.5,none,DWG,30,642.7666666666667,646.0,0.16301750903336745,3535.8,1.0
unit,barabasi_albert,50,35,connected,0.5,none,MS-RG-WT,30,644.8333333333334,649.5,0.16657031413342335,2942.133333333333,1.0
unit,barabasi_albert,50,35,dominating,0.0,none,CARE-DS,30,782.7,782.5,0.22806066683339543,3706.766666666667,1.0
unit,barabasi_albert,50,35,dominating,0.0,none,D-EAA-ER,30,715.4,711.0,0.023949587166619754,236.26666666666668,1.0
unit,barabasi_albert,50,35,dominating,0.0,none,DWG,30,852.2333333333333,856.5,0.1631582029665272,5698.666666666667,1.0
unit,barabasi_albert,50,35,dominating,0.0,none,MS-RG-WT,30,775.5333333333333,775.0,0.1251596978997137,4791.7,1.0
unit,barabasi_albert,50,35,dominating,0.1,none,CARE-DS,30,754.4666666666667,755.0,0.12668903836656678,387.3333333333333,1.0
unit,barabasi_albert,50,35,dominating,0.1,none,D-EAA-ER,30,704.8,697.0,0.028819540566534317,235.7,1.0
unit,barabasi_albert,50,35,dominating,0.1,none,DWG,30,768.8333333333334,771.5,0.1446223915998416,5125.533333333334,1.0
unit,barabasi_albert,50,35,dominating,0.1,none,MS-RG-WT,30,704.3,709.0,0.12659439406682693,4372.333333333333,1.0
unit,barabasi_albert,50,35,dominating,0.25,none,CARE-DS,30,741.6333333333333,748.0,0.08421136870007705,259.43333333333334,1.0
unit,barabasi_albert,50,35,dominating,0.25,none,D-EAA-ER,30,704.6,699.0,0.026369841866653535,234.1,1.0
unit,barabasi_albert,50,35,dominating,0.25,none,DWG,30,679.0,683.5,0.12358710086646166,4527.166666666667,1.0
unit,barabasi_albert,50,35,dominating,0.25,none,MS-RG-WT,30,638.6,636.5,0.11109298466678103,3827.3,1.0
unit,barabasi_albert,50,35,dominating,0.5,none,CARE-DS,30,728.4333333333333,732.0,0.06173522670002659,204.43333333333334,1.0
unit,barabasi_albert,50,35,dominating,0.5,none,D-EAA-ER,30,700.5,694.5,0.025731519366672673,218.46666666666667,1.0
unit,barabasi_albert,50,35,dominating,0.5,none,DWG,30,568.6666666666666,572.0,0.10425875960002785,3789.766666666667,1.0
unit,barabasi_albert,50,35,dominating,0.5,none,MS-RG-WT,30,563.5333333333333,566.0,0.10120846129981748,3045.266666666667,1.0
unit,barabasi_albert,100,15,connected,0.0,none,CARE-DS,30,311.1,313.5,0.25497365883323553,3727.6,1.0
unit,barabasi_albert,100,15,connected,0.0,none,D-EAA-ER,30,299.93333333333334,292.5,0.05902553303327517,346.46666666666664,1.0
unit,barabasi_albert,100,15,connected,0.0,none,DWG,30,331.93333333333334,334.0,0.2870805150000402,6885.366666666667,1.0
unit,barabasi_albert,100,15,connected,0.0,none,MS-RG-WT,30,304.96666666666664,300.0,0.23459688789996178,5051.1,1.0
unit,barabasi_albert,100,15,connected,0.1,none,CARE-DS,30,301.03333333333336,300.5,0.21656123313329464,516.6333333333333,1.0
unit,barabasi_albert,100,15,connected,0.1,none,D-EAA-ER,30,294.2,291.0,0.0666673628333228,345.8333333333333,1.0
unit,barabasi_albert,100,15,connected,0.1,none,DWG,30,301.8333333333333,307.0,0.25679525583362495,6197.833333333333,1.0
unit,barabasi_albert,100,15,connected,0.1,none,MS-RG-WT,30,287.6,286.0,0.23927766953327134,4829.8,1.0
unit,barabasi_albert,100,15,connected,0.25,none,CARE-DS,30,296.53333333333336,293.0,0.18691446330006625,384.03333333333336,1.0
unit,barabasi_albert,100,15,connected,0.25,none,D-EAA-ER,30,294.2,291.0,0.06216749863318299,341.3666666666667,1.0
unit,barabasi_albert,100,15,connected,0.25,none,DWG,30,270.73333333333335,274.0,0.23593643126661917,5514.066666666667,1.0
unit,barabasi_albert,100,15,connected,0.25,none,MS-RG-WT,30,262.6,268.0,0.25175944139992906,4088.5,1.0
unit,barabasi_albert,100,15,connected,0.5,none,CARE-DS,30,287.6333333333333,287.5,0.1752248157666751,318.8333333333333,1.0
unit,barabasi_albert,100,15,connected,0.5,none,D-EAA-ER,30,292.46666666666664,289.0,0.062496230466683705,335.8333333333333,1.0
unit,barabasi_albert,100,15,connected,0.5,none,DWG,30,231.76666666666668,234.0,0.2000477883331882,4660.5,1.0
unit,barabasi_albert,100,15,connected,0.5,none,MS-RG-WT,30,238.5,239.0,0.21763457523330768,3245.9,1.0
unit,barabasi_albert,100,15,dominating,0.0,none,CARE-DS,30,355.43333333333334,352.5,0.35033655539990605,4977.066666666667,1.0
unit,barabasi_albert,100,15,dominating,0.0,none,D-EAA-ER,30,333.3333333333333,331.5,0.019430049500022004,464.53333333333336,1.0
unit,barabasi_albert,100,15,dominating,0.0,none,DWG,30,374.96666666666664,374.5,0.2514163218332555,8840.633333333333,1.0
unit,barabasi_albert,100,15,dominating,0.0,none,MS-RG-WT,30,338.6,342.5,0.14550695193356278,6377.6,1.0
unit,barabasi_albert,100,15,dominating,0.1,none,CARE-DS,30,341.46666666666664,346.0,0.19834291763336673,667.3666666666667,1.0
unit,barabasi_albert,100,15,dominating,0.1,none,D-EAA-ER,30,325.3,325.0,0.021595471133048213,442.76666666666665,1.0
unit,barabasi_albert,100,15,dominating,0.1,none,DWG,30,341.06666666666666,340.0,0.23718085343322548,7983.8,1.0
unit,barabasi_albert,100,15,dominating,0.1,none,MS-RG-WT,30,320.4,316.0,0.1543022562000866,5896.066666666667,1.0
unit,barabasi_albert,100,15,dominating,0.25,none,CARE-DS,30,328.6333333333333,326.0,0.13341773589991887,491.5,1.0
unit,barabasi_albert,100,15,dominating,0.25,none,D-EAA-ER,30,325.2,324.5,0.023544279866867582,439.3666666666667,1.0
unit,barabasi_albert,100,15,dominating,0.25,none,DWG,30,306.26666666666665,305.0,0.20837465876686942,7122.233333333334,1.0
unit,barabasi_albert,100,15,dominating,0.25,none,MS-RG-WT,30,291.5,293.5,0.13271276166672877,4992.166666666667,1.0
unit,barabasi_albert,100,15,dominating,0.5,none,CARE-DS,30,323.53333333333336,326.0,0.11224562663318613,440.93333333333334,1.0
unit,barabasi_albert,100,15,dominating,0.5,none,D-EAA-ER,30,323.3333333333333,321.5,0.02317709466659223,433.3333333333333,1.0
unit,barabasi_albert,100,15,dominating,0.5,none,DWG,30,260.03333333333336,260.5,0.17721076256656257,5995.933333333333,1.0
unit,barabasi_albert,100,15,dominating,0.5,none,MS-RG-WT,30,265.1,268.0,0.12073092156653044,4030.366666666667,1.0
unit,barabasi_albert,100,25,connected,0.0,none,CARE-DS,30,493.1333333333333,495.5,0.4141207701000288,5446.933333333333,1.0
unit,barabasi_albert,100,25,connected,0.0,none,D-EAA-ER,30,468.2,479.0,0.10752948753336868,447.3333333333333,1.0
unit,barabasi_albert,100,25,connected,0.0,none,DWG,30,537.2,540.5,0.3977899111666071,9128.266666666666,1.0
unit,barabasi_albert,100,25,connected,0.0,none,MS-RG-WT,30,488.53333333333336,494.5,0.326876763633057,6841.333333333333,1.0
unit,barabasi_albert,100,25,connected,0.1,none,CARE-DS,30,473.0,478.5,0.3319390347666437,700.7,1.0
unit,barabasi_albert,100,25,connected,0.1,none,D-EAA-ER,30,462.23333333333335,469.0,0.10174736770004525,438.3666666666667,1.0
unit,barabasi_albert,100,25,connected,0.1,none,DWG,30,487.0,490.0,0.34077468843327857,8223.033333333333,1.0
unit,barabasi_albert,100,25,connected,0.1,none,MS-RG-WT,30,461.6,463.5,0.3345808595332225,6516.4,1.0
unit,barabasi_albert,100,25,connected,0.25,none,CARE-DS,30,467.73333333333335,471.5,0.28983634953325843,496.8,1.0
unit,barabasi_albert,100,25,connected,0.25,none,D-EAA-ER,30,461.6333333333333,469.0,0.108406645166724,435.8666666666667,1.0
unit,barabasi_albert,100,25,connected,0.25,none,DWG,30,433.3,437.0,0.3055899077666254,7292.8,1.0
unit,barabasi_albert,100,25,connected,0.25,none,MS-RG-WT,30,415.56666666666666,421.5,0.3123372448001343,5533.433333333333,1.0
unit,barabasi_albert,100,25,connected,0.5,none,CARE-DS,30,454.56666666666666,458.5,0.2614447283667383,408.73333333333335,1.0
unit,barabasi_albert,100,25,connected,0.5,none,D-EAA-ER,30,459.8333333333333,468.0,0.10614274770002032,422.6666666666667,1.0
unit,barabasi_albert,100,25,connected,0.5,none,DWG,30,365.8,370.5,0.25353602966655064,6122.2,1.0
unit,barabasi_albert,100,25,connected,0.5,none,MS-RG-WT,30,371.1,373.0,0.27923702993357435,4489.066666666667,1.0
unit,barabasi_albert,100,25,dominating,0.0,none,CARE-DS,30,505.6333333333333,502.0,0.3940752448335237,5922.466666666666,1.0
unit,barabasi_albert,100,25,dominating,0.0,none,D-EAA-ER,30,470.56666666666666,471.0,0.031495875800222416,554.8,1.0
unit,barabasi_albert,100,25,dominating,0.0,none,DWG,30,560.4333333333333,557.0,0.2885439078332638,10495.366666666667,1.0
unit,barabasi_albert,100,25,dominating,0.0,none,MS-RG-WT,30,501.3333333333333,498.5,0.17000159720015892,7835.466666666666,1.0
unit,barabasi_albert,100,25,dominating,0.1,none,CARE-DS,30,482.7,480.0,0.21189717246670622,817.3,1.0
unit,barabasi_albert,100,25,dominating,0.1,none,D-EAA-ER,30,461.1333333333333,463.0,0.033546926366579966,541.1333333333333,1.0
unit,barabasi_albert,100,25,dominating,0.1,none,DWG,30,507.3333333333333,508.5,0.26934604836654513,9443.766666666666,1.0
unit,barabasi_albert,100,25,dominating,0.1,none,MS-RG-WT,30,467.8,466.5,0.17969569163336319,7366.166666666667,1.0
unit,barabasi_albert,100,25,dominating,0.25,none,CARE-DS,30,477.73333333333335,478.5,0.1635062835333883,621.3333333333334,1.0
unit,barabasi_albert,100,25,dominating,0.25,none,D-EAA-ER,30,460.23333333333335,463.0,0.03399438609988763,528.9333333333333,1.0
unit,barabasi_albert,100,25,dominating,0.25,none,DWG,30,451.3,451.5,0.2413731902333893,8358.7,1.0
unit,barabasi_albert,100,25,dominating,0.25,none,MS-RG-WT,30,428.0,426.0,0.16978818166668735,6269.433333333333,1.0
unit,barabasi_albert,100,25,dominating,0.5,none,CARE-DS,30,468.6333333333333,469.0,0.12774022413329167,502.4,1.0
unit,barabasi_albert,100,25,dominating,0.5,none,D-EAA-ER,30,457.3,460.0,0.03418655586647214,507.26666666666665,1.0
unit,barabasi_albert,100,25,dominating,0.5,none,DWG,30,381.73333333333335,382.5,0.21784742820000244,7060.366666666667,1.0
unit,barabasi_albert,100,25,dominating,0.5,none,MS-RG-WT,30,380.6,378.5,0.16142201376672646,5123.333333333333,1.0
unit,barabasi_albert,100,35,connected,0.0,none,CARE-DS,30,776.2333333333333,780.0,0.5396502795666189,6351.533333333334,1.0
unit,barabasi_albert,100,35,connected,0.0,none,D-EAA-ER,30,721.9,722.5,0.204451348266654,510.6,1.0
unit,barabasi_albert,100,35,connected,0.0,none,DWG,30,862.8666666666667,869.0,0.5513335076999889,10749.866666666667,1.0
unit,barabasi_albert,100,35,connected,0.0,none,MS-RG-WT,30,779.0,781.5,0.4956084271000994,8621.266666666666,1.0
unit,barabasi_albert,100,35,connected,0.1,none,CARE-DS,30,752.8333333333334,748.0,0.426990937199965,810.6333333333333,1.0
unit,barabasi_albert,100,35,connected,0.1,none,D-EAA-ER,30,707.7333333333333,703.5,0.19717124023336507,502.43333333333334,1.0
unit,barabasi_albert,100,35,connected,0.1,none,DWG,30,777.5666666666667,783.5,0.506161508166709,9629.5,1.0
unit,barabasi_albert,100,35,connected,0.1,none,MS-RG-WT,30,717.3333333333334,718.0,0.5215130883332677,7980.666666666667,1.0
unit,barabasi_albert,100,35,connected,0.25,none,CARE-DS,30,740.1333333333333,735.0,0.3560330277666253,566.3,1.0
unit,barabasi_albert,100,35,connected,0.25,none,D-EAA-ER,30,707.7,704.0,0.19567801810020075,499.9,1.0
unit,barabasi_albert,100,35,connected,0.25,none,DWG,30,688.6333333333333,692.5,0.4443923563999609,8514.266666666666,1.0
unit,barabasi_albert,100,35,connected,0.25,none,MS-RG-WT,30,643.0666666666667,649.5,0.4746265636334404,6922.566666666667,1.0
unit,barabasi_albert,100,35,connected,0.5,none,CARE-DS,30,727.8666666666667,726.0,0.31510284280002454,458.8666666666667,1.0
unit,barabasi_albert,100,35,connected,0.5,none,D-EAA-ER,30,700.4333333333333,699.0,0.20370351216655153,474.4,1.0
unit,barabasi_albert,100,35,connected,0.5,none,DWG,30,578.8,585.5,0.3780955059999542,7149.933333333333,1.0
unit,barabasi_albert,100,35,connected,0.5,none,MS-RG-WT,30,569.2,573.0,0.44621839749979697,5591.2,1.0
unit,barabasi_albert,100,35,dominating,0.0,none,CARE-DS,30,711.8,703.5,0.5391350346333639,7005.166666666667,1.0
unit,barabasi_albert,100,35,dominating,0.0,none,D-EAA-ER,30,659.4,664.5,0.05102610116652306,587.2666666666667,1.0
unit,barabasi_albert,100,35,dominating,0.0,none,DWG,30,810.4333333333333,808.5,0.3892427834330495,11271.1,1.0
unit,barabasi_albert,100,35,dominating,0.0,none,MS-RG-WT,30,714.8666666666667,711.5,0.24904158190032222,8929.066666666668,1.0
unit,barabasi_albert,100,35,dominating,0.1,none,CARE-DS,30,685.6333333333333,679.0,0.26221420400003503,949.7333333333333,1.0
unit,barabasi_albert,100,35,dominating,0.1,none,D-EAA-ER,30,648.8333333333334,642.0,0.058427617766513576,587.1333333333333,1.0
unit,barabasi_albert,100,35,dominating,0.1,none,DWG,30,729.9333333333333,727.5,0.35200336000010185,10119.666666666666,1.0
unit,barabasi_albert,100,35,dominating,0.1,none,MS-RG-WT,30,654.2666666666667,647.0,0.2525760452002335,8229.6,1.0
unit,barabasi_albert,100,35,dominating,0.25,none,CARE-DS,30,677.8333333333334,671.0,0.19860137136680953,676.4333333333333,1.0
unit,barabasi_albert,100,35,dominating,0.25,none,D-EAA-ER,30,647.8333333333334,643.0,0.056013419733487016,571.2,1.0
unit,barabasi_albert,100,35,dominating,0.25,none,DWG,30,646.0666666666667,646.0,0.3073092924000472,8955.566666666668,1.0
unit,barabasi_albert,100,35,dominating,0.25,none,MS-RG-WT,30,599.2333333333333,598.0,0.22911499143325875,7180.333333333333,1.0
unit,barabasi_albert,100,35,dominating,0.5,none,CARE-DS,30,665.2333333333333,665.0,0.16553643703330936,559.6333333333333,1.0
unit,barabasi_albert,100,35,dominating,0.5,none,D-EAA-ER,30,637.6333333333333,633.5,0.05046729496668069,523.9,1.0
unit,barabasi_albert,100,35,dominating,0.5,none,DWG,30,542.2666666666667,544.0,0.2560489459000867,7519.633333333333,1.0
unit,barabasi_albert,100,35,dominating,0.5,none,MS-RG-WT,30,533.2666666666667,533.5,0.20592563669997613,5781.066666666667,1.0
unit,barabasi_albert,150,15,connected,0.0,none,CARE-DS,30,295.46666666666664,293.5,0.3888280874666028,5622.666666666667,1.0
unit,barabasi_albert,150,15,connected,0.0,none,D-EAA-ER,30,297.6,299.0,0.1278694755998003,592.4666666666667,1.0
unit,barabasi_albert,150,15,connected,0.0,none,DWG,30,318.0,318.0,0.4454650778334326,9973.066666666668,1.0
unit,barabasi_albert,150,15,connected,0.0,none,MS-RG-WT,30,285.0,291.0,0.390618358233102,7273.866666666667,1.0
unit,barabasi_albert,150,15,connected,0.1,none,CARE-DS,30,289.1,294.0,0.3513238003666629,836.3333333333334,1.0
unit,barabasi_albert,150,15,connected,0.1,none,D-EAA-ER,30,289.8666666666667,290.0,0.1226727327998863,571.5333333333333,1.0
unit,barabasi_albert,150,15,connected,0.1,none,DWG,30,289.8,292.0,0.390300816799936,9002.2,1.0
unit,barabasi_albert,150,15,connected,0.1,none,MS-RG-WT,30,273.56666666666666,280.0,0.4154461560336737,6926.933333333333,1.0
unit,barabasi_albert,150,15,connected,0.25,none,CARE-DS,30,278.8666666666667,279.0,0.29839587856671035,592.5333333333333,1.0
unit,barabasi_albert,150,15,connected,0.25,none,D-EAA-ER,30,290.0,290.0,0.12816367450007718,569.7666666666667,1.0
unit,barabasi_albert,150,15,connected,0.25,none,DWG,30,260.2,262.0,0.3528548701997958,7987.6,1.0
unit,barabasi_albert,150,15,connected,0.25,none,MS-RG-WT,30,247.6,252.5,0.4060140235667253,5699.166666666667,1.0
unit,barabasi_albert,150,15,connected,0.5,none,CARE-DS,30,276.8,282.0,0.2924734157999713,550.2333333333333,1.0
unit,barabasi_albert,150,15,connected,0.5,none,D-EAA-ER,30,288.26666666666665,288.0,0.13294179319994628,554.6666666666666,1.0
unit,barabasi_albert,150,15,connected,0.5,none,DWG,30,223.33333333333334,224.0,0.3169115251666881,6753.266666666666,1.0
unit,barabasi_albert,150,15,connected,0.5,none,MS-RG-WT,30,222.9,224.0,0.3871493954666827,4649.266666666666,1.0
unit,barabasi_albert,150,15,dominating,0.0,none,CARE-DS,30,346.73333333333335,352.0,0.5047582812666709,7500.866666666667,1.0
unit,barabasi_albert,150,15,dominating,0.0,none,D-EAA-ER,30,328.76666666666665,324.0,0.030502105166730516,724.8,1.0
unit,barabasi_albert,150,15,dominating,0.0,none,DWG,30,359.8333333333333,359.0,0.383247989466751,12539.266666666666,1.0
unit,barabasi_albert,150,15,dominating,0.0,none,MS-RG-WT,30,327.06666666666666,329.0,0.21291302109990884,9009.3,1.0
unit,barabasi_albert,150,15,dominating,0.1,none,CARE-DS,30,326.3,327.5,0.279830639566535,1009.3333333333334,1.0
unit,barabasi_albert,150,15,dominating,0.1,none,D-EAA-ER,30,320.53333333333336,314.5,0.03095135003331957,724.0,1.0
unit,barabasi_albert,150,15,dominating,0.1,none,DWG,30,328.6333333333333,326.0,0.3510216648332668,11358.433333333332,1.0
unit,barabasi_albert,150,15,dominating,0.1,none,MS-RG-WT,30,307.03333333333336,310.5,0.19770628526700115,8567.9,1.0
unit,barabasi_albert,150,15,dominating,0.25,none,CARE-DS,30,321.03333333333336,324.5,0.20949558893322923,788.0,1.0
unit,barabasi_albert,150,15,dominating,0.25,none,D-EAA-ER,30,320.4,314.5,0.032143412566680685,718.6,1.0
unit,barabasi_albert,150,15,dominating,0.25,none,DWG,30,294.1333333333333,294.5,0.31155615403343595,10110.3,1.0
unit,barabasi_albert,150,15,dominating,0.25,none,MS-RG-WT,30,282.8666666666667,279.0,0.18843729666653716,7352.533333333334,1.0
unit,barabasi_albert,150,15,dominating,0.5,none,CARE-DS,30,312.76666666666665,313.5,0.17158685396649764,698.9,1.0
unit,barabasi_albert,150,15,dominating,0.5,none,D-EAA-ER,30,317.76666666666665,311.5,0.03174204180013471,695.0,1.0
unit,barabasi_albert,150,15,dominating,0.5,none,DWG,30,250.4,251.0,0.262311924833557,8498.0,1.0
unit,barabasi_albert,150,15,dominating,0.5,none,MS-RG-WT,30,251.93333333333334,255.5,0.1695085857001686,5825.733333333334,1.0
unit,barabasi_albert,150,25,connected,0.0,none,CARE-DS,30,461.6,464.5,0.6322509057664926,7365.9,1.0
unit,barabasi_albert,150,25,connected,0.0,none,D-EAA-ER,30,448.9,449.5,0.23457303433333435,741.0666666666667,1.0
unit,barabasi_albert,150,25,connected,0.0,none,DWG,30,508.56666666666666,505.0,0.606341375033359,13077.733333333334,1.0
unit,barabasi_albert,150,25,connected,0.0,none,MS-RG-WT,30,458.23333333333335,456.5,0.5634596468000381,9700.766666666666,1.0
unit,barabasi_albert,150,25,connected,0.1,none,CARE-DS,30,446.2,445.5,0.5225094096332213,1124.3333333333333,1.0
unit,barabasi_albert,150,25,connected,0.1,none,D-EAA-ER,30,437.1666666666667,441.5,0.22265672753334606,718.7333333333333,1.0
unit,barabasi_albert,150,25,connected,0.1,none,DWG,30,460.6,457.0,0.5091134297000584,11754.333333333334,1.0
unit,barabasi_albert,150,25,connected,0.1,none,MS-RG-WT,30,428.1666666666667,425.5,0.5815765260998887,9229.1,1.0
unit,barabasi_albert,150,25,connected,0.25,none,CARE-DS,30,441.8666666666667,440.0,0.4802923098665815,831.2666666666667,1.0
unit,barabasi_albert,150,25,connected,0.25,none,D-EAA-ER,30,436.96666666666664,441.5,0.2225822303667276,711.6333333333333,1.0
unit,barabasi_albert,150,25,connected,0.25,none,DWG,30,411.3,408.5,0.45435074893357524,10446.666666666666,1.0
unit,barabasi_albert,150,25,connected,0.25,none,MS-RG-WT,30,394.46666666666664,391.0,0.5416644712666312,7933.966666666666,1.0
unit,barabasi_albert,150,25,connected,0.5,none,CARE-DS,30,427.7,425.0,0.4450698712332875,691.1666666666666,1.0
unit,barabasi_albert,150,25,connected,0.5,none,D-EAA-ER,30,433.73333333333335,437.0,0.21565381740031925,688.5666666666667,1.0
unit,barabasi_albert,150,25,connected,0.5,none,DWG,30,347.93333333333334,345.0,0.38347977430003083,8789.933333333332,1.0
unit,barabasi_albert,150,25,connected,0.5,none,MS-RG-WT,30,349.0,347.0,0.4963283818333972,6314.466666666666,1.0
unit,barabasi_albert,150,25,dominating,0.0,none,CARE-DS,30,488.1333333333333,488.0,0.6329771411667632,8070.6,1.0
unit,barabasi_albert,150,25,dominating,0.0,none,D-EAA-ER,30,460.5,462.5,0.049357101666464544,877.3333333333334,1.0
unit,barabasi_albert,150,25,dominating,0.0,none,DWG,30,539.5,540.5,0.4867847681332326,15021.166666666666,1.0
unit,barabasi_albert,150,25,dominating,0.0,none,MS-RG-WT,30,474.73333333333335,481.5,0.2680136974332829,11194.166666666666,1.0
unit,barabasi_albert,150,25,dominating,0.1,none,CARE-DS,30,468.0,467.5,0.34147473333347683,1318.5,1.0
unit,barabasi_albert,150,25,dominating,0.1,none,D-EAA-ER,30,451.9,455.5,0.05217660919988698,884.4333333333333,1.0
unit,barabasi_albert,150,25,dominating,0.1,none,DWG,30,488.96666666666664,490.5,0.4431371277331588,13532.366666666667,1.0
unit,barabasi_albert,150,25,dominating,0.1,none,MS-RG-WT,30,448.03333333333336,447.5,0.26606999553332566,10330.866666666667,1.0
unit,barabasi_albert,150,25,dominating,0.25,none,CARE-DS,30,459.5,458.5,0.25507782506689786,1019.9333333333333,1.0
unit,barabasi_albert,150,25,dominating,0.25,none,D-EAA-ER,30,451.43333333333334,454.0,0.052309095199901345,863.7,1.0
unit,barabasi_albert,150,25,dominating,0.25,none,DWG,30,435.2,438.5,0.38448853899996416,11988.866666666667,1.0
unit,barabasi_albert,150,25,dominating,0.25,none,MS-RG-WT,30,407.6,410.0,0.23904121963338787,8866.066666666668,1.0
unit,barabasi_albert,150,25,dominating,0.5,none,CARE-DS,30,447.96666666666664,451.5,0.20927877759986582,825.7,1.0
unit,barabasi_albert,150,25,dominating,0.5,none,D-EAA-ER,30,446.7,448.5,0.049036666399964166,833.3666666666667,1.0
unit,barabasi_albert,150,25,dominating,0.5,none,DWG,30,369.3666666666667,368.0,0.3311827358332569,10132.866666666667,1.0
unit,barabasi_albert,150,25,dominating,0.5,none,MS-RG-WT,30,362.1666666666667,363.5,0.219507155833647,7291.533333333334,1.0
unit,barabasi_albert,150,35,connected,0.0,none,CARE-DS,30,698.0,695.0,1.160475556966685,9463.866666666667,1.0
unit,barabasi_albert,150,35,connected,0.0,none,D-EAA-ER,30,666.0666666666667,670.5,0.435448101599953,862.0666666666667,1.0
unit,barabasi_albert,150,35,connected,0.0,none,DWG,30,790.9,789.0,0.8498916939334473,15654.933333333332,1.0
unit,barabasi_albert,150,35,connected,0.0,none,MS-RG-WT,30,701.6,705.0,0.8856061058998724,12267.066666666668,1.0
unit,barabasi_albert,150,35,connected,0.1,none,CARE-DS,30,674.3333333333334,675.0,0.9731962112666831,1389.6666666666667,1.0
unit,barabasi_albert,150,35,connected,0.1,none,D-EAA-ER,30,651.2666666666667,658.5,0.4143555542333464,835.4666666666667,1.0
unit,barabasi_albert,150,35,connected,0.1,none,DWG,30,713.8666666666667,712.5,0.7482310077001482,14022.166666666666,1.0
unit,barabasi_albert,150,35,connected,0.1,none,MS-RG-WT,30,648.0333333333333,650.5,0.8712629429666776,11408.1,1.0
unit,barabasi_albert,150,35,connected,0.25,none,CARE-DS,30,660.9666666666667,668.5,0.8308206631333329,993.6666666666666,1.0
unit,barabasi_albert,150,35,connected,0.25,none,D-EAA-ER,30,650.1333333333333,656.0,0.4034935515333927,823.4666666666667,1.0
unit,barabasi_albert,150,35,connected,0.25,none,DWG,30,633.2333333333333,632.0,0.673912726866547,12425.066666666668,1.0
unit,barabasi_albert,150,35,connected,0.25,none,MS-RG-WT,30,588.3333333333334,587.5,0.8483900553002361,9849.466666666667,1.0
unit,barabasi_albert,150,35,connected,0.5,none,CARE-DS,30,652.1,651.0,0.7645329981999567,827.4333333333333,1.0
unit,barabasi_albert,150,35,connected,0.5,none,D-EAA-ER,30,644.3666666666667,646.5,0.4050248038332332,772.6333333333333,1.0
unit,barabasi_albert,150,35,connected,0.5,none,DWG,30,532.4666666666667,533.0,0.5639319237998885,10438.566666666668,1.0
unit,barabasi_albert,150,35,connected,0.5,none,MS-RG-WT,30,525.1,523.5,0.7571239913665825,7968.933333333333,1.0
unit,barabasi_albert,150,35,dominating,0.0,none,CARE-DS,30,677.8666666666667,681.5,0.7627306782668408,10028.8,1.0
unit,barabasi_albert,150,35,dominating,0.0,none,D-EAA-ER,30,635.1666666666666,637.0,0.07100352303338388,955.7666666666667,1.0
unit,barabasi_albert,150,35,dominating,0.0,none,DWG,30,779.9666666666667,780.0,0.600694163199781,16457.066666666666,1.0
unit,barabasi_albert,150,35,dominating,0.0,none,MS-RG-WT,30,677.8666666666667,671.5,0.3638446861665822,12741.7,1.0
unit,barabasi_albert,150,35,dominating,0.1,none,CARE-DS,30,655.0333333333333,658.5,0.40190114350001144,1546.2666666666667,1.0
unit,barabasi_albert,150,35,dominating,0.1,none,D-EAA-ER,30,625.8666666666667,622.0,0.07788119730024236,926.1333333333333,1.0
unit,barabasi_albert,150,35,dominating,0.1,none,DWG,30,703.4666666666667,706.0,0.5425487606664926,14739.933333333332,1.0
unit,barabasi_albert,150,35,dominating,0.1,none,MS-RG-WT,30,624.3333333333334,620.5,0.3409167935668544,11806.033333333333,1.0
unit,barabasi_albert,150,35,dominating,0.25,none,CARE-DS,30,645.8,646.0,0.3131049229334167,1096.3333333333333,1.0
unit,barabasi_albert,150,35,dominating,0.25,none,D-EAA-ER,30,625.0666666666667,621.5,0.07764499950008026,912.1666666666666,1.0
unit,barabasi_albert,150,35,dominating,0.25,none,DWG,30,622.8333333333334,624.0,0.4966719809333275,13060.933333333332,1.0
unit,barabasi_albert,150,35,dominating,0.25,none,MS-RG-WT,30,571.8333333333334,573.0,0.3244772111999434,10187.7,1.0
unit,barabasi_albert,150,35,dominating,0.5,none,CARE-DS,30,630.0333333333333,626.5,0.2561761562663984,926.5666666666667,1.0
unit,barabasi_albert,150,35,dominating,0.5,none,D-EAA-ER,30,617.1333333333333,613.0,0.07691296323325027,845.6666666666666,1.0
unit,barabasi_albert,150,35,dominating,0.5,none,DWG,30,524.3,525.0,0.42094417759999486,10976.966666666667,1.0
unit,barabasi_albert,150,35,dominating,0.5,none,MS-RG-WT,30,507.93333333333334,506.5,0.30302561676653567,8378.333333333334,1.0
unit,barabasi_albert,200,15,connected,0.0,none,CARE-DS,30,281.06666666666666,280.0,0.787660035200012,6626.766666666666,1.0
unit,barabasi_albert,200,15,connected,0.0,none,D-EAA-ER,30,288.1666666666667,289.0,0.21477762743336368,769.1333333333333,1.0
unit,barabasi_albert,200,15,connected,0.0,none,DWG,30,305.8,306.5,0.648451348966546,12597.433333333332,1.0
unit,barabasi_albert,200,15,connected,0.0,none,MS-RG-WT,30,271.56666666666666,275.0,0.6276588393667946,8840.233333333334,1.0
unit,barabasi_albert,200,15,connected,0.1,none,CARE-DS,30,278.0,274.0,0.6821135921334037,1066.3333333333333,1.0
unit,barabasi_albert,200,15,connected,0.1,none,D-EAA-ER,30,281.8666666666667,282.5,0.2079679800334664,747.2666666666667,1.0
unit,barabasi_albert,200,15,connected,0.1,none,DWG,30,278.6333333333333,277.0,0.554268784899864,11314.466666666667,1.0
unit,barabasi_albert,200,15,connected,0.1,none,MS-RG-WT,30,263.53333333333336,261.0,0.712963813766756,8573.1,1.0
unit,barabasi_albert,200,15,connected,0.25,none,CARE-DS,30,272.6666666666667,269.0,0.6434286088999518,811.9333333333333,1.0
unit,barabasi_albert,200,15,connected,0.25,none,D-EAA-ER,30,281.8,282.5,0.2178626790334571,747.7333333333333,1.0
unit,barabasi_albert,200,15,connected,0.25,none,DWG,30,250.66666666666666,249.0,0.5009444404334128,10070.866666666667,1.0
unit,barabasi_albert,200,15,connected,0.25,none,MS-RG-WT,30,239.8,241.0,0.6614794765998908,7265.7,1.0
unit,barabasi_albert,200,15,connected,0.5,none,CARE-DS,30,272.96666666666664,276.5,0.6527089312666855,756.5333333333333,1.0
unit,barabasi_albert,200,15,connected,0.5,none,D-EAA-ER,30,280.1,278.5,0.22001995260001192,723.6,1.0
unit,barabasi_albert,200,15,connected,0.5,none,DWG,30,215.93333333333334,216.5,0.4325952565670036,8535.0,1.0
unit,barabasi_albert,200,15,connected,0.5,none,MS-RG-WT,30,217.43333333333334,217.0,0.6031182591334375,5819.433333333333,1.0
unit,barabasi_albert,200,15,dominating,0.0,none,CARE-DS,30,335.43333333333334,337.0,0.6858689295665575,8573.8,1.0
unit,barabasi_albert,200,15,dominating,0.0,none,D-EAA-ER,30,323.8,324.0,0.039833003766663405,949.2666666666667,1.0
unit,barabasi_albert,200,15,dominating,0.0,none,DWG,30,356.26666666666665,358.5,0.5632909983000294,16332.7,1.0
unit,barabasi_albert,200,15,dominating,0.0,none,MS-RG-WT,30,315.26666666666665,316.5,0.2845444328664977,11416.966666666667,1.0
unit,barabasi_albert,200,15,dominating,0.1,none,CARE-DS,30,326.3333333333333,329.0,0.4069179725335516,1388.2333333333333,1.0
unit,barabasi_albert,200,15,dominating,0.1,none,D-EAA-ER,30,317.26666666666665,315.0,0.04586177239992817,968.9,1.0
unit,barabasi_albert,200,15,dominating,0.1,none,DWG,30,324.7,328.0,0.5209568875333465,14753.866666666667,1.0
unit,barabasi_albert,200,15,dominating,0.1,none,MS-RG-WT,30,302.53333333333336,307.0,0.28720220733331797,10706.766666666666,1.0
unit,barabasi_albert,200,15,dominating,0.25,none,CARE-DS,30,315.6333333333333,316.5,0.30641920429993663,1087.0,1.0
unit,barabasi_albert,200,15,dominating,0.25,none,D-EAA-ER,30,317.2,315.0,0.043092670933413,954.1,1.0
unit,barabasi_albert,200,15,dominating,0.25,none,DWG,30,290.8,294.0,0.46710781343303626,13097.5,1.0
unit,barabasi_albert,200,15,dominating,0.25,none,MS-RG-WT,30,277.53333333333336,280.0,0.250886084999892,9324.433333333332,1.0
unit,barabasi_albert,200,15,dominating,0.5,none,CARE-DS,30,312.1,310.5,0.24518500456669393,970.2333333333333,1.0
unit,barabasi_albert,200,15,dominating,0.5,none,D-EAA-ER,30,314.6666666666667,312.5,0.0392681840001993,920.6333333333333,1.0
unit,barabasi_albert,200,15,dominating,0.5,none,DWG,30,248.53333333333333,250.0,0.39710480393332925,11024.966666666667,1.0
unit,barabasi_albert,200,15,dominating,0.5,none,MS-RG-WT,30,246.1,248.0,0.23336737093329699,7533.0,1.0
unit,barabasi_albert,200,25,connected,0.0,none,CARE-DS,30,453.0,454.5,1.0239970865000032,9510.233333333334,1.0
unit,barabasi_albert,200,25,connected,0.0,none,D-EAA-ER,30,445.96666666666664,446.0,0.47374044503339974,1094.9666666666667,1.0
unit,barabasi_albert,200,25,connected,0.0,none,DWG,30,498.6666666666667,496.0,0.9450491213665373,17404.733333333334,1.0
unit,barabasi_albert,200,25,connected,0.0,none,MS-RG-WT,30,448.46666666666664,452.5,1.0147505965666521,13218.966666666667,1.0
unit,barabasi_albert,200,25,connected,0.1,none,CARE-DS,30,439.6333333333333,442.5,0.8700526925333482,1584.6,1.0
unit,barabasi_albert,200,25,connected,0.1,none,D-EAA-ER,30,435.1,433.5,0.44540577826664957,1041.2,1.0
unit,barabasi_albert,200,25,connected,0.1,none,DWG,30,452.93333333333334,450.0,0.8125164717332761,15689.933333333332,1.0
unit,barabasi_albert,200,25,connected,0.1,none,MS-RG-WT,30,421.8,423.0,1.0319144051002391,12304.966666666667,1.0
unit,barabasi_albert,200,25,connected,0.25,none,CARE-DS,30,429.53333333333336,432.0,0.8336977600666311,1209.0333333333333,1.0
unit,barabasi_albert,200,25,connected,0.25,none,D-EAA-ER,30,434.56666666666666,433.0,0.43818318700001935,1030.8333333333333,1.0
unit,barabasi_albert,200,25,connected,0.25,none,DWG,30,403.7,404.0,0.7344157728668506,13911.366666666667,1.0
unit,barabasi_albert,200,25,connected,0.25,none,MS-RG-WT,30,386.6666666666667,390.0,0.9599069759666236,10818.466666666667,1.0
unit,barabasi_albert,200,25,connected,0.5,none,CARE-DS,30,423.93333333333334,422.0,0.7853024483998221,1054.7666666666667,1.0
unit,barabasi_albert,200,25,connected,0.5,none,D-EAA-ER,30,430.2,430.5,0.4383959320335028,982.6333333333333,1.0
unit,barabasi_albert,200,25,connected,0.5,none,DWG,30,343.46666666666664,344.0,0.6427704495334183,11797.5,1.0
unit,barabasi_albert,200,25,connected,0.5,none,MS-RG-WT,30,342.8,344.0,0.8905226544000471,8447.033333333333,1.0
unit,barabasi_albert,200,25,dominating,0.0,none,CARE-DS,30,483.73333333333335,485.5,0.9427610060998025,11196.633333333333,1.0
unit,barabasi_albert,200,25,dominating,0.0,none,D-EAA-ER,30,457.3666666666667,458.5,0.07113974339990814,1206.1333333333334,1.0
unit,barabasi_albert,200,25,dominating,0.0,none,DWG,30,538.8,535.0,0.7674221719664881,19947.533333333333,1.0
unit,barabasi_albert,200,25,dominating,0.0,none,MS-RG-WT,30,473.1,474.5,0.3992118902332853,14494.3,1.0
unit,barabasi_albert,200,25,dominating,0.1,none,CARE-DS,30,465.46666666666664,467.0,0.49875737786678653,1877.1666666666667,1.0
unit,barabasi_albert,200,25,dominating,0.1,none,D-EAA-ER,30,448.3,450.0,0.07495396483348786,1199.8666666666666,1.0
unit,barabasi_albert,200,25,dominating,0.1,none,DWG,30,487.6333333333333,486.0,0.6914104429001479,17968.666666666668,1.0
unit,barabasi_albert,200,25,dominating,0.1,none,MS-RG-WT,30,445.1666666666667,443.5,0.37796414719984267,13666.733333333334,1.0
unit,barabasi_albert,200,25,dominating,0.25,none,CARE-DS,30,455.76666666666665,455.5,0.3868256465665278,1384.6666666666667,1.0
unit,barabasi_albert,200,25,dominating,0.25,none,D-EAA-ER,30,448.0,448.0,0.07029951623347487,1185.3,1.0
unit,barabasi_albert,200,25,dominating,0.25,none,DWG,30,435.0,432.5,0.6004663580336153,15989.4,1.0
unit,barabasi_albert,200,25,dominating,0.25,none,MS-RG-WT,30,406.43333333333334,407.0,0.3452742087334627,11684.8,1.0
unit,barabasi_albert,200,25,dominating,0.5,none,CARE-DS,30,443.1,444.0,0.32723029450007746,1181.4333333333334,1.0
unit,barabasi_albert,200,25,dominating,0.5,none,D-EAA-ER,30,442.6666666666667,443.0,0.06926702496675712,1124.9333333333334,1.0
unit,barabasi_albert,200,25,dominating,0.5,none,DWG,30,369.56666666666666,367.5,0.5320244804332712,13485.733333333334,1.0
unit,barabasi_albert,200,25,dominating,0.5,none,MS-RG-WT,30,363.53333333333336,365.0,0.3359362351668096,9444.866666666667,1.0
unit,barabasi_albert,200,35,connected,0.0,none,CARE-DS,30,670.3333333333334,674.0,1.4952588187666456,12253.433333333332,1.0
unit,barabasi_albert,200,35,connected,0.0,none,D-EAA-ER,30,636.2666666666667,636.0,0.8653867612002311,1219.8,1.0
unit,barabasi_albert,200,35,connected,0.0,none,DWG,30,759.7,763.0,1.3126827100336718,20389.1,1.0
unit,barabasi_albert,200,35,connected,0.0,none,MS-RG-WT,30,670.4333333333333,671.5,1.5891363217334704,15966.7,1.0
unit,barabasi_albert,200,35,connected,0.1,none,CARE-DS,30,644.4,647.0,1.2968560735000816,1940.5,1.0
unit,barabasi_albert,200,35,connected,0.1,none,D-EAA-ER,30,625.2,625.5,0.8556995100333249,1190.8666666666666,1.0
unit,barabasi_albert,200,35,connected,0.1,none,DWG,30,685.3666666666667,689.5,1.1851908540669076,18260.3,1.0
unit,barabasi_albert,200,35,connected,0.1,none,MS-RG-WT,30,621.9,622.0,1.6940815663000952,14656.866666666667,1.0
unit,barabasi_albert,200,35,connected,0.25,none,CARE-DS,30,636.9666666666667,636.0,1.1642687804332732,1427.7,1.0
unit,barabasi_albert,200,35,connected,0.25,none,D-EAA-ER,30,625.5,624.0,0.8920958219667228,1170.0333333333333,1.0
unit,barabasi_albert,200,35,connected,0.25,none,DWG,30,607.5666666666667,611.0,1.0739268351999878,16172.9,1.0
unit,barabasi_albert,200,35,connected,0.25,none,MS-RG-WT,30,569.6,572.5,1.543378629999946,12695.766666666666,1.0
unit,barabasi_albert,200,35,connected,0.5,none,CARE-DS,30,620.7333333333333,624.0,1.103150000866602,1176.6,1.0
unit,barabasi_albert,200,35,connected,0.5,none,D-EAA-ER,30,618.7333333333333,616.0,0.8091032507667478,1100.4,1.0
unit,barabasi_albert,200,35,connected,0.5,none,DWG,30,512.6666666666666,514.0,0.8976733981333989,13590.066666666668,1.0
unit,barabasi_albert,200,35,connected,0.5,none,MS-RG-WT,30,505.26666666666665,501.0,1.415435841433282,10418.2,1.0
unit,barabasi_albert,200,35,dominating,0.0,none,CARE-DS,30,660.3,657.0,1.099221307599934,12537.766666666666,1.0
unit,barabasi_albert,200,35,dominating,0.0,none,D-EAA-ER,30,623.8333333333334,622.0,0.11006186363350325,1332.2333333333333,1.0
unit,barabasi_albert,200,35,dominating,0.0,none,DWG,30,765.7333333333333,766.5,0.9755371530333529,21562.066666666666,1.0
unit,barabasi_albert,200,35,dominating,0.0,none,MS-RG-WT,30,661.4333333333333,660.0,0.51679202289979,16408.4,1.0
unit,barabasi_albert,200,35,dominating,0.1,none,CARE-DS,30,639.0666666666667,641.5,0.630338111266489,2134.3333333333335,1.0
unit,barabasi_albert,200,35,dominating,0.1,none,D-EAA-ER,30,609.8,609.5,0.11546859790014419,1292.1,1.0
unit,barabasi_albert,200,35,dominating,0.1,none,DWG,30,689.1,690.0,0.887700576766656,19277.5,1.0
unit,barabasi_albert,200,35,dominating,0.1,none,MS-RG-WT,30,611.1,613.0,0.5158013012332958,15148.966666666667,1.0
unit,barabasi_albert,200,35,dominating,0.25,none,CARE-DS,30,627.9,625.5,0.4733716682000401,1592.2333333333333,1.0
unit,barabasi_albert,200,35,dominating,0.25,none,D-EAA-ER,30,609.4666666666667,607.5,0.11859962310008991,1257.8333333333333,1.0
unit,barabasi_albert,200,35,dominating,0.25,none,DWG,30,610.2333333333333,610.5,0.7884085231335121,17044.266666666666,1.0
unit,barabasi_albert,200,35,dominating,0.25,none,MS-RG-WT,30,559.4333333333333,561.5,0.48303386136679666,13218.866666666667,1.0
unit,barabasi_albert,200,35,dominating,0.5,none,CARE-DS,30,615.8,619.0,0.42295404459988883,1346.2,1.0
unit,barabasi_albert,200,35,dominating,0.5,none,D-EAA-ER,30,602.8,602.5,0.10857593856677943,1178.1666666666667,1.0
unit,barabasi_albert,200,35,dominating,0.5,none,DWG,30,514.9,514.5,0.6796239877668389,14373.966666666667,1.0
unit,barabasi_albert,200,35,dominating,0.5,none,MS-RG-WT,30,497.8,502.5,0.44614619940008804,10735.166666666666,1.0
unit,barabasi_albert,250,15,connected,0.0,none,CARE-DS,30,276.8333333333333,275.0,0.9025506317000084,8563.966666666667,1.0
unit,barabasi_albert,250,15,connected,0.0,none,D-EAA-ER,30,282.4,285.0,0.3584786668000864,1004.1,1.0
unit,barabasi_albert,250,15,connected,0.0,none,DWG,30,298.8666666666667,297.5,0.9194373072332989,15439.1,1.0
unit,barabasi_albert,250,15,connected,0.0,none,MS-RG-WT,30,266.26666666666665,266.0,0.9847065230999458,10641.633333333333,1.0
unit,barabasi_albert,250,15,connected,0.1,none,CARE-DS,30,269.8,272.5,0.8254918485332685,1383.7333333333333,1.0
unit,barabasi_albert,250,15,connected,0.1,none,D-EAA-ER,30,274.56666666666666,275.5,0.36954749516674684,983.6333333333333,1.0
unit,barabasi_albert,250,15,connected,0.1,none,DWG,30,272.43333333333334,272.5,0.7982720828999542,13881.533333333333,1.0
unit,barabasi_albert,250,15,connected,0.1,none,MS-RG-WT,30,258.96666666666664,258.5,1.076999935366742,10739.966666666667,1.0
unit,barabasi_albert,250,15,connected,0.25,none,CARE-DS,30,269.0,272.0,0.8546450370332422,1103.8,1.0
unit,barabasi_albert,250,15,connected,0.25,none,D-EAA-ER,30,274.6666666666667,275.5,0.3610099279666732,983.3666666666667,1.0
unit,barabasi_albert,250,15,connected,0.25,none,DWG,30,245.63333333333333,244.0,0.695911797233263,12393.133333333333,1.0
unit,barabasi_albert,250,15,connected,0.25,none,MS-RG-WT,30,236.1,237.0,1.0569471010000295,9126.766666666666,1.0
unit,barabasi_albert,250,15,connected,0.5,none,CARE-DS,30,262.96666666666664,263.0,0.8355050156666948,1001.3,1.0
unit,barabasi_albert,250,15,connected,0.5,none,D-EAA-ER,30,272.8,273.0,0.37887484526684906,948.5,1.0
unit,barabasi_albert,250,15,connected,0.5,none,DWG,30,211.16666666666666,211.0,0.613202893066591,10458.166666666666,1.0
unit,barabasi_albert,250,15,connected,0.5,none,MS-RG-WT,30,208.2,208.0,0.9732558334001321,7108.333333333333,1.0
unit,barabasi_albert,250,15,dominating,0.0,none,CARE-DS,30,334.0,337.0,0.9294809772998026,10614.133333333333,1.0
unit,barabasi_albert,250,15,dominating,0.0,none,D-EAA-ER,30,328.8,329.0,0.05533183923319784,1337.6666666666667,1.0
unit,barabasi_albert,250,15,dominating,0.0,none,DWG,30,348.5,347.5,0.7611623282334524,19837.766666666666,1.0
unit,barabasi_albert,250,15,dominating,0.0,none,MS-RG-WT,30,313.26666666666665,313.5,0.41687719263324347,14437.633333333333,1.0
unit,barabasi_albert,250,15,dominating,0.1,none,CARE-DS,30,320.4,317.5,0.5447111044331905,1882.0333333333333,1.0
unit,barabasi_albert,250,15,dominating,0.1,none,D-EAA-ER,30,320.6333333333333,323.5,0.06047430496649511,1329.6333333333334,1.0
unit,barabasi_albert,250,15,dominating,0.1,none,DWG,30,318.53333333333336,320.0,0.7127610826666568,17973.533333333333,1.0
unit,barabasi_albert,250,15,dominating,0.1,none,MS-RG-WT,30,299.6333333333333,300.0,0.3857756372665486,13635.7,1.0
unit,barabasi_albert,250,15,dominating,0.25,none,CARE-DS,30,312.03333333333336,310.0,0.39603154030022175,1478.2333333333333,1.0
unit,barabasi_albert,250,15,dominating,0.25,none,D-EAA-ER,30,321.1,325.5,0.061105787033435825,1317.0333333333333,1.0
unit,barabasi_albert,250,15,dominating,0.25,none,DWG,30,286.0,288.0,0.6316704825000367,16015.333333333334,1.0
unit,barabasi_albert,250,15,dominating,0.25,none,MS-RG-WT,30,270.93333333333334,271.0,0.35066743093320835,11618.633333333333,1.0
unit,barabasi_albert,250,15,dominating,0.5,none,CARE-DS,30,304.96666666666664,306.0,0.3549936821333783,1212.9333333333334,1.0
unit,barabasi_albert,250,15,dominating,0.5,none,D-EAA-ER,30,317.8,321.0,0.060014585233390434,1268.7,1.0
unit,barabasi_albert,250,15,dominating,0.5,none,DWG,30,245.86666666666667,244.5,0.5440154726333276,13579.266666666666,1.0
unit,barabasi_albert,250,15,dominating,0.5,none,MS-RG-WT,30,248.96666666666667,251.5,0.3428756252331368,9160.9,1.0
unit,barabasi_albert,250,25,connected,0.0,none,CARE-DS,30,436.56666666666666,436.0,1.3931833541334224,11295.1,1.0
unit,barabasi_albert,250,25,connected,0.0,none,D-EAA-ER,30,434.9,440.5,0.7174760456667476,1352.4,1.0
unit,barabasi_albert,250,25,connected,0.0,none,DWG,30,483.1333333333333,489.5,1.2503453545999945,21005.633333333335,1.0
unit,barabasi_albert,250,25,connected,0.0,none,MS-RG-WT,30,429.56666666666666,432.5,1.4284992936331642,15637.233333333334,1.0
unit,barabasi_albert,250,25,connected,0.1,none,CARE-DS,30,425.1,429.0,1.284787587299949,2006.4666666666667,1.0
unit,barabasi_albert,250,25,connected,0.1,none,D-EAA-ER,30,427.23333333333335,428.5,0.6699647614997957,1332.4,1.0
unit,barabasi_albert,250,25,connected,0.1,none,DWG,30,438.23333333333335,442.0,1.0525083662333297,18851.666666666668,1.0
unit,barabasi_albert,250,25,connected,0.1,none,MS-RG-WT,30,409.53333333333336,411.0,1.4232961817670609,14883.533333333333,1.0
unit,barabasi_albert,250,25,connected,0.25,none,CARE-DS,30,418.93333333333334,422.0,1.2627403245000095,1535.4333333333334,1.0
unit,barabasi_albert,250,25,connected,0.25,none,D-EAA-ER,30,426.9,428.5,0.7339592319667039,1333.9666666666667,1.0
unit,barabasi_albert,250,25,connected,0.25,none,DWG,30,391.7,395.5,0.9604181149665844,16786.966666666667,1.0
unit,barabasi_albert,250,25,connected,0.25,none,MS-RG-WT,30,373.56666666666666,377.5,1.4544460992333674,12555.866666666667,1.0
unit,barabasi_albert,250,25,connected,0.5,none,CARE-DS,30,407.7,410.0,1.2180376525000005,1305.8,1.0
unit,barabasi_albert,250,25,connected,0.5,none,D-EAA-ER,30,422.1,422.5,0.6762646522999299,1255.1666666666667,1.0
unit,barabasi_albert,250,25,connected,0.5,none,DWG,30,332.6666666666667,335.5,0.8078971098998106,14125.733333333334,1.0
unit,barabasi_albert,250,25,connected,0.5,none,MS-RG-WT,30,336.6,340.5,1.3169530077665816,10120.8,1.0
unit,barabasi_albert,250,25,dominating,0.0,none,CARE-DS,30,473.6,473.5,1.136152138466605,13142.2,1.0
unit,barabasi_albert,250,25,dominating,0.0,none,D-EAA-ER,30,456.3333333333333,459.5,0.09499037296651897,1594.1,1.0
unit,barabasi_albert,250,25,dominating,0.0,none,DWG,30,521.5333333333333,522.5,1.0351301330666198,24116.9,1.0
unit,barabasi_albert,250,25,dominating,0.0,none,MS-RG-WT,30,459.26666666666665,465.0,0.5104757483665404,17377.133333333335,1.0
unit,barabasi_albert,250,25,dominating,0.1,none,CARE-DS,30,452.3666666666667,454.0,0.6646604903000479,2355.5666666666666,1.0
unit,barabasi_albert,250,25,dominating,0.1,none,D-EAA-ER,30,448.6666666666667,450.0,0.09282475996678836,1593.8333333333333,1.0
unit,barabasi_albert,250,25,dominating,0.1,none,DWG,30,472.46666666666664,477.0,0.9065530575665738,21652.266666666666,1.0
unit,barabasi_albert,250,25,dominating,0.1,none,MS-RG-WT,30,431.53333333333336,437.5,0.48508729619989027,16214.666666666666,1.0
unit,barabasi_albert,250,25,dominating,0.25,none,CARE-DS,30,444.6666666666667,447.5,0.48346664963331326,1796.9333333333334,1.0
unit,barabasi_albert,250,25,dominating,0.25,none,D-EAA-ER,30,449.03333333333336,450.0,0.09164523976687629,1587.2666666666667,1.0
unit,barabasi_albert,250,25,dominating,0.25,none,DWG,30,421.6,423.0,0.8044266191665277,19263.0,1.0
unit,barabasi_albert,250,25,dominating,0.25,none,MS-RG-WT,30,396.8333333333333,406.0,0.4392095078999773,13824.9,1.0
unit,barabasi_albert,250,25,dominating,0.5,none,CARE-DS,30,433.2,435.0,0.4076473730001453,1529.2,1.0
unit,barabasi_albert,250,25,dominating,0.5,none,D-EAA-ER,30,441.5,442.0,0.08687248443353984,1480.5,1.0
unit,barabasi_albert,250,25,dominating,0.5,none,DWG,30,359.3,363.0,0.6719143250998968,16388.133333333335,1.0
unit,barabasi_albert,250,25,dominating,0.5,none,MS-RG-WT,30,356.76666666666665,360.5,0.4009583066999767,11351.166666666666,1.0
unit,barabasi_albert,250,35,connected,0.0,none,CARE-DS,30,652.3666666666667,649.5,2.5098230088999722,14884.966666666667,1.0
unit,barabasi_albert,250,35,connected,0.0,none,D-EAA-ER,30,629.4,630.0,1.3762091520668036,1603.3333333333333,1.0
unit,barabasi_albert,250,35,connected,0.0,none,DWG,30,743.4333333333333,742.0,1.749204601933343,25399.866666666665,1.0
unit,barabasi_albert,250,35,connected,0.0,none,MS-RG-WT,30,649.9333333333333,650.5,2.4002719149334855,19497.466666666667,1.0
unit,barabasi_albert,250,35,connected,0.1,none,CARE-DS,30,630.1666666666666,628.0,2.0865656903666907,2542.366666666667,1.0
unit,barabasi_albert,250,35,connected,0.1,none,D-EAA-ER,30,619.2333333333333,620.0,1.3414449273664408,1599.8,1.0
unit,barabasi_albert,250,35,connected,0.1,none,DWG,30,670.6666666666666,670.0,1.5899025940667344,22715.133333333335,1.0
unit,barabasi_albert,250,35,connected,0.1,none,MS-RG-WT,30,605.8666666666667,606.5,2.416098275333085,18154.6,1.0
unit,barabasi_albert,250,35,connected,0.25,none,CARE-DS,30,616.8666666666667,615.0,2.0030964708334675,1877.0333333333333,1.0
unit,barabasi_albert,250,35,connected,0.25,none,D-EAA-ER,30,617.6333333333333,618.5,1.397177802600345,1578.4666666666667,1.0
unit,barabasi_albert,250,35,connected,0.25,none,DWG,30,594.9333333333333,594.0,1.3799455077329792,20113.333333333332,1.0
unit,barabasi_albert,250,35,connected,0.25,none,MS-RG-WT,30,552.2,554.5,2.1868578108667256,15849.4,1.0
unit,barabasi_albert,250,35,connected,0.5,none,CARE-DS,30,602.2,601.5,1.906685194266629,1609.1666666666667,1.0
unit,barabasi_albert,250,35,connected,0.5,none,D-EAA-ER,30,610.0333333333333,609.5,1.3624483523331947,1455.2333333333333,1.0
unit,barabasi_albert,250,35,connected,0.5,none,DWG,30,502.06666666666666,501.5,1.2073393311334562,16941.066666666666,1.0
unit,barabasi_albert,250,35,connected,0.5,none,MS-RG-WT,30,494.6,497.0,2.088447468033458,12659.633333333333,1.0
unit,barabasi_albert,250,35,dominating,0.0,none,CARE-DS,30,650.6,647.5,1.4600837449332176,16034.4,1.0
unit,barabasi_albert,250,35,dominating,0.0,none,D-EAA-ER,30,617.1,620.5,0.1338172737669083,1726.0666666666666,1.0
unit,barabasi_albert,250,35,dominating,0.0,none,DWG,30,756.6333333333333,754.5,1.3695242384334658,26855.5,1.0
unit,barabasi_albert,250,35,dominating,0.0,none,MS-RG-WT,30,648.7,648.5,0.7288583525668098,19949.366666666665,1.0
unit,barabasi_albert,250,35,dominating,0.1,none,CARE-DS,30,627.0666666666667,627.0,0.8222724730333236,2766.9,1.0
unit,barabasi_albert,250,35,dominating,0.1,none,D-EAA-ER,30,605.4,608.0,0.143360251333191,1693.9666666666667,1.0
unit,barabasi_albert,250,35,dominating,0.1,none,DWG,30,679.7666666666667,675.5,1.2087633156333444,23925.433333333334,1.0
unit,barabasi_albert,250,35,dominating,0.1,none,MS-RG-WT,30,601.2,599.0,0.6687817958665618,18516.433333333334,1.0
unit,barabasi_albert,250,35,dominating,0.25,none,CARE-DS,30,617.8333333333334,615.5,0.62359579999993,2040.3333333333333,1.0
unit,barabasi_albert,250,35,dominating,0.25,none,D-EAA-ER,30,604.0,607.5,0.14149115406659496,1635.4666666666667,1.0
unit,barabasi_albert,250,35,dominating,0.25,none,DWG,30,602.7333333333333,598.5,1.0804606018997827,21215.433333333334,1.0
unit,barabasi_albert,250,35,dominating,0.25,none,MS-RG-WT,30,552.6,551.5,0.6269148615001541,16030.6,1.0
unit,barabasi_albert,250,35,dominating,0.5,none,CARE-DS,30,604.0333333333333,603.0,0.5457165338000171,1760.4,1.0
unit,barabasi_albert,250,35,dominating,0.5,none,D-EAA-ER,30,595.9333333333333,599.0,0.14199360336673025,1516.5,1.0
unit,barabasi_albert,250,35,dominating,0.5,none,DWG,30,508.3333333333333,506.0,0.9279311691998979,17867.0,1.0
unit,barabasi_albert,250,35,dominating,0.5,none,MS-RG-WT,30,491.73333333333335,491.5,0.577592388566821,13218.666666666666,1.0
unit,barabasi_albert,500,15,connected,0.0,none,CARE-DS,30,263.6333333333333,262.5,4.298206520966717,14823.433333333332,1.0
unit,barabasi_albert,500,15,connected,0.0,none,D-EAA-ER,30,274.96666666666664,275.5,1.8919987197335406,2111.9333333333334,1.0
unit,barabasi_albert,500,15,connected,0.0,none,DWG,30,282.2,281.5,2.470593641233427,28437.233333333334,1.0
unit,barabasi_albert,500,15,connected,0.0,none,MS-RG-WT,30,252.3,252.0,3.8540925639999233,19519.533333333333,1.0
unit,barabasi_albert,500,15,connected,0.1,none,CARE-DS,30,255.2,254.0,3.899997119466631,2779.9,1.0
unit,barabasi_albert,500,15,connected,0.1,none,D-EAA-ER,30,269.8,271.5,1.921553269266527,2108.733333333333,1.0
unit,barabasi_albert,500,15,connected,0.1,none,DWG,30,258.46666666666664,258.5,2.098850832066637,25653.6,1.0
unit,barabasi_albert,500,15,connected,0.1,none,MS-RG-WT,30,245.13333333333333,242.5,4.331433345400001,19418.366666666665,1.0
unit,barabasi_albert,500,15,connected,0.25,none,CARE-DS,30,258.26666666666665,258.0,4.0769624227666705,2357.4,1.0
unit,barabasi_albert,500,15,connected,0.25,none,D-EAA-ER,30,269.0,269.5,1.836216125033146,2083.9666666666667,1.0
unit,barabasi_albert,500,15,connected,0.25,none,DWG,30,233.3,232.0,1.85249007566678,22827.8,1.0
unit,barabasi_albert,500,15,connected,0.25,none,MS-RG-WT,30,228.93333333333334,225.5,4.070877296400007,17010.833333333332,1.0
unit,barabasi_albert,500,15,connected,0.5,none,CARE-DS,30,253.96666666666667,253.5,3.6720308732665825,2103.6,1.0
unit,barabasi_albert,500,15,connected,0.5,none,D-EAA-ER,30,266.93333333333334,268.0,1.8224366365665143,1982.4666666666667,1.0
unit,barabasi_albert,500,15,connected,0.5,none,DWG,30,202.23333333333332,203.5,1.573833177799861,19310.2,1.0
unit,barabasi_albert,500,15,connected,0.5,none,MS-RG-WT,30,210.1,210.5,4.170461038900005,13047.833333333334,1.0
unit,barabasi_albert,500,15,dominating,0.0,none,CARE-DS,30,321.8666666666667,323.0,2.1750330480334013,20025.3,1.0
unit,barabasi_albert,500,15,dominating,0.0,none,D-EAA-ER,30,318.3333333333333,318.5,0.1249245128330585,2710.0333333333333,1.0
unit,barabasi_albert,500,15,dominating,0.0,none,DWG,30,332.03333333333336,334.5,1.9594811323000008,36746.03333333333,1.0
unit,barabasi_albert,500,15,dominating,0.0,none,MS-RG-WT,30,296.3333333333333,297.5,0.9343542496000736,25590.433333333334,1.0
unit,barabasi_albert,500,15,dominating,0.1,none,CARE-DS,30,309.1666666666667,310.5,1.3261154981334282,3703.8,1.0
unit,barabasi_albert,500,15,dominating,0.1,none,D-EAA-ER,30,311.1,313.0,0.13578907923329095,2672.5333333333333,1.0
unit,barabasi_albert,500,15,dominating,0.1,none,DWG,30,302.96666666666664,305.0,1.8810364121332896,33197.666666666664,1.0
unit,barabasi_albert,500,15,dominating,0.1,none,MS-RG-WT,30,285.03333333333336,285.5,0.9849298631001148,24101.3,1.0
unit,barabasi_albert,500,15,dominating,0.25,none,CARE-DS,30,302.23333333333335,303.0,1.0121373990666447,3022.8,1.0
unit,barabasi_albert,500,15,dominating,0.25,none,D-EAA-ER,30,311.43333333333334,312.0,0.1261410473666425,2686.766666666667,1.0
unit,barabasi_albert,500,15,dominating,0.25,none,DWG,30,272.6,273.5,1.622307422799895,29494.366666666665,1.0
unit,barabasi_albert,500,15,dominating,0.25,none,MS-RG-WT,30,261.8,260.5,0.8204385924665378,20487.933333333334,1.0
unit,barabasi_albert,500,15,dominating,0.5,none,CARE-DS,30,296.8,298.0,0.840276629133344,2732.1,1.0
unit,barabasi_albert,500,15,dominating,0.5,none,D-EAA-ER,30,307.6666666666667,308.5,0.12070691503322448,2474.4,1.0
unit,barabasi_albert,500,15,dominating,0.5,none,DWG,30,234.36666666666667,232.5,1.3465848876001474,24919.866666666665,1.0
unit,barabasi_albert,500,15,dominating,0.5,none,MS-RG-WT,30,238.96666666666667,239.0,0.7384539799000777,16983.4,1.0
unit,barabasi_albert,500,25,connected,0.0,none,CARE-DS,30,411.93333333333334,415.0,6.162896289966648,22877.766666666666,1.0
unit,barabasi_albert,500,25,connected,0.0,none,D-EAA-ER,30,422.76666666666665,423.5,3.7532754762667535,2913.133333333333,1.0
unit,barabasi_albert,500,25,connected,0.0,none,DWG,30,447.56666666666666,443.5,3.3985319110334484,38832.5,1.0
unit,barabasi_albert,500,25,connected,0.0,none,MS-RG-WT,30,406.76666666666665,408.5,6.37137522323325,29845.9,1.0
unit,barabasi_albert,500,25,connected,0.1,none,CARE-DS,30,402.73333333333335,401.5,5.86023017376677,3990.3,1.0
unit,barabasi_albert,500,25,connected,0.1,none,D-EAA-ER,30,413.8333333333333,412.0,3.858622879666776,2916.733333333333,1.0
unit,barabasi_albert,500,25,connected,0.1,none,DWG,30,407.1333333333333,402.5,2.9348487080336176,34937.86666666667,1.0
unit,barabasi_albert,500,25,connected,0.1,none,MS-RG-WT,30,383.76666666666665,386.5,6.579296226366508,27660.8,1.0
unit,barabasi_albert,500,25,connected,0.25,none,CARE-DS,30,396.23333333333335,399.5,5.894035332500001,3282.3,1.0
unit,barabasi_albert,500,25,connected,0.25,none,D-EAA-ER,30,413.53333333333336,415.0,3.7626692158334967,2884.4,1.0
unit,barabasi_albert,500,25,connected,0.25,none,DWG,30,364.43333333333334,361.0,2.6383181937000093,31071.533333333333,1.0
unit,barabasi_albert,500,25,connected,0.25,none,MS-RG-WT,30,354.2,355.5,6.483897745066679,23860.966666666667,1.0
unit,barabasi_albert,500,25,connected,0.5,none,CARE-DS,30,387.06666666666666,386.5,5.981319839199932,2862.6666666666665,1.0
unit,barabasi_albert,500,25,connected,0.5,none,D-EAA-ER,30,408.8333333333333,408.5,3.797290659066554,2739.1666666666665,1.0
unit,barabasi_albert,500,25,connected,0.5,none,DWG,30,310.6,310.0,2.2015123999666684,26181.033333333333,1.0
unit,barabasi_albert,500,25,connected,0.5,none,MS-RG-WT,30,316.53333333333336,319.5,5.984802703100164,19605.7,1.0
unit,barabasi_albert,500,25,dominating,0.0,none,CARE-DS,30,459.8,460.0,2.817160377233267,24481.7,1.0
unit,barabasi_albert,500,25,dominating,0.0,none,D-EAA-ER,30,447.4,448.0,0.20408901683349537,3340.1,1.0
unit,barabasi_albert,500,25,dominating,0.0,none,DWG,30,499.53333333333336,498.5,2.9196147641999537,45768.26666666667,1.0
unit,barabasi_albert,500,25,dominating,0.0,none,MS-RG-WT,30,443.3333333333333,444.5,1.4395491064333328,32395.7,1.0
unit,barabasi_albert,500,25,dominating,0.1,none,CARE-DS,30,441.06666666666666,442.0,1.7267714365666202,4818.866666666667,1.0
unit,barabasi_albert,500,25,dominating,0.1,none,D-EAA-ER,30,439.2,438.5,0.20981663393352692,3304.6666666666665,1.0
unit,barabasi_albert,500,25,dominating,0.1,none,DWG,30,454.26666666666665,452.5,2.5784215435998705,41290.933333333334,1.0
unit,barabasi_albert,500,25,dominating,0.1,none,MS-RG-WT,30,418.26666666666665,414.5,1.216072095333402,30680.366666666665,1.0
unit,barabasi_albert,500,25,dominating,0.25,none,CARE-DS,30,435.6333333333333,434.5,1.3203186145000776,3947.9666666666667,1.0
unit,barabasi_albert,500,25,dominating,0.25,none,D-EAA-ER,30,439.76666666666665,438.5,0.21263836850005946,3291.4,1.0
unit,barabasi_albert,500,25,dominating,0.25,none,DWG,30,405.8333333333333,406.5,2.3238130762333338,36689.933333333334,1.0
unit,barabasi_albert,500,25,dominating,0.25,none,MS-RG-WT,30,386.26666666666665,387.5,1.1020770744664332,26493.833333333332,1.0
unit,barabasi_albert,500,25,dominating,0.5,none,CARE-DS,30,423.3666666666667,420.0,1.122084881633297,3434.0666666666666,1.0
unit,barabasi_albert,500,25,dominating,0.5,none,D-EAA-ER,30,433.3,433.0,0.2014340103000601,3107.6,1.0
unit,barabasi_albert,500,25,dominating,0.5,none,DWG,30,344.9,341.5,1.9409363135335904,30906.533333333333,1.0
unit,barabasi_albert,500,25,dominating,0.5,none,MS-RG-WT,30,348.23333333333335,346.0,1.0027853500331427,21153.1,1.0
unit,barabasi_albert,500,35,connected,0.0,none,CARE-DS,30,611.8,613.0,16.598755104500047,29906.833333333332,1.0
unit,barabasi_albert,500,35,connected,0.0,none,D-EAA-ER,30,599.8333333333334,602.0,7.764849300166706,3571.633333333333,1.0
unit,barabasi_albert,500,35,connected,0.0,none,DWG,30,701.9,709.5,5.180298337033483,49092.566666666666,1.0
unit,barabasi_albert,500,35,connected,0.0,none,MS-RG-WT,30,609.7666666666667,615.0,10.704694165033368,36342.566666666666,1.0
unit,barabasi_albert,500,35,connected,0.1,none,CARE-DS,30,594.2666666666667,596.0,11.834018731699961,5589.6,1.0
unit,barabasi_albert,500,35,connected,0.1,none,D-EAA-ER,30,587.6,586.5,7.739963927066738,3455.1,1.0
unit,barabasi_albert,500,35,connected,0.1,none,DWG,30,632.9333333333333,634.5,4.50220671460008,43781.6,1.0
unit,barabasi_albert,500,35,connected,0.1,none,MS-RG-WT,30,573.3333333333334,574.0,11.02834909576666,34379.76666666667,1.0
unit,barabasi_albert,500,35,connected,0.25,none,CARE-DS,30,584.2333333333333,586.5,9.58472294876677,4281.833333333333,1.0
unit,barabasi_albert,500,35,connected,0.25,none,D-EAA-ER,30,586.1666666666666,588.0,7.594028658333392,3398.0666666666666,1.0
unit,barabasi_albert,500,35,connected,0.25,none,DWG,30,563.7,571.0,3.9712048782668794,38977.5,1.0
unit,barabasi_albert,500,35,connected,0.25,none,MS-RG-WT,30,525.5333333333333,526.5,10.51816071500009,29880.133333333335,1.0
unit,barabasi_albert,500,35,connected,0.5,none,CARE-DS,30,569.7333333333333,572.5,13.802607212700028,3690.4666666666667,1.0
unit,barabasi_albert,500,35,connected,0.5,none,D-EAA-ER,30,579.1666666666666,577.5,7.5698762044666905,3205.6,1.0
unit,barabasi_albert,500,35,connected,0.5,none,DWG,30,475.9,479.5,3.3757430834333944,32751.666666666668,1.0
unit,barabasi_albert,500,35,connected,0.5,none,MS-RG-WT,30,471.7,472.0,9.901588843166644,24004.3,1.0
unit,barabasi_albert,500,35,dominating,0.0,none,CARE-DS,30,628.0333333333333,627.5,3.5424309067998667,29599.133333333335,1.0
unit,barabasi_albert,500,35,dominating,0.0,none,D-EAA-ER,30,602.1666666666666,603.5,0.34482807596679094,3781.1666666666665,1.0
unit,barabasi_albert,500,35,dominating,0.0,none,DWG,30,734.6333333333333,736.5,4.246218524533087,52440.6,1.0
unit,barabasi_albert,500,35,dominating,0.0,none,MS-RG-WT,30,624.6333333333333,627.5,1.9862272908000478,37430.9,1.0
unit,barabasi_albert,500,35,dominating,0.1,none,CARE-DS,30,605.5666666666667,606.5,2.2495744885666644,6034.5,1.0
unit,barabasi_albert,500,35,dominating,0.1,none,D-EAA-ER,30,590.2,592.5,0.32964347906657093,3586.0,1.0
unit,barabasi_albert,500,35,dominating,0.1,none,DWG,30,656.8,659.0,3.6844003713664772,46385.23333333333,1.0
unit,barabasi_albert,500,35,dominating,0.1,none,MS-RG-WT,30,581.8666666666667,586.5,1.7655999382330985,34761.2,1.0
unit,barabasi_albert,500,35,dominating,0.25,none,CARE-DS,30,594.9666666666667,597.5,1.7331064525997286,4531.533333333334,1.0
unit,barabasi_albert,500,35,dominating,0.25,none,D-EAA-ER,30,588.8333333333334,591.5,0.34261138510002714,3487.366666666667,1.0
unit,barabasi_albert,500,35,dominating,0.25,none,DWG,30,583.6,586.0,3.4865359925334514,41122.46666666667,1.0
unit,barabasi_albert,500,35,dominating,0.25,none,MS-RG-WT,30,534.3,535.0,1.5800432298666314,30640.5,1.0
unit,barabasi_albert,500,35,dominating,0.5,none,CARE-DS,30,582.1333333333333,580.5,1.5703288333666023,3942.5666666666666,1.0
unit,barabasi_albert,500,35,dominating,0.5,none,D-EAA-ER,30,579.5,581.5,0.3210736824997828,3205.766666666667,1.0
unit,barabasi_albert,500,35,dominating,0.5,none,DWG,30,493.0,494.0,2.9507413954665176,34694.7,1.0
unit,barabasi_albert,500,35,dominating,0.5,none,MS-RG-WT,30,483.4,485.5,1.5689757649668006,24910.333333333332,1.0
unit,clustered,50,15,connected,0.0,none,CARE-DS,30,216.23333333333332,225.0,0.11121638893346239,988.0,1.0
unit,clustered,50,15,connected,0.0,none,D-EAA-ER,30,216.86666666666667,217.5,0.01213536529994594,76.13333333333334,1.0
unit,clustered,50,15,connected,0.0,none,DWG,30,225.3,225.0,0.07871321146673527,2315.4,1.0
unit,clustered,50,15,connected,0.0,none,MS-RG-WT,30,222.06666666666666,225.5,0.059990461633333284,1390.5333333333333,1.0
unit,clustered,50,15,connected,0.1,none,CARE-DS,30,209.0,213.5,0.08271971573337088,91.36666666666666,1.0
unit,clustered,50,15,connected,0.1,none,D-EAA-ER,30,213.56666666666666,213.5,0.014715297433273567,77.3,1.0
unit,clustered,50,15,connected,0.1,none,DWG,30,204.93333333333334,208.0,0.07269702713335084,2104.733333333333,1.0
unit,clustered,50,15,connected,0.1,none,MS-RG-WT,30,206.7,203.5,0.061019960733392456,1394.5666666666666,1.0
unit,clustered,50,15,connected,0.25,none,CARE-DS,30,213.7,219.5,0.06755462826668004,75.73333333333333,1.0
unit,clustered,50,15,connected,0.25,none,D-EAA-ER,30,213.53333333333333,213.5,0.013431471633430147,77.23333333333333,1.0
unit,clustered,50,15,connected,0.25,none,DWG,30,184.06666666666666,189.5,0.0667825824332491,1869.5333333333333,1.0
unit,clustered,50,15,connected,0.25,none,MS-RG-WT,30,193.96666666666667,197.5,0.06854304323333049,1109.9333333333334,1.0
unit,clustered,50,15,connected,0.5,none,CARE-DS,30,210.83333333333334,219.5,0.05631042303336164,64.1,1.0
unit,clustered,50,15,connected,0.5,none,D-EAA-ER,30,213.13333333333333,213.0,0.014365387133390526,76.9,1.0
unit,clustered,50,15,connected,0.5,none,DWG,30,158.03333333333333,165.5,0.05908831370009764,1583.2333333333333,1.0
unit,clustered,50,15,connected,0.5,none,MS-RG-WT,30,177.5,191.5,0.06160079263339256,932.1,1.0
unit,clustered,50,15,dominating,0.0,none,CARE-DS,30,363.3333333333333,369.0,0.10773471459991314,2127.9666666666667,1.0
unit,clustered,50,15,dominating,0.0,none,D-EAA-ER,30,358.3666666666667,369.0,0.009638873800001077,94.83333333333333,1.0
unit,clustered,50,15,dominating,0.0,none,DWG,30,363.93333333333334,369.0,0.09424530703336126,3282.0666666666666,1.0
unit,clustered,50,15,dominating,0.0,none,MS-RG-WT,30,362.6666666666667,369.0,0.06388059446662733,2349.633333333333,1.0
unit,clustered,50,15,dominating,0.1,none,CARE-DS,30,356.8333333333333,363.5,0.0789961547334011,102.16666666666667,1.0
unit,clustered,50,15,dominating,0.1,none,D-EAA-ER,30,352.2,362.5,0.01070225770005583,93.0,1.0
unit,clustered,50,15,dominating,0.1,none,DWG,30,329.4,334.0,0.08666060200002898,2964.3333333333335,1.0
unit,clustered,50,15,dominating,0.1,none,MS-RG-WT,30,335.1666666666667,340.5,0.06359053599999238,2002.9,1.0
unit,clustered,50,15,dominating,0.25,none,CARE-DS,30,356.26666666666665,363.5,0.055459834799997484,88.9,1.0
unit,clustered,50,15,dominating,0.25,none,D-EAA-ER,30,352.1666666666667,362.5,0.011182759800036916,92.86666666666666,1.0
unit,clustered,50,15,dominating,0.25,none,DWG,30,292.1,298.0,0.07660584443334903,2616.133333333333,1.0
unit,clustered,50,15,dominating,0.25,none,MS-RG-WT,30,306.46666666666664,309.5,0.059890303433257894,1793.4333333333334,1.0
unit,clustered,50,15,dominating,0.5,none,CARE-DS,30,354.4,362.0,0.0389774437000293,78.63333333333334,1.0
unit,clustered,50,15,dominating,0.5,none,D-EAA-ER,30,351.5,361.5,0.011277482166709226,91.43333333333334,1.0
unit,clustered,50,15,dominating,0.5,none,DWG,30,246.53333333333333,250.5,0.06308495516668695,2195.0333333333333,1.0
unit,clustered,50,15,dominating,0.5,none,MS-RG-WT,30,271.6333333333333,280.0,0.05126696853324873,1418.9666666666667,1.0
unit,clustered,50,25,connected,0.0,none,CARE-DS,30,629.7,665.0,0.19370471079992055,2546.5666666666666,1.0
unit,clustered,50,25,connected,0.0,none,D-EAA-ER,30,629.6,665.0,0.03853750956665555,117.86666666666666,1.0
unit,clustered,50,25,connected,0.0,none,DWG,30,654.7666666666667,695.0,0.1656061346999801,3622.4333333333334,1.0
unit,clustered,50,25,connected,0.0,none,MS-RG-WT,30,648.3,679.5,0.14158575076677757,2988.3333333333335,1.0
unit,clustered,50,25,connected,0.1,none,CARE-DS,30,608.0333333333333,637.5,0.1557733126666183,127.43333333333334,1.0
unit,clustered,50,25,connected,0.1,none,D-EAA-ER,30,620.2,649.0,0.04306632606670362,114.46666666666667,1.0
unit,clustered,50,25,connected,0.1,none,DWG,30,588.8333333333334,629.0,0.14853475256665355,3275.366666666667,1.0
unit,clustered,50,25,connected,0.1,none,MS-RG-WT,30,591.4,614.0,0.146752764266633,2678.266666666667,1.0
unit,clustered,50,25,connected,0.25,none,CARE-DS,30,608.1,652.5,0.11543011586663847,107.93333333333334,1.0
unit,clustered,50,25,connected,0.25,none,D-EAA-ER,30,620.0666666666667,649.0,0.039442703733311595,114.26666666666667,1.0
unit,clustered,50,25,connected,0.25,none,DWG,30,519.3,559.0,0.13062829596668352,2877.2,1.0
unit,clustered,50,25,connected,0.25,none,MS-RG-WT,30,533.4666666666667,552.5,0.1365436411999326,2396.2,1.0
unit,clustered,50,25,connected,0.5,none,CARE-DS,30,604.5,635.0,0.09020806860004688,94.53333333333333,1.0
unit,clustered,50,25,connected,0.5,none,D-EAA-ER,30,619.0666666666667,646.5,0.041966217300129414,113.7,1.0
unit,clustered,50,25,connected,0.5,none,DWG,30,434.4,467.0,0.11185158083335404,2391.4,1.0
unit,clustered,50,25,connected,0.5,none,MS-RG-WT,30,465.53333333333336,483.0,0.12781947976664013,1858.5,1.0
unit,clustered,50,25,dominating,0.0,none,CARE-DS,30,758.1666666666666,791.5,0.1773598048334558,3552.3,1.0
unit,clustered,50,25,dominating,0.0,none,D-EAA-ER,30,753.9,787.0,0.021903798333399466,126.5,1.0
unit,clustered,50,25,dominating,0.0,none,DWG,30,759.6333333333333,791.5,0.16207987446675054,4500.7,1.0
unit,clustered,50,25,dominating,0.0,none,MS-RG-WT,30,756.4666666666667,790.0,0.10921797896665637,3666.5333333333333,1.0
unit,clustered,50,25,dominating,0.1,none,CARE-DS,30,746.1,779.0,0.1324295357667324,136.7,1.0
unit,clustered,50,25,dominating,0.1,none,D-EAA-ER,30,741.8,772.0,0.024880392933300723,125.7,1.0
unit,clustered,50,25,dominating,0.1,none,DWG,30,685.2333333333333,713.0,0.13845635826664873,4056.233333333333,1.0
unit,clustered,50,25,dominating,0.1,none,MS-RG-WT,30,694.1333333333333,723.0,0.1200349883667513,3253.866666666667,1.0
unit,clustered,50,25,dominating,0.25,none,CARE-DS,30,748.6666666666666,778.5,0.09526190280002989,120.93333333333334,1.0
unit,clustered,50,25,dominating,0.25,none,D-EAA-ER,30,741.7,772.0,0.02434671223342466,125.63333333333334,1.0
unit,clustered,50,25,dominating,0.25,none,DWG,30,604.6,628.5,0.12789454353336013,3574.1,1.0
unit,clustered,50,25,dominating,0.25,none,MS-RG-WT,30,624.9666666666667,654.5,0.10125701323328633,2855.3333333333335,1.0
unit,clustered,50,25,dominating,0.5,none,CARE-DS,30,745.8666666666667,779.0,0.06309312136660684,105.73333333333333,1.0
unit,clustered,50,25,dominating,0.5,none,D-EAA-ER,30,739.7666666666667,770.0,0.0248712710999825,124.2,1.0
unit,clustered,50,25,dominating,0.5,none,DWG,30,505.9,526.5,0.10771866103335313,2980.5333333333333,1.0
unit,clustered,50,25,dominating,0.5,none,MS-RG-WT,30,545.9333333333333,573.0,0.09022513086668667,2284.7,1.0
unit,clustered,50,35,connected,0.0,none,CARE-DS,30,1606.7,970.5,0.3378600000333184,3099.1666666666665,1.0
unit,clustered,50,35,connected,0.0,none,D-EAA-ER,30,1602.8666666666666,964.0,0.07330578463333945,100.93333333333334,1.0
unit,clustered,50,35,connected,0.0,none,DWG,30,1615.0666666666666,984.5,0.2926690954000757,3565.7,1.0
unit,clustered,50,35,connected,0.0,none,MS-RG-WT,30,1607.0333333333333,964.0,0.2920467655999649,3209.8333333333335,1.0
unit,clustered,50,35,connected,0.1,none,CARE-DS,30,1578.2333333333333,944.5,0.28474666423338324,102.33333333333333,1.0
unit,clustered,50,35,connected,0.1,none,D-EAA-ER,30,1589.0,948.5,0.08265449433329189,101.06666666666666,1.0
unit,clustered,50,35,connected,0.1,none,DWG,30,1520.5666666666666,886.5,0.2853612352000406,3216.1,1.0
unit,clustered,50,35,connected,0.1,none,MS-RG-WT,30,1525.4666666666667,885.5,0.294818258900068,2834.3333333333335,1.0
unit,clustered,50,35,connected,0.25,none,CARE-DS,30,1586.5333333333333,943.0,0.2583054048999656,93.8,1.0
unit,clustered,50,35,connected,0.25,none,D-EAA-ER,30,1588.8666666666666,948.5,0.0823253051998411,100.9,1.0
unit,clustered,50,35,connected,0.25,none,DWG,30,1420.2666666666667,783.5,0.2548291503666405,2834.8,1.0
unit,clustered,50,35,connected,0.25,none,MS-RG-WT,30,1433.6,796.5,0.27160171586659393,2444.3,1.0
unit,clustered,50,35,connected,0.5,none,CARE-DS,30,1590.1666666666667,960.0,0.30973648516664976,85.06666666666666,1.0
unit,clustered,50,35,connected,0.5,none,D-EAA-ER,30,1587.2333333333333,946.0,0.08364728230005006,100.26666666666667,1.0
unit,clustered,50,35,connected,0.5,none,DWG,30,1296.4,652.5,0.22957699039986132,2363.6,1.0
unit,clustered,50,35,connected,0.5,none,MS-RG-WT,30,1323.9666666666667,681.0,0.2616984388666424,2030.7,1.0
unit,clustered,50,35,dominating,0.0,none,CARE-DS,30,988.5666666666667,1038.0,0.21803961039995554,4158.966666666666,1.0
unit,clustered,50,35,dominating,0.0,none,D-EAA-ER,30,982.4333333333333,1011.0,0.029447615466809365,130.2,1.0
unit,clustered,50,35,dominating,0.0,none,DWG,30,988.0,1037.5,0.17615615893346329,4743.7,1.0
unit,clustered,50,35,dominating,0.0,none,MS-RG-WT,30,986.7666666666667,1023.5,0.13886673503326769,4206.933333333333,1.0
unit,clustered,50,35,dominating,0.1,none,CARE-DS,30,972.6,1021.5,0.16643845916660208,137.23333333333332,1.0
unit,clustered,50,35,dominating,0.1,none,D-EAA-ER,30,968.3666666666667,993.0,0.03427950919992018,132.76666666666668,1.0
unit,clustered,50,35,dominating,0.1,none,DWG,30,891.8,937.5,0.16700148233336823,4284.366666666667,1.0
unit,clustered,50,35,dominating,0.1,none,MS-RG-WT,30,898.7333333333333,944.5,0.144568867566583,3722.9333333333334,1.0
unit,clustered,50,35,dominating,0.25,none,CARE-DS,30,970.3666666666667,1008.0,0.11711549239983769,125.26666666666667,1.0
unit,clustered,50,35,dominating,0.25,none,D-EAA-ER,30,968.2666666666667,992.5,0.032078510166744865,132.76666666666668,1.0
unit,clustered,50,35,dominating,0.25,none,DWG,30,786.3666666666667,828.0,0.13929254126663482,3773.8,1.0
unit,clustered,50,35,dominating,0.25,none,MS-RG-WT,30,803.8333333333334,842.5,0.12617820033331853,3228.1666666666665,1.0
unit,clustered,50,35,dominating,0.5,none,CARE-DS,30,969.8333333333334,1021.5,0.07179713283333812,112.73333333333333,1.0
unit,clustered,50,35,dominating,0.5,none,D-EAA-ER,30,965.6666666666666,989.5,0.032438855666623516,131.5,1.0
unit,clustered,50,35,dominating,0.5,none,DWG,30,656.7666666666667,690.0,0.11713927406669121,3144.4333333333334,1.0
unit,clustered,50,35,dominating,0.5,none,MS-RG-WT,30,690.8,718.0,0.11107744883338452,2651.1666666666665,1.0
unit,clustered,100,15,connected,0.0,none,CARE-DS,30,103.36666666666666,94.0,0.1253834917000252,534.8333333333334,1.0
unit,clustered,100,15,connected,0.0,none,D-EAA-ER,30,103.2,96.5,0.016951001066687798,76.36666666666666,1.0
unit,clustered,100,15,connected,0.0,none,DWG,30,106.1,97.0,0.10394451413333926,2352.1666666666665,1.0
unit,clustered,100,15,connected,0.0,none,MS-RG-WT,30,104.26666666666667,96.0,0.09729933706666993,752.7666666666667,1.0
unit,clustered,100,15,connected,0.1,none,CARE-DS,30,101.53333333333333,94.0,0.10755282583325725,96.23333333333333,1.0
unit,clustered,100,15,connected,0.1,none,D-EAA-ER,30,101.8,95.0,0.01763866496658007,75.06666666666666,1.0
unit,clustered,100,15,connected,0.1,none,DWG,30,99.46666666666667,89.0,0.09779853130006202,2189.3333333333335,1.0
unit,clustered,100,15,connected,0.1,none,MS-RG-WT,30,99.23333333333333,87.5,0.09643949590011587,838.0666666666667,1.0
unit,clustered,100,15,connected,0.25,none,CARE-DS,30,101.46666666666667,95.0,0.0796220386999569,76.76666666666667,1.0
unit,clustered,100,15,connected,0.25,none,D-EAA-ER,30,101.8,95.0,0.018750412166627883,74.96666666666667,1.0
unit,clustered,100,15,connected,0.25,none,DWG,30,92.1,81.0,0.08845728663318364,1994.8333333333333,1.0
unit,clustered,100,15,connected,0.25,none,MS-RG-WT,30,95.83333333333333,86.5,0.09068614160002346,824.1333333333333,1.0
unit,clustered,100,15,connected,0.5,none,CARE-DS,30,101.43333333333334,95.0,0.0734942408666332,61.43333333333333,1.0
unit,clustered,100,15,connected,0.5,none,D-EAA-ER,30,101.66666666666667,95.0,0.0182875628333325,73.73333333333333,1.0
unit,clustered,100,15,connected,0.5,none,DWG,30,82.7,69.5,0.08071493613345708,1746.9,1.0
unit,clustered,100,15,connected,0.5,none,MS-RG-WT,30,93.03333333333333,78.0,0.09878737949993589,649.4333333333333,1.0
unit,clustered,100,15,dominating,0.0,none,CARE-DS,30,177.86666666666667,158.0,0.1328473125333706,1444.2333333333333,1.0
unit,clustered,100,15,dominating,0.0,none,D-EAA-ER,30,177.03333333333333,158.0,0.007946615200125916,102.13333333333334,1.0
unit,clustered,100,15,dominating,0.0,none,DWG,30,177.83333333333334,158.0,0.10401930896665965,3516.1,1.0
unit,clustered,100,15,dominating,0.0,none,MS-RG-WT,30,177.86666666666667,158.0,0.07462636013327327,1797.7666666666667,1.0
unit,clustered,100,15,dominating,0.1,none,CARE-DS,30,174.9,156.0,0.08974035199998977,122.56666666666666,1.0
unit,clustered,100,15,dominating,0.1,none,D-EAA-ER,30,174.06666666666666,155.5,0.008713266866652657,102.5,1.0
unit,clustered,100,15,dominating,0.1,none,DWG,30,162.5,144.0,0.08985597056671392,3189.7,1.0
unit,clustered,100,15,dominating,0.1,none,MS-RG-WT,30,166.73333333333332,147.0,0.07172150106665257,1749.4666666666667,1.0
unit,clustered,100,15,dominating,0.25,none,CARE-DS,30,175.16666666666666,156.0,0.07124521250004055,103.06666666666666,1.0
unit,clustered,100,15,dominating,0.25,none,D-EAA-ER,30,174.06666666666666,155.5,0.008600076599971798,102.46666666666667,1.0
unit,clustered,100,15,dominating,0.25,none,DWG,30,145.83333333333334,130.5,0.08216243226661386,2832.7,1.0
unit,clustered,100,15,dominating,0.25,none,MS-RG-WT,30,154.66666666666666,138.5,0.06186099413337914,1488.4,1.0
unit,clustered,100,15,dominating,0.5,none,CARE-DS,30,174.5,156.0,0.05995441896657207,93.23333333333333,1.0
unit,clustered,100,15,dominating,0.5,none,D-EAA-ER,30,173.9,155.5,0.008298176966551734,102.33333333333333,1.0
unit,clustered,100,15,dominating,0.5,none,DWG,30,125.93333333333334,112.0,0.07233156666676824,2401.6,1.0
unit,clustered,100,15,dominating,0.5,none,MS-RG-WT,30,147.16666666666666,130.0,0.05682824036663679,1143.2,1.0
unit,clustered,100,25,connected,0.0,none,CARE-DS,30,306.6,324.5,0.5476134588001211,2435.6666666666665,1.0
unit,clustered,100,25,connected,0.0,none,D-EAA-ER,30,302.6666666666667,320.5,0.06112140766672378,165.9,1.0
unit,clustered,100,25,connected,0.0,none,DWG,30,316.9,326.5,0.24536356336663323,4859.433333333333,1.0
unit,clustered,100,25,connected,0.0,none,MS-RG-WT,30,312.8666666666667,330.0,0.24051220350002034,3138.4,1.0
unit,clustered,100,25,connected,0.1,none,CARE-DS,30,304.8,319.0,0.5244006768333445,225.36666666666667,1.0
unit,clustered,100,25,connected,0.1,none,D-EAA-ER,30,297.2,315.5,0.06638401543329257,166.73333333333332,1.0
unit,clustered,100,25,connected,0.1,none,DWG,30,285.43333333333334,295.0,0.21145237753319934,4375.166666666667,1.0
unit,clustered,100,25,connected,0.1,none,MS-RG-WT,30,288.8333333333333,302.5,0.25916295893336305,2989.0,1.0
unit,clustered,100,25,connected,0.25,none,CARE-DS,30,301.8666666666667,318.5,0.349569871766683,179.03333333333333,1.0
unit,clustered,100,25,connected,0.25,none,D-EAA-ER,30,297.1666666666667,315.5,0.06836125836671267,165.9,1.0
unit,clustered,100,25,connected,0.25,none,DWG,30,254.6,268.0,0.18565031553334846,3881.5666666666666,1.0
unit,clustered,100,25,connected,0.25,none,MS-RG-WT,30,268.0,277.0,0.23783832026662516,2550.366666666667,1.0
unit,clustered,100,25,connected,0.5,none,CARE-DS,30,298.2,317.5,0.21160093646664485,154.16666666666666,1.0
unit,clustered,100,25,connected,0.5,none,D-EAA-ER,30,296.23333333333335,315.0,0.06691169760012292,164.36666666666667,1.0
unit,clustered,100,25,connected,0.5,none,DWG,30,217.76666666666668,224.0,0.15630656273339502,3292.9666666666667,1.0
unit,clustered,100,25,connected,0.5,none,MS-RG-WT,30,243.4,250.5,0.21385759499983878,2063.3,1.0
unit,clustered,100,25,dominating,0.0,none,CARE-DS,30,414.56666666666666,420.5,0.24633987836665858,3616.3,1.0
unit,clustered,100,25,dominating,0.0,none,D-EAA-ER,30,411.4,420.5,0.021511023133371,158.96666666666667,1.0
unit,clustered,100,25,dominating,0.0,none,DWG,30,414.3,420.5,0.19919318199996872,5492.766666666666,1.0
unit,clustered,100,25,dominating,0.0,none,MS-RG-WT,30,412.6333333333333,420.5,0.14041495653339853,3866.2,1.0
unit,clustered,100,25,dominating,0.1,none,CARE-DS,30,407.1333333333333,413.0,0.17289251193336286,189.13333333333333,1.0
unit,clustered,100,25,dominating,0.1,none,D-EAA-ER,30,404.23333333333335,412.5,0.02482019033338166,158.36666666666667,1.0
unit,clustered,100,25,dominating,0.1,none,DWG,30,374.96666666666664,380.5,0.1834632705000634,4957.7,1.0
unit,clustered,100,25,dominating,0.1,none,MS-RG-WT,30,380.26666666666665,386.0,0.12983877119992632,3518.633333333333,1.0
unit,clustered,100,25,dominating,0.25,none,CARE-DS,30,404.8,407.0,0.12374122800004742,162.7,1.0
unit,clustered,100,25,dominating,0.25,none,D-EAA-ER,30,404.2,412.5,0.02532475650004923,157.76666666666668,1.0
unit,clustered,100,25,dominating,0.25,none,DWG,30,331.9,337.0,0.1635872233666608,4382.166666666667,1.0
unit,clustered,100,25,dominating,0.25,none,MS-RG-WT,30,344.6333333333333,350.0,0.11411944486662828,3110.9,1.0
unit,clustered,100,25,dominating,0.5,none,CARE-DS,30,407.1333333333333,413.5,0.08882994873335212,144.23333333333332,1.0
unit,clustered,100,25,dominating,0.5,none,D-EAA-ER,30,403.4,412.0,0.024303244733406806,158.03333333333333,1.0
unit,clustered,100,25,dominating,0.5,none,DWG,30,280.1333333333333,284.0,0.13830576186671045,3678.9333333333334,1.0
unit,clustered,100,25,dominating,0.5,none,MS-RG-WT,30,310.6333333333333,314.5,0.10215853246672846,2431.233333333333,1.0
unit,clustered,100,35,connected,0.0,none,CARE-DS,30,657.4666666666667,672.0,0.4510231189666835,4282.066666666667,1.0
unit,clustered,100,35,connected,0.0,none,D-EAA-ER,30,638.7666666666667,657.0,0.14896471149998733,231.9,1.0
unit,clustered,100,35,connected,0.0,none,DWG,30,680.6666666666666,711.5,0.40341615736664,6904.2,1.0
unit,clustered,100,35,connected,0.0,none,MS-RG-WT,30,673.0666666666667,690.5,0.45734851993329356,5406.1,1.0
unit,clustered,100,35,connected,0.1,none,CARE-DS,30,638.2666666666667,657.5,0.3554698164666661,291.3666666666667,1.0
unit,clustered,100,35,connected,0.1,none,D-EAA-ER,30,630.6333333333333,647.0,0.1588639016333824,230.13333333333333,1.0
unit,clustered,100,35,connected,0.1,none,DWG,30,603.7333333333333,633.0,0.3640659702332717,6124.166666666667,1.0
unit,clustered,100,35,connected,0.1,none,MS-RG-WT,30,616.9,629.5,0.4731629042666403,4886.266666666666,1.0
unit,clustered,100,35,connected,0.25,none,CARE-DS,30,636.3666666666667,665.5,0.2850194221999724,238.6,1.0
unit,clustered,100,35,connected,0.25,none,D-EAA-ER,30,630.2333333333333,646.0,0.16132395520001708,229.5,1.0
unit,clustered,100,35,connected,0.25,none,DWG,30,533.8333333333334,553.5,0.3145229413332951,5402.533333333334,1.0
unit,clustered,100,35,connected,0.25,none,MS-RG-WT,30,561.7,580.5,0.4189560748999611,4204.733333333334,1.0
unit,clustered,100,35,connected,0.5,none,CARE-DS,30,635.5,661.5,0.23582785300010675,206.2,1.0
unit,clustered,100,35,connected,0.5,none,D-EAA-ER,30,628.4,642.5,0.1595583880332924,228.93333333333334,1.0
unit,clustered,100,35,connected,0.5,none,DWG,30,448.96666666666664,471.0,0.27071383763335083,4530.0,1.0
unit,clustered,100,35,connected,0.5,none,MS-RG-WT,30,497.26666666666665,525.5,0.396182531199914,3430.8,1.0
unit,clustered,100,35,dominating,0.0,none,CARE-DS,30,827.4333333333333,855.0,0.3563456056333962,5884.8,1.0
unit,clustered,100,35,dominating,0.0,none,D-EAA-ER,30,822.9,834.0,0.044877046500065826,217.83333333333334,1.0
unit,clustered,100,35,dominating,0.0,none,DWG,30,826.0,855.0,0.3401371874332654,7338.133333333333,1.0
unit,clustered,100,35,dominating,0.0,none,MS-RG-WT,30,823.2,857.0,0.21864498116656247,6020.233333333334,1.0
unit,clustered,100,35,dominating,0.1,none,CARE-DS,30,813.2333333333333,842.5,0.2648601545332591,238.86666666666667,1.0
unit,clustered,100,35,dominating,0.1,none,D-EAA-ER,30,811.7,842.0,0.04903448906661646,217.86666666666667,1.0
unit,clustered,100,35,dominating,0.1,none,DWG,30,745.6333333333333,773.0,0.30622053366669205,6633.733333333334,1.0
unit,clustered,100,35,dominating,0.1,none,MS-RG-WT,30,750.0,784.0,0.21322419939979223,5364.9,1.0
unit,clustered,100,35,dominating,0.25,none,CARE-DS,30,808.8666666666667,833.5,0.19464263173331345,215.1,1.0
unit,clustered,100,35,dominating,0.25,none,D-EAA-ER,30,811.5666666666667,842.0,0.04883529216673798,218.23333333333332,1.0
unit,clustered,100,35,dominating,0.25,none,DWG,30,658.5,682.5,0.2866774758667513,5850.166666666667,1.0
unit,clustered,100,35,dominating,0.25,none,MS-RG-WT,30,673.7666666666667,696.0,0.18997755946675168,4695.1,1.0
unit,clustered,100,35,dominating,0.5,none,CARE-DS,30,809.5666666666667,844.0,0.1416415094666869,189.43333333333334,1.0
unit,clustered,100,35,dominating,0.5,none,D-EAA-ER,30,809.0333333333333,837.0,0.049336755700066175,216.76666666666668,1.0
unit,clustered,100,35,dominating,0.5,none,DWG,30,550.9333333333333,573.0,0.24249230300007787,4883.5,1.0
unit,clustered,100,35,dominating,0.5,none,MS-RG-WT,30,585.5,611.0,0.18249157869992508,3805.3333333333335,1.0
unit,clustered,150,15,connected,0.0,none,CARE-DS,30,57.4,49.5,0.17188147096667306,405.2,1.0
unit,clustered,150,15,connected,0.0,none,D-EAA-ER,30,57.9,49.5,0.019710951600093986,48.4,1.0
unit,clustered,150,15,connected,0.0,none,DWG,30,59.36666666666667,49.5,0.12935713829998952,1823.1,1.0
unit,clustered,150,15,connected,0.0,none,MS-RG-WT,30,58.06666666666667,49.5,0.11523627906663017,522.6666666666666,1.0
unit,clustered,150,15,connected,0.1,none,CARE-DS,30,57.333333333333336,49.5,0.13391542169999102,63.8,1.0
unit,clustered,150,15,connected,0.1,none,D-EAA-ER,30,57.63333333333333,49.5,0.020394746966727884,47.1,1.0
unit,clustered,150,15,connected,0.1,none,DWG,30,57.36666666666667,49.5,0.11718403049993256,1759.6666666666667,1.0
unit,clustered,150,15,connected,0.1,none,MS-RG-WT,30,57.36666666666667,49.5,0.11881030093336446,551.4,1.0
unit,clustered,150,15,connected,0.25,none,CARE-DS,30,56.666666666666664,49.5,0.12588958539990922,40.63333333333333,1.0
unit,clustered,150,15,connected,0.25,none,D-EAA-ER,30,57.63333333333333,49.5,0.019801809000061087,47.1,1.0
unit,clustered,150,15,connected,0.25,none,DWG,30,55.1,49.5,0.11013977010003748,1668.2333333333333,1.0
unit,clustered,150,15,connected,0.25,none,MS-RG-WT,30,56.86666666666667,49.5,0.12708627409998974,443.5,1.0
unit,clustered,150,15,connected,0.5,none,CARE-DS,30,57.1,49.5,0.11308751853339341,39.166666666666664,1.0
unit,clustered,150,15,connected,0.5,none,D-EAA-ER,30,57.63333333333333,49.5,0.020651737599988892,47.1,1.0
unit,clustered,150,15,connected,0.5,none,DWG,30,51.63333333333333,46.5,0.10556107660004269,1519.6333333333334,1.0
unit,clustered,150,15,connected,0.5,none,MS-RG-WT,30,55.06666666666667,47.0,0.11624062903326068,384.93333333333334,1.0
unit,clustered,150,15,dominating,0.0,none,CARE-DS,30,125.66666666666667,125.5,0.17641758103336538,1167.4666666666667,1.0
unit,clustered,150,15,dominating,0.0,none,D-EAA-ER,30,125.66666666666667,125.5,0.008453346033396224,101.06666666666666,1.0
unit,clustered,150,15,dominating,0.0,none,DWG,30,125.66666666666667,125.5,0.12624221043324718,3669.2,1.0
unit,clustered,150,15,dominating,0.0,none,MS-RG-WT,30,125.66666666666667,125.5,0.10318010193320025,1331.6,1.0
unit,clustered,150,15,dominating,0.1,none,CARE-DS,30,124.16666666666667,123.5,0.13172049196673466,139.73333333333332,1.0
unit,clustered,150,15,dominating,0.1,none,D-EAA-ER,30,123.9,123.5,0.009485753566574755,100.93333333333334,1.0
unit,clustered,150,15,dominating,0.1,none,DWG,30,115.9,115.0,0.12337299426665894,3352.0,1.0
unit,clustered,150,15,dominating,0.1,none,MS-RG-WT,30,120.03333333333333,120.5,0.10102115249989457,1449.9333333333334,1.0
unit,clustered,150,15,dominating,0.25,none,CARE-DS,30,124.13333333333334,124.0,0.10641307456662612,103.33333333333333,1.0
unit,clustered,150,15,dominating,0.25,none,D-EAA-ER,30,123.9,123.5,0.008958756566729143,100.93333333333334,1.0
unit,clustered,150,15,dominating,0.25,none,DWG,30,105.56666666666666,103.0,0.11227393483331975,3004.6666666666665,1.0
unit,clustered,150,15,dominating,0.25,none,MS-RG-WT,30,114.76666666666667,114.5,0.09265843696678829,1144.2,1.0
unit,clustered,150,15,dominating,0.5,none,CARE-DS,30,124.23333333333333,124.0,0.08201796546660864,92.4,1.0
unit,clustered,150,15,dominating,0.5,none,D-EAA-ER,30,123.76666666666667,123.5,0.00879019156673161,99.96666666666667,1.0
unit,clustered,150,15,dominating,0.5,none,DWG,30,92.63333333333334,87.0,0.09488029700002391,2588.266666666667,1.0
unit,clustered,150,15,dominating,0.5,none,MS-RG-WT,30,108.53333333333333,105.0,0.09088692623345192,1062.8,1.0
unit,clustered,150,25,connected,0.0,none,CARE-DS,30,200.1,173.5,0.3766320912334474,2140.7,1.0
unit,clustered,150,25,connected,0.0,none,D-EAA-ER,30,198.7,174.5,0.09016852173323661,180.63333333333333,1.0
unit,clustered,150,25,connected,0.0,none,DWG,30,205.26666666666668,176.5,0.3106530575999992,5271.366666666667,1.0
unit,clustered,150,25,connected,0.0,none,MS-RG-WT,30,202.56666666666666,173.5,0.32892724670006523,2715.866666666667,1.0
unit,clustered,150,25,connected,0.1,none,CARE-DS,30,197.0,167.5,0.30352716873321695,245.23333333333332,1.0
unit,clustered,150,25,connected,0.1,none,D-EAA-ER,30,195.73333333333332,172.0,0.09138441713336452,182.4,1.0
unit,clustered,150,25,connected,0.1,none,DWG,30,187.93333333333334,163.0,0.2571754004666521,4804.7,1.0
unit,clustered,150,25,connected,0.1,none,MS-RG-WT,30,190.13333333333333,164.0,0.3138232333666565,2708.366666666667,1.0
unit,clustered,150,25,connected,0.25,none,CARE-DS,30,197.3,170.0,0.2579245380667998,188.1,1.0
unit,clustered,150,25,connected,0.25,none,D-EAA-ER,30,195.73333333333332,172.0,0.09459721586672454,182.66666666666666,1.0
unit,clustered,150,25,connected,0.25,none,DWG,30,169.46666666666667,146.0,0.24758369909989897,4304.2,1.0
unit,clustered,150,25,connected,0.25,none,MS-RG-WT,30,180.3,159.5,0.31924033056672363,2283.9666666666667,1.0
unit,clustered,150,25,connected,0.5,none,CARE-DS,30,195.0,170.0,0.23460427183323793,161.56666666666666,1.0
unit,clustered,150,25,connected,0.5,none,D-EAA-ER,30,195.26666666666668,172.0,0.08740733090007775,180.3,1.0
unit,clustered,150,25,connected,0.5,none,DWG,30,146.66666666666666,123.0,0.1978282440665983,3681.7,1.0
unit,clustered,150,25,connected,0.5,none,MS-RG-WT,30,166.16666666666666,143.0,0.32325155023336266,1941.0333333333333,1.0
unit,clustered,150,25,dominating,0.0,none,CARE-DS,30,263.06666666666666,251.0,0.2547510382332499,2793.8333333333335,1.0
unit,clustered,150,25,dominating,0.0,none,D-EAA-ER,30,259.53333333333336,236.5,0.019023820499872515,159.13333333333333,1.0
unit,clustered,150,25,dominating,0.0,none,DWG,30,263.73333333333335,251.0,0.21624224740001707,5569.1,1.0
unit,clustered,150,25,dominating,0.0,none,MS-RG-WT,30,262.3333333333333,249.5,0.15095458460003403,3440.5,1.0
unit,clustered,150,25,dominating,0.1,none,CARE-DS,30,259.0,247.5,0.19429411479995903,219.06666666666666,1.0
unit,clustered,150,25,dominating,0.1,none,D-EAA-ER,30,255.33333333333334,232.5,0.0195529218666706,153.76666666666668,1.0
unit,clustered,150,25,dominating,0.1,none,DWG,30,239.7,227.5,0.19932539446666242,5058.7,1.0
unit,clustered,150,25,dominating,0.1,none,MS-RG-WT,30,244.36666666666667,235.0,0.14808680973325555,3220.133333333333,1.0
unit,clustered,150,25,dominating,0.25,none,CARE-DS,30,258.96666666666664,247.5,0.14582991853327862,165.96666666666667,1.0
unit,clustered,150,25,dominating,0.25,none,D-EAA-ER,30,255.33333333333334,232.5,0.020305654666602356,153.7,1.0
unit,clustered,150,25,dominating,0.25,none,DWG,30,214.2,202.5,0.18687093996659312,4501.266666666666,1.0
unit,clustered,150,25,dominating,0.25,none,MS-RG-WT,30,224.4,213.5,0.12251493886666744,2805.6,1.0
unit,clustered,150,25,dominating,0.5,none,CARE-DS,30,260.1,247.5,0.1222219054666311,155.16666666666666,1.0
unit,clustered,150,25,dominating,0.5,none,D-EAA-ER,30,254.9,232.5,0.022375051533405552,153.7,1.0
unit,clustered,150,25,dominating,0.5,none,DWG,30,182.1,171.0,0.1598667729000226,3800.7,1.0
unit,clustered,150,25,dominating,0.5,none,MS-RG-WT,30,204.43333333333334,195.0,0.12109763376668824,2203.633333333333,1.0
unit,clustered,150,35,connected,0.0,none,CARE-DS,30,445.1,452.5,0.7943355930666257,4558.233333333334,1.0
unit,clustered,150,35,connected,0.0,none,D-EAA-ER,30,425.73333333333335,436.0,0.23138090906683523,283.8666666666667,1.0
unit,clustered,150,35,connected,0.0,none,DWG,30,452.6333333333333,463.5,0.5885726938999445,8390.766666666666,1.0
unit,clustered,150,35,connected,0.0,none,MS-RG-WT,30,444.06666666666666,466.0,0.7024271126666463,5957.933333333333,1.0
unit,clustered,150,35,connected,0.1,none,CARE-DS,30,436.46666666666664,451.0,0.6520332843333866,406.6,1.0
unit,clustered,150,35,connected,0.1,none,D-EAA-ER,30,420.3666666666667,428.0,0.24176029779994979,284.96666666666664,1.0
unit,clustered,150,35,connected,0.1,none,DWG,30,408.1,413.5,0.5083761589998782,7560.533333333334,1.0
unit,clustered,150,35,connected,0.1,none,MS-RG-WT,30,407.76666666666665,413.0,0.7506130614999772,5571.5,1.0
unit,clustered,150,35,connected,0.25,none,CARE-DS,30,432.8,443.5,0.5802603210666651,339.46666666666664,1.0
unit,clustered,150,35,connected,0.25,none,D-EAA-ER,30,420.3666666666667,428.0,0.23435399913341823,284.56666666666666,1.0
unit,clustered,150,35,connected,0.25,none,DWG,30,359.93333333333334,357.5,0.4202017948668678,6650.533333333334,1.0
unit,clustered,150,35,connected,0.25,none,MS-RG-WT,30,373.8333333333333,380.5,0.6486056259666232,4776.766666666666,1.0
unit,clustered,150,35,connected,0.5,none,CARE-DS,30,431.93333333333334,438.0,0.5462386951331912,298.3666666666667,1.0
unit,clustered,150,35,connected,0.5,none,D-EAA-ER,30,419.0,426.0,0.2243564779000735,282.06666666666666,1.0
unit,clustered,150,35,connected,0.5,none,DWG,30,302.3333333333333,300.0,0.3430404074333334,5554.0,1.0
unit,clustered,150,35,connected,0.5,none,MS-RG-WT,30,336.3333333333333,355.0,0.6203452144999574,3817.9,1.0
unit,clustered,150,35,dominating,0.0,none,CARE-DS,30,534.8333333333334,531.5,0.45477972469995315,5813.733333333334,1.0
unit,clustered,150,35,dominating,0.0,none,D-EAA-ER,30,534.5,531.5,0.04281703409994098,254.43333333333334,1.0
unit,clustered,150,35,dominating,0.0,none,DWG,30,535.2666666666667,530.5,0.39206297723336925,8416.733333333334,1.0
unit,clustered,150,35,dominating,0.0,none,MS-RG-WT,30,532.5666666666667,531.5,0.27009987900003884,6216.466666666666,1.0
unit,clustered,150,35,dominating,0.1,none,CARE-DS,30,526.8666666666667,522.5,0.32058237673342466,320.76666666666665,1.0
unit,clustered,150,35,dominating,0.1,none,D-EAA-ER,30,525.4333333333333,521.5,0.049353696166569185,251.23333333333332,1.0
unit,clustered,150,35,dominating,0.1,none,DWG,30,483.93333333333334,480.0,0.35597210609997393,7615.733333333334,1.0
unit,clustered,150,35,dominating,0.1,none,MS-RG-WT,30,487.6333333333333,486.0,0.23472534436659767,5819.433333333333,1.0
unit,clustered,150,35,dominating,0.25,none,CARE-DS,30,521.8666666666667,522.0,0.24499925703333547,260.3,1.0
unit,clustered,150,35,dominating,0.25,none,D-EAA-ER,30,525.4,521.5,0.04742716193331938,250.33333333333334,1.0
unit,clustered,150,35,dominating,0.25,none,DWG,30,427.56666666666666,426.5,0.3079446523666471,6702.733333333334,1.0
unit,clustered,150,35,dominating,0.25,none,MS-RG-WT,30,442.96666666666664,441.5,0.2146586099333338,4818.066666666667,1.0
unit,clustered,150,35,dominating,0.5,none,CARE-DS,30,524.7,522.5,0.18743291406669108,238.06666666666666,1.0
unit,clustered,150,35,dominating,0.5,none,D-EAA-ER,30,524.2333333333333,520.0,0.04911140569996248,247.36666666666667,1.0
unit,clustered,150,35,dominating,0.5,none,DWG,30,358.7,358.0,0.25420181116666446,5615.266666666666,1.0
unit,clustered,150,35,dominating,0.5,none,MS-RG-WT,30,392.1,395.0,0.18641908353323133,3915.2,1.0
unit,clustered,200,15,connected,0.0,none,CARE-DS,30,47.06666666666667,43.0,0.23678434623328332,273.3333333333333,1.0
unit,clustered,200,15,connected,0.0,none,D-EAA-ER,30,47.06666666666667,43.0,0.0245853203666835,39.6,1.0
unit,clustered,200,15,connected,0.0,none,DWG,30,47.06666666666667,43.0,0.143170077300086,1679.1333333333334,1.0
unit,clustered,200,15,connected,0.0,none,MS-RG-WT,30,47.06666666666667,43.0,0.1508402304333079,298.96666666666664,1.0
unit,clustered,200,15,connected,0.1,none,CARE-DS,30,46.766666666666666,43.0,0.2049434611334618,53.833333333333336,1.0
unit,clustered,200,15,connected,0.1,none,D-EAA-ER,30,46.8,43.0,0.02472961883337722,39.9,1.0
unit,clustered,200,15,connected,0.1,none,DWG,30,45.86666666666667,43.0,0.13834577803330222,1624.3333333333333,1.0
unit,clustered,200,15,connected,0.1,none,MS-RG-WT,30,46.43333333333333,43.0,0.15288027743342048,276.3,1.0
unit,clustered,200,15,connected,0.25,none,CARE-DS,30,46.8,43.0,0.1919436233000245,39.93333333333333,1.0
unit,clustered,200,15,connected,0.25,none,D-EAA-ER,30,46.8,43.0,0.025916336300027324,39.9,1.0
unit,clustered,200,15,connected,0.25,none,DWG,30,44.63333333333333,43.0,0.13994603043332363,1563.0666666666666,1.0
unit,clustered,200,15,connected,0.25,none,MS-RG-WT,30,46.266666666666666,43.0,0.1576138356667191,297.3333333333333,1.0
unit,clustered,200,15,connected,0.5,none,CARE-DS,30,46.833333333333336,43.0,0.1730267357333711,34.06666666666667,1.0
unit,clustered,200,15,connected,0.5,none,D-EAA-ER,30,46.8,43.0,0.024377321699951857,39.9,1.0
unit,clustered,200,15,connected,0.5,none,DWG,30,42.7,42.0,0.13136837809997812,1470.2333333333333,1.0
unit,clustered,200,15,connected,0.5,none,MS-RG-WT,30,45.4,42.0,0.16083073330003872,321.1666666666667,1.0
unit,clustered,200,15,dominating,0.0,none,CARE-DS,30,111.73333333333333,116.5,0.19218662279996954,1347.9666666666667,1.0
unit,clustered,200,15,dominating,0.0,none,D-EAA-ER,30,111.8,116.5,0.008485360633251983,122.43333333333334,1.0
unit,clustered,200,15,dominating,0.0,none,DWG,30,111.8,116.5,0.14514838610005726,4268.633333333333,1.0
unit,clustered,200,15,dominating,0.0,none,MS-RG-WT,30,111.8,116.5,0.11906515289992962,1768.1333333333334,1.0
unit,clustered,200,15,dominating,0.1,none,CARE-DS,30,110.3,114.5,0.14754225869995324,164.33333333333334,1.0
unit,clustered,200,15,dominating,0.1,none,D-EAA-ER,30,110.13333333333334,115.0,0.009176478233287787,123.7,1.0
unit,clustered,200,15,dominating,0.1,none,DWG,30,103.4,109.5,0.1317922920667418,3909.266666666667,1.0
unit,clustered,200,15,dominating,0.1,none,MS-RG-WT,30,106.73333333333333,112.0,0.11606177916670878,1587.2333333333333,1.0
unit,clustered,200,15,dominating,0.25,none,CARE-DS,30,110.3,115.0,0.12826615156661011,126.33333333333333,1.0
unit,clustered,200,15,dominating,0.25,none,D-EAA-ER,30,110.13333333333334,115.0,0.009773812699859219,123.7,1.0
unit,clustered,200,15,dominating,0.25,none,DWG,30,94.86666666666666,101.5,0.12393378333329864,3534.9,1.0
unit,clustered,200,15,dominating,0.25,none,MS-RG-WT,30,102.13333333333334,109.0,0.10909351766667892,1332.0333333333333,1.0
unit,clustered,200,15,dominating,0.5,none,CARE-DS,30,110.33333333333333,115.5,0.1042900346666101,105.73333333333333,1.0
unit,clustered,200,15,dominating,0.5,none,D-EAA-ER,30,110.13333333333334,115.0,0.009560362166697155,123.76666666666667,1.0
unit,clustered,200,15,dominating,0.5,none,DWG,30,84.3,91.5,0.11065779559991516,3083.1,1.0
unit,clustered,200,15,dominating,0.5,none,MS-RG-WT,30,95.73333333333333,103.0,0.09583068543324766,1327.2333333333333,1.0
unit,clustered,200,25,connected,0.0,none,CARE-DS,30,93.76666666666667,68.0,0.36666328086663874,805.4,1.0
unit,clustered,200,25,connected,0.0,none,D-EAA-ER,30,96.26666666666667,68.0,0.08638473073312218,102.3,1.0
unit,clustered,200,25,connected,0.0,none,DWG,30,96.76666666666667,68.0,0.26460476116668963,3165.0333333333333,1.0
unit,clustered,200,25,connected,0.0,none,MS-RG-WT,30,94.0,68.0,0.31462422679999996,1240.0333333333333,1.0
unit,clustered,200,25,connected,0.1,none,CARE-DS,30,92.96666666666667,67.5,0.3112304009333759,127.16666666666667,1.0
unit,clustered,200,25,connected,0.1,none,D-EAA-ER,30,95.63333333333334,67.5,0.08276840390002078,102.86666666666666,1.0
unit,clustered,200,25,connected,0.1,none,DWG,30,91.36666666666666,66.5,0.23785637603332357,2981.766666666667,1.0
unit,clustered,200,25,connected,0.1,none,MS-RG-WT,30,90.36666666666666,66.5,0.34404172530006083,1268.4,1.0
unit,clustered,200,25,connected,0.25,none,CARE-DS,30,93.3,67.5,0.2677351457332709,102.6,1.0
unit,clustered,200,25,connected,0.25,none,D-EAA-ER,30,95.63333333333334,67.5,0.08387740686672861,103.06666666666666,1.0
unit,clustered,200,25,connected,0.25,none,DWG,30,84.73333333333333,65.5,0.22593192000022097,2732.233333333333,1.0
unit,clustered,200,25,connected,0.25,none,MS-RG-WT,30,87.8,66.5,0.3380700681999163,1130.9333333333334,1.0
unit,clustered,200,25,connected,0.5,none,CARE-DS,30,91.36666666666666,67.5,0.22824089956672344,80.33333333333333,1.0
unit,clustered,200,25,connected,0.5,none,D-EAA-ER,30,95.4,67.5,0.08131179626658797,101.4,1.0
unit,clustered,200,25,connected,0.5,none,DWG,30,77.6,62.5,0.2112883818666887,2463.8,1.0
unit,clustered,200,25,connected,0.5,none,MS-RG-WT,30,83.0,66.5,0.3549533445666081,916.8333333333334,1.0
unit,clustered,200,25,dominating,0.0,none,CARE-DS,30,155.6,136.5,0.27860827883329564,1846.1333333333334,1.0
unit,clustered,200,25,dominating,0.0,none,D-EAA-ER,30,155.2,136.5,0.01694301259994968,122.33333333333333,1.0
unit,clustered,200,25,dominating,0.0,none,DWG,30,156.2,136.5,0.20250282516672083,4307.566666666667,1.0
unit,clustered,200,25,dominating,0.0,none,MS-RG-WT,30,155.93333333333334,136.5,0.17313574166661658,2317.4,1.0
unit,clustered,200,25,dominating,0.1,none,CARE-DS,30,153.56666666666666,135.0,0.2165055607333973,169.93333333333334,1.0
unit,clustered,200,25,dominating,0.1,none,D-EAA-ER,30,152.86666666666667,134.5,0.017065776200039743,122.33333333333333,1.0
unit,clustered,200,25,dominating,0.1,none,DWG,30,142.63333333333333,125.0,0.1847385335331637,3912.1666666666665,1.0
unit,clustered,200,25,dominating,0.1,none,MS-RG-WT,30,146.73333333333332,129.5,0.17377495450003452,2187.9666666666667,1.0
unit,clustered,200,25,dominating,0.25,none,CARE-DS,30,153.36666666666667,135.0,0.17042749793326945,125.46666666666667,1.0
unit,clustered,200,25,dominating,0.25,none,D-EAA-ER,30,152.86666666666667,134.5,0.01707068083333065,122.36666666666666,1.0
unit,clustered,200,25,dominating,0.25,none,DWG,30,128.06666666666666,111.5,0.16954209683323515,3493.1666666666665,1.0
unit,clustered,200,25,dominating,0.25,none,MS-RG-WT,30,138.56666666666666,126.5,0.15385143196669254,1895.3666666666666,1.0
unit,clustered,200,25,dominating,0.5,none,CARE-DS,30,153.6,135.0,0.15237686533343242,108.7,1.0
unit,clustered,200,25,dominating,0.5,none,D-EAA-ER,30,152.76666666666668,134.5,0.017345655733333798,121.46666666666667,1.0
unit,clustered,200,25,dominating,0.5,none,DWG,30,110.23333333333333,97.5,0.1447676355667075,2968.4333333333334,1.0
unit,clustered,200,25,dominating,0.5,none,MS-RG-WT,30,127.1,117.5,0.12954980236669747,1601.5333333333333,1.0
unit,clustered,200,35,connected,0.0,none,CARE-DS,30,226.3,250.5,0.7518606834332483,2749.0666666666666,1.0
unit,clustered,200,35,connected,0.0,none,D-EAA-ER,30,221.03333333333333,246.0,0.21854436803347801,188.66666666666666,1.0
unit,clustered,200,35,connected,0.0,none,DWG,30,229.26666666666668,255.0,0.6220901331667846,6125.3,1.0
unit,clustered,200,35,connected,0.0,none,MS-RG-WT,30,226.16666666666666,255.0,0.7666465515333282,3699.2,1.0
unit,clustered,200,35,connected,0.1,none,CARE-DS,30,219.06666666666666,236.0,0.6611125659333084,259.4,1.0
unit,clustered,200,35,connected,0.1,none,D-EAA-ER,30,217.33333333333334,241.5,0.2189717462334556,190.9,1.0
unit,clustered,200,35,connected,0.1,none,DWG,30,209.76666666666668,231.0,0.48297965723322706,5597.333333333333,1.0
unit,clustered,200,35,connected,0.1,none,MS-RG-WT,30,212.4,238.0,0.7606652468332565,3584.4,1.0
unit,clustered,200,35,connected,0.25,none,CARE-DS,30,220.26666666666668,232.0,0.580037260966704,198.23333333333332,1.0
unit,clustered,200,35,connected,0.25,none,D-EAA-ER,30,217.33333333333334,241.5,0.2112577989999105,190.86666666666667,1.0
unit,clustered,200,35,connected,0.25,none,DWG,30,188.96666666666667,206.5,0.43965131066661345,5017.333333333333,1.0
unit,clustered,200,35,connected,0.25,none,MS-RG-WT,30,197.83333333333334,215.5,0.7580655484000393,3096.5333333333333,1.0
unit,clustered,200,35,connected,0.5,none,CARE-DS,30,219.1,234.5,0.5355379717665225,169.06666666666666,1.0
unit,clustered,200,35,connected,0.5,none,D-EAA-ER,30,216.83333333333334,241.5,0.214136406200123,188.3,1.0
unit,clustered,200,35,connected,0.5,none,DWG,30,162.53333333333333,175.0,0.3824544143665965,4281.466666666666,1.0
unit,clustered,200,35,connected,0.5,none,MS-RG-WT,30,183.86666666666667,197.5,0.8011575495667178,2258.5666666666666,1.0
unit,clustered,200,35,dominating,0.0,none,CARE-DS,30,291.73333333333335,298.0,0.4174279750667362,3198.366666666667,1.0
unit,clustered,200,35,dominating,0.0,none,D-EAA-ER,30,291.0,298.0,0.03396144536663992,179.06666666666666,1.0
unit,clustered,200,35,dominating,0.0,none,DWG,30,291.73333333333335,298.0,0.34900918706665224,6408.2,1.0
unit,clustered,200,35,dominating,0.0,none,MS-RG-WT,30,291.6333333333333,298.0,0.2526405307999084,4111.0,1.0
unit,clustered,200,35,dominating,0.1,none,CARE-DS,30,287.1666666666667,294.0,0.31964640216671486,228.36666666666667,1.0
unit,clustered,200,35,dominating,0.1,none,D-EAA-ER,30,286.3333333333333,294.0,0.03552130170000959,179.36666666666667,1.0
unit,clustered,200,35,dominating,0.1,none,DWG,30,265.03333333333336,269.5,0.3169601889333534,5813.9,1.0
unit,clustered,200,35,dominating,0.1,none,MS-RG-WT,30,271.3333333333333,275.5,0.25023425216668327,3840.766666666667,1.0
unit,clustered,200,35,dominating,0.25,none,CARE-DS,30,287.2,294.0,0.24116262783342485,188.96666666666667,1.0
unit,clustered,200,35,dominating,0.25,none,D-EAA-ER,30,286.3333333333333,294.0,0.03336821516665315,179.36666666666667,1.0
unit,clustered,200,35,dominating,0.25,none,DWG,30,235.73333333333332,238.5,0.28341010940018047,5156.4,1.0
unit,clustered,200,35,dominating,0.25,none,MS-RG-WT,30,249.66666666666666,253.5,0.2110958808999991,3289.1,1.0
unit,clustered,200,35,dominating,0.5,none,CARE-DS,30,287.3,294.0,0.20418505313336935,167.33333333333334,1.0
unit,clustered,200,35,dominating,0.5,none,D-EAA-ER,30,285.9,293.5,0.035500319800030364,179.26666666666668,1.0
unit,clustered,200,35,dominating,0.5,none,DWG,30,200.16666666666666,200.0,0.23961946493330588,4352.933333333333,1.0
unit,clustered,200,35,dominating,0.5,none,MS-RG-WT,30,225.86666666666667,240.0,0.1727192775332999,2749.4666666666667,1.0
unit,clustered,250,15,connected,0.0,none,CARE-DS,30,43.86666666666667,42.5,0.3158590337332801,521.9,1.0
unit,clustered,250,15,connected,0.0,none,D-EAA-ER,30,43.63333333333333,42.5,0.04467681909985302,50.13333333333333,1.0
unit,clustered,250,15,connected,0.0,none,DWG,30,43.96666666666667,42.5,0.21107734406662831,1972.2,1.0
unit,clustered,250,15,connected,0.0,none,MS-RG-WT,30,43.53333333333333,42.5,0.26284434753333696,456.73333333333335,1.0
unit,clustered,250,15,connected,0.1,none,CARE-DS,30,43.766666666666666,42.5,0.24470150476660513,79.7,1.0
unit,clustered,250,15,connected,0.1,none,D-EAA-ER,30,43.53333333333333,42.5,0.04290724106667763,51.6,1.0
unit,clustered,250,15,connected,0.1,none,DWG,30,43.43333333333333,42.5,0.20214055179997859,1963.5,1.0
unit,clustered,250,15,connected,0.1,none,MS-RG-WT,30,43.46666666666667,42.5,0.28150852669993276,561.0666666666667,1.0
unit,clustered,250,15,connected,0.25,none,CARE-DS,30,43.766666666666666,42.5,0.24030035573338557,48.266666666666666,1.0
unit,clustered,250,15,connected,0.25,none,D-EAA-ER,30,43.53333333333333,42.5,0.0412310918666662,51.6,1.0
unit,clustered,250,15,connected,0.25,none,DWG,30,42.8,42.5,0.20016176056666757,1927.8666666666666,1.0
unit,clustered,250,15,connected,0.25,none,MS-RG-WT,30,43.13333333333333,42.5,0.27625104160006225,472.1,1.0
unit,clustered,250,15,connected,0.5,none,CARE-DS,30,43.766666666666666,42.5,0.22459818753341093,43.266666666666666,1.0
unit,clustered,250,15,connected,0.5,none,D-EAA-ER,30,43.53333333333333,42.5,0.04257109366672008,51.6,1.0
unit,clustered,250,15,connected,0.5,none,DWG,30,40.96666666666667,40.0,0.19348718693339223,1817.2666666666667,1.0
unit,clustered,250,15,connected,0.5,none,MS-RG-WT,30,42.6,42.5,0.29355647043333494,447.0,1.0
unit,clustered,250,15,dominating,0.0,none,CARE-DS,30,102.26666666666667,107.0,0.2973875037666706,1269.0666666666666,1.0
unit,clustered,250,15,dominating,0.0,none,D-EAA-ER,30,102.26666666666667,107.0,0.013477094066699113,165.26666666666668,1.0
unit,clustered,250,15,dominating,0.0,none,DWG,30,102.26666666666667,107.0,0.1975589023333062,4918.133333333333,1.0
unit,clustered,250,15,dominating,0.0,none,MS-RG-WT,30,102.26666666666667,107.0,0.18207693306655223,1617.1333333333334,1.0
unit,clustered,250,15,dominating,0.1,none,CARE-DS,30,100.76666666666667,105.5,0.22117800179994443,193.33333333333334,1.0
unit,clustered,250,15,dominating,0.1,none,D-EAA-ER,30,100.43333333333334,105.0,0.013693582699973637,159.33333333333334,1.0
unit,clustered,250,15,dominating,0.1,none,DWG,30,93.93333333333334,99.0,0.18265411219990704,4443.633333333333,1.0
unit,clustered,250,15,dominating,0.1,none,MS-RG-WT,30,96.96666666666667,101.5,0.17575483733338232,1940.9333333333334,1.0
unit,clustered,250,15,dominating,0.25,none,CARE-DS,30,100.73333333333333,105.5,0.18198254070005832,142.73333333333332,1.0
unit,clustered,250,15,dominating,0.25,none,D-EAA-ER,30,100.43333333333334,105.0,0.01372769499997346,159.33333333333334,1.0
unit,clustered,250,15,dominating,0.25,none,DWG,30,85.66666666666667,90.5,0.17700113310011145,3995.9333333333334,1.0
unit,clustered,250,15,dominating,0.25,none,MS-RG-WT,30,92.66666666666667,93.0,0.16517122623326938,1623.0666666666666,1.0
unit,clustered,250,15,dominating,0.5,none,CARE-DS,30,100.8,105.5,0.1584096972333706,138.6,1.0
unit,clustered,250,15,dominating,0.5,none,D-EAA-ER,30,100.43333333333334,105.0,0.013384687933345603,159.33333333333334,1.0
unit,clustered,250,15,dominating,0.5,none,DWG,30,75.0,78.0,0.1482552596999994,3415.6,1.0
unit,clustered,250,15,dominating,0.5,none,MS-RG-WT,30,85.43333333333334,87.0,0.13477925850011158,1522.8,1.0
unit,clustered,250,25,connected,0.0,none,CARE-DS,30,86.56666666666666,72.5,0.4773615835999408,844.8,1.0
unit,clustered,250,25,connected,0.0,none,D-EAA-ER,30,87.53333333333333,73.5,0.11285683506678951,99.26666666666667,1.0
unit,clustered,250,25,connected,0.0,none,DWG,30,87.53333333333333,73.5,0.36756227586668805,3561.8,1.0
unit,clustered,250,25,connected,0.0,none,MS-RG-WT,30,86.23333333333333,73.5,0.4198438469999322,1069.0333333333333,1.0
unit,clustered,250,25,connected,0.1,none,CARE-DS,30,85.46666666666667,72.0,0.4194802656000623,132.6,1.0
unit,clustered,250,25,connected,0.1,none,D-EAA-ER,30,86.6,73.5,0.1033562712000578,98.53333333333333,1.0
unit,clustered,250,25,connected,0.1,none,DWG,30,83.2,73.5,0.33063559536667525,3386.9666666666667,1.0
unit,clustered,250,25,connected,0.1,none,MS-RG-WT,30,83.36666666666666,73.5,0.4879396912999558,1355.6,1.0
unit,clustered,250,25,connected,0.25,none,CARE-DS,30,85.63333333333334,72.0,0.4162791854666466,104.3,1.0
unit,clustered,250,25,connected,0.25,none,D-EAA-ER,30,86.6,73.5,0.10264637116661102,98.53333333333333,1.0
unit,clustered,250,25,connected,0.25,none,DWG,30,77.93333333333334,70.5,0.306508262733405,3145.1666666666665,1.0
unit,clustered,250,25,connected,0.25,none,MS-RG-WT,30,81.7,73.5,0.4196839745999569,1202.8333333333333,1.0
unit,clustered,250,25,connected,0.5,none,CARE-DS,30,86.03333333333333,72.0,0.37600616159998024,93.83333333333333,1.0
unit,clustered,250,25,connected,0.5,none,D-EAA-ER,30,86.56666666666666,73.5,0.10105477066666327,97.26666666666667,1.0
unit,clustered,250,25,connected,0.5,none,DWG,30,71.1,65.0,0.27163239733326916,2808.4666666666667,1.0
unit,clustered,250,25,connected,0.5,none,MS-RG-WT,30,79.23333333333333,68.5,0.43919070016648526,931.6333333333333,1.0
unit,clustered,250,25,dominating,0.0,none,CARE-DS,30,138.9,133.0,0.31609372703333066,1957.9,1.0
unit,clustered,250,25,dominating,0.0,none,D-EAA-ER,30,136.53333333333333,133.0,0.01693601559988257,128.36666666666667,1.0
unit,clustered,250,25,dominating,0.0,none,DWG,30,138.76666666666668,133.0,0.23177742989989078,4691.566666666667,1.0
unit,clustered,250,25,dominating,0.0,none,MS-RG-WT,30,138.9,133.0,0.21168524836663585,2479.4666666666667,1.0
unit,clustered,250,25,dominating,0.1,none,CARE-DS,30,137.03333333333333,131.5,0.25059964239987187,174.23333333333332,1.0
unit,clustered,250,25,dominating,0.1,none,D-EAA-ER,30,134.4,131.0,0.01783449000001075,129.86666666666667,1.0
unit,clustered,250,25,dominating,0.1,none,DWG,30,127.2,120.5,0.22034175663335792,4272.5,1.0
unit,clustered,250,25,dominating,0.1,none,MS-RG-WT,30,130.3,124.0,0.199146077666622,2563.366666666667,1.0
unit,clustered,250,25,dominating,0.25,none,CARE-DS,30,136.66666666666666,131.5,0.2184292712666926,142.1,1.0
unit,clustered,250,25,dominating,0.25,none,D-EAA-ER,30,134.4,131.0,0.01742720170001722,129.86666666666667,1.0
unit,clustered,250,25,dominating,0.25,none,DWG,30,115.03333333333333,108.5,0.19018737489996054,3840.8,1.0
unit,clustered,250,25,dominating,0.25,none,MS-RG-WT,30,121.16666666666667,119.5,0.19628916863336293,1999.4666666666667,1.0
unit,clustered,250,25,dominating,0.5,none,CARE-DS,30,135.73333333333332,131.5,0.1900430070332428,124.0,1.0
unit,clustered,250,25,dominating,0.5,none,D-EAA-ER,30,134.3,131.0,0.017661049366658167,127.86666666666666,1.0
unit,clustered,250,25,dominating,0.5,none,DWG,30,99.6,93.5,0.17084229863342743,3286.3333333333335,1.0
unit,clustered,250,25,dominating,0.5,none,MS-RG-WT,30,113.66666666666667,105.5,0.16241640280004502,1613.3666666666666,1.0
unit,clustered,250,35,connected,0.0,none,CARE-DS,30,154.8,138.5,1.0277413644999494,2053.3,1.0
unit,clustered,250,35,connected,0.0,none,D-EAA-ER,30,155.16666666666666,138.5,0.23342117156656358,155.73333333333332,1.0
unit,clustered,250,35,connected,0.0,none,DWG,30,155.06666666666666,138.5,0.6612953370667431,5263.766666666666,1.0
unit,clustered,250,35,connected,0.0,none,MS-RG-WT,30,155.03333333333333,138.5,0.9304182672667897,2796.8,1.0
unit,clustered,250,35,connected,0.1,none,CARE-DS,30,152.13333333333333,137.0,0.8390039061332573,197.7,1.0
unit,clustered,250,35,connected,0.1,none,D-EAA-ER,30,152.86666666666667,136.5,0.23485749420002924,155.36666666666667,1.0
unit,clustered,250,35,connected,0.1,none,DWG,30,142.96666666666667,128.0,0.5206571346000601,4841.0,1.0
unit,clustered,250,35,connected,0.1,none,MS-RG-WT,30,146.2,130.5,0.9442588843666878,2506.4333333333334,1.0
unit,clustered,250,35,connected,0.25,none,CARE-DS,30,151.83333333333334,137.0,0.7763906119000846,170.96666666666667,1.0
unit,clustered,250,35,connected,0.25,none,D-EAA-ER,30,152.86666666666667,136.5,0.2424031818333484,155.36666666666667,1.0
unit,clustered,250,35,connected,0.25,none,DWG,30,130.13333333333333,117.5,0.504395699166768,4371.5,1.0
unit,clustered,250,35,connected,0.25,none,MS-RG-WT,30,138.2,124.5,0.9576458497333078,2196.3,1.0
unit,clustered,250,35,connected,0.5,none,CARE-DS,30,152.5,136.5,0.6056107416667146,133.83333333333334,1.0
unit,clustered,250,35,connected,0.5,none,D-EAA-ER,30,152.76666666666668,136.5,0.23962881893324567,154.56666666666666,1.0
unit,clustered,250,35,connected,0.5,none,DWG,30,113.8,106.0,0.42000441826667156,3798.733333333333,1.0
unit,clustered,250,35,connected,0.5,none,MS-RG-WT,30,128.33333333333334,117.5,0.9898999241666995,1710.4333333333334,1.0
unit,clustered,250,35,dominating,0.0,none,CARE-DS,30,219.1,217.5,0.43517491796668156,2909.5,1.0
unit,clustered,250,35,dominating,0.0,none,D-EAA-ER,30,219.06666666666666,217.5,0.030547876400032647,172.46666666666667,1.0
unit,clustered,250,35,dominating,0.0,none,DWG,30,218.43333333333334,214.5,0.3734154287666873,5879.833333333333,1.0
unit,clustered,250,35,dominating,0.0,none,MS-RG-WT,30,217.23333333333332,214.0,0.3020116658000612,3744.133333333333,1.0
unit,clustered,250,35,dominating,0.1,none,CARE-DS,30,215.0,214.5,0.3537494849333901,223.66666666666666,1.0
unit,clustered,250,35,dominating,0.1,none,D-EAA-ER,30,215.36666666666667,213.5,0.030748164000033235,172.73333333333332,1.0
unit,clustered,250,35,dominating,0.1,none,DWG,30,198.73333333333332,195.0,0.3362277573333813,5338.333333333333,1.0
unit,clustered,250,35,dominating,0.1,none,MS-RG-WT,30,203.0,196.5,0.26207370699991467,3365.633333333333,1.0
unit,clustered,250,35,dominating,0.25,none,CARE-DS,30,215.5,213.0,0.29656148073336225,185.6,1.0
unit,clustered,250,35,dominating,0.25,none,D-EAA-ER,30,215.36666666666667,213.5,0.0343732560999948,172.7,1.0
unit,clustered,250,35,dominating,0.25,none,DWG,30,177.63333333333333,173.5,0.29960452933334325,4743.333333333333,1.0
unit,clustered,250,35,dominating,0.25,none,MS-RG-WT,30,188.0,182.5,0.2492336058000243,2884.233333333333,1.0
unit,clustered,250,35,dominating,0.5,none,CARE-DS,30,215.5,214.5,0.24332670239997845,152.2,1.0
unit,clustered,250,35,dominating,0.5,none,D-EAA-ER,30,215.06666666666666,213.5,0.03147754896669232,173.33333333333334,1.0
unit,clustered,250,35,dominating,0.5,none,DWG,30,151.56666666666666,147.0,0.2513837986333783,4025.2,1.0
unit,clustered,250,35,dominating,0.5,none,MS-RG-WT,30,170.9,162.0,0.1937955085000491,2419.8333333333335,1.0
unit,clustered,500,15,connected,0.0,none,CARE-DS,30,26.866666666666667,25.0,0.887727929433216,178.8,1.0
unit,clustered,500,15,connected,0.0,none,D-EAA-ER,30,26.866666666666667,25.0,0.1685321000332199,24.5,1.0
unit,clustered,500,15,connected,0.0,none,DWG,30,26.866666666666667,25.0,0.5769766507667555,1909.3333333333333,1.0
unit,clustered,500,15,connected,0.0,none,MS-RG-WT,30,26.866666666666667,25.0,0.6524376152999746,178.8,1.0
unit,clustered,500,15,connected,0.1,none,CARE-DS,30,26.866666666666667,25.0,0.894138413300061,25.8,1.0
unit,clustered,500,15,connected,0.1,none,D-EAA-ER,30,26.866666666666667,25.0,0.16894128613330392,24.5,1.0
unit,clustered,500,15,connected,0.1,none,DWG,30,26.833333333333332,25.0,0.5766751477332036,1921.5333333333333,1.0
unit,clustered,500,15,connected,0.1,none,MS-RG-WT,30,26.833333333333332,25.0,0.5923635432332048,326.76666666666665,1.0
unit,clustered,500,15,connected,0.25,none,CARE-DS,30,26.866666666666667,25.0,0.6744458738666254,18.833333333333332,1.0
unit,clustered,500,15,connected,0.25,none,D-EAA-ER,30,26.866666666666667,25.0,0.17258530379998166,24.5,1.0
unit,clustered,500,15,connected,0.25,none,DWG,30,26.5,25.0,0.5657634396334288,1898.6,1.0
unit,clustered,500,15,connected,0.25,none,MS-RG-WT,30,26.533333333333335,25.0,0.6500181174666371,292.73333333333335,1.0
unit,clustered,500,15,connected,0.5,none,CARE-DS,30,26.866666666666667,25.0,0.8090559895999528,22.266666666666666,1.0
unit,clustered,500,15,connected,0.5,none,D-EAA-ER,30,26.866666666666667,25.0,0.17098912496676347,24.5,1.0
unit,clustered,500,15,connected,0.5,none,DWG,30,26.133333333333333,25.0,0.5695406589000717,1876.7666666666667,1.0
unit,clustered,500,15,connected,0.5,none,MS-RG-WT,30,26.333333333333332,25.0,0.685463765866704,200.06666666666666,1.0
unit,clustered,500,15,dominating,0.0,none,CARE-DS,30,81.63333333333334,76.0,0.587158118933318,1856.7333333333333,1.0
unit,clustered,500,15,dominating,0.0,none,D-EAA-ER,30,81.63333333333334,76.0,0.02359407206665002,229.6,1.0
unit,clustered,500,15,dominating,0.0,none,DWG,30,81.63333333333334,76.0,0.4007867448332642,7392.533333333334,1.0
unit,clustered,500,15,dominating,0.0,none,MS-RG-WT,30,81.63333333333334,76.0,0.42284817083333714,2185.5666666666666,1.0
unit,clustered,500,15,dominating,0.1,none,CARE-DS,30,80.4,75.0,0.4908757498667304,271.93333333333334,1.0
unit,clustered,500,15,dominating,0.1,none,D-EAA-ER,30,80.23333333333333,74.5,0.021988820066841625,227.1,1.0
unit,clustered,500,15,dominating,0.1,none,DWG,30,74.8,70.0,0.3752604018332325,6659.433333333333,1.0
unit,clustered,500,15,dominating,0.1,none,MS-RG-WT,30,77.73333333333333,73.0,0.3768647752000106,2360.133333333333,1.0
unit,clustered,500,15,dominating,0.25,none,CARE-DS,30,80.4,75.0,0.42597941596653377,240.0,1.0
unit,clustered,500,15,dominating,0.25,none,D-EAA-ER,30,80.23333333333333,74.5,0.021005400300085308,226.93333333333334,1.0
unit,clustered,500,15,dominating,0.25,none,DWG,30,67.8,64.0,0.33164264703321655,5908.0,1.0
unit,clustered,500,15,dominating,0.25,none,MS-RG-WT,30,74.06666666666666,71.5,0.3787442072667545,2063.5,1.0
unit,clustered,500,15,dominating,0.5,none,CARE-DS,30,80.43333333333334,75.0,0.38874815676663277,227.26666666666668,1.0
unit,clustered,500,15,dominating,0.5,none,D-EAA-ER,30,80.23333333333333,74.5,0.020068697900054104,227.0,1.0
unit,clustered,500,15,dominating,0.5,none,DWG,30,59.1,57.0,0.2914786215999508,5007.733333333334,1.0
unit,clustered,500,15,dominating,0.5,none,MS-RG-WT,30,69.03333333333333,66.5,0.3274025391333756,1788.7666666666667,1.0
unit,clustered,500,25,connected,0.0,none,CARE-DS,30,48.36666666666667,46.0,1.6758967731999594,570.6,1.0
unit,clustered,500,25,connected,0.0,none,D-EAA-ER,30,48.2,46.0,0.3649792894333283,80.46666666666667,1.0
unit,clustered,500,25,connected,0.0,none,DWG,30,48.36666666666667,46.0,0.9610482024666757,3418.8333333333335,1.0
unit,clustered,500,25,connected,0.0,none,MS-RG-WT,30,48.36666666666667,46.0,1.4717146031000994,633.3666666666667,1.0
unit,clustered,500,25,connected,0.1,none,CARE-DS,30,47.93333333333333,46.0,1.4231654713333834,116.7,1.0
unit,clustered,500,25,connected,0.1,none,D-EAA-ER,30,47.96666666666667,46.0,0.36242504713339563,80.83333333333333,1.0
unit,clustered,500,25,connected,0.1,none,DWG,30,47.36666666666667,45.0,0.9001487438333242,3354.766666666667,1.0
unit,clustered,500,25,connected,0.1,none,MS-RG-WT,30,47.86666666666667,46.0,1.5091450656665983,501.76666666666665,1.0
unit,clustered,500,25,connected,0.25,none,CARE-DS,30,47.96666666666667,46.0,1.4360793075332974,80.3,1.0
unit,clustered,500,25,connected,0.25,none,D-EAA-ER,30,47.96666666666667,46.0,0.34936700899994927,80.76666666666667,1.0
unit,clustered,500,25,connected,0.25,none,DWG,30,45.96666666666667,44.5,0.8503001946667003,3247.233333333333,1.0
unit,clustered,500,25,connected,0.25,none,MS-RG-WT,30,47.53333333333333,46.0,1.4511537234667231,470.1666666666667,1.0
unit,clustered,500,25,connected,0.5,none,CARE-DS,30,47.96666666666667,46.0,1.2181633378998715,67.53333333333333,1.0
unit,clustered,500,25,connected,0.5,none,D-EAA-ER,30,47.96666666666667,46.0,0.35234955600008105,80.76666666666667,1.0
unit,clustered,500,25,connected,0.5,none,DWG,30,44.03333333333333,42.5,0.8257930547333672,3103.5333333333333,1.0
unit,clustered,500,25,connected,0.5,none,MS-RG-WT,30,46.4,46.0,1.5689268825666658,553.5333333333333,1.0
unit,clustered,500,25,dominating,0.0,none,CARE-DS,30,108.06666666666666,109.0,0.6996114966667847,2639.5,1.0
unit,clustered,500,25,dominating,0.0,none,D-EAA-ER,30,108.06666666666666,109.0,0.02970162450001221,213.56666666666666,1.0
unit,clustered,500,25,dominating,0.0,none,DWG,30,108.06666666666666,109.0,0.49403538516671686,7308.233333333334,1.0
unit,clustered,500,25,dominating,0.0,none,MS-RG-WT,30,108.06666666666666,109.0,0.5554788850333352,3230.2,1.0
unit,clustered,500,25,dominating,0.1,none,CARE-DS,30,106.63333333333334,107.5,0.6000378642333696,294.23333333333335,1.0
unit,clustered,500,25,dominating,0.1,none,D-EAA-ER,30,106.43333333333334,107.0,0.02941454089999141,210.6,1.0
unit,clustered,500,25,dominating,0.1,none,DWG,30,99.13333333333334,100.5,0.4629084057,6629.466666666666,1.0
unit,clustered,500,25,dominating,0.1,none,MS-RG-WT,30,101.8,102.0,0.4933506822000709,3724.3,1.0
unit,clustered,500,25,dominating,0.25,none,CARE-DS,30,106.56666666666666,107.5,0.5617055251334022,232.0,1.0
unit,clustered,500,25,dominating,0.25,none,D-EAA-ER,30,106.43333333333334,107.0,0.030350087966629212,210.56666666666666,1.0
unit,clustered,500,25,dominating,0.25,none,DWG,30,89.96666666666667,90.5,0.42688548106665014,5976.533333333334,1.0
unit,clustered,500,25,dominating,0.25,none,MS-RG-WT,30,97.53333333333333,95.0,0.48654609716665315,2872.0,1.0
unit,clustered,500,25,dominating,0.5,none,CARE-DS,30,106.56666666666666,107.5,0.5198061634667284,196.7,1.0
unit,clustered,500,25,dominating,0.5,none,D-EAA-ER,30,106.4,107.0,0.030570241999976086,210.56666666666666,1.0
unit,clustered,500,25,dominating,0.5,none,DWG,30,78.73333333333333,78.5,0.3691873769333142,5161.633333333333,1.0
unit,clustered,500,25,dominating,0.5,none,MS-RG-WT,30,91.6,93.5,0.455021562666631,2353.8333333333335,1.0
unit,clustered,500,35,connected,0.0,none,CARE-DS,30,56.46666666666667,52.5,2.0732887253999555,511.8666666666667,1.0
unit,clustered,500,35,connected,0.0,none,D-EAA-ER,30,56.53333333333333,52.5,0.4836024743000356,69.9,1.0
unit,clustered,500,35,connected,0.0,none,DWG,30,56.53333333333333,52.5,1.1425375735000065,3321.0,1.0
unit,clustered,500,35,connected,0.0,none,MS-RG-WT,30,56.53333333333333,52.5,1.736352432466659,622.9666666666667,1.0
unit,clustered,500,35,connected,0.1,none,CARE-DS,30,56.233333333333334,52.5,1.9537316528334183,86.26666666666667,1.0
unit,clustered,500,35,connected,0.1,none,D-EAA-ER,30,56.166666666666664,52.5,0.48540264573330205,69.8,1.0
unit,clustered,500,35,connected,0.1,none,DWG,30,55.3,52.5,1.0279259979666677,3257.4666666666667,1.0
unit,clustered,500,35,connected,0.1,none,MS-RG-WT,30,55.86666666666667,52.5,1.7637982214666408,659.4666666666667,1.0
unit,clustered,500,35,connected,0.25,none,CARE-DS,30,56.2,52.5,1.9409688315334581,73.66666666666667,1.0
unit,clustered,500,35,connected,0.25,none,D-EAA-ER,30,56.166666666666664,52.5,0.49680442200002894,69.8,1.0
unit,clustered,500,35,connected,0.25,none,DWG,30,53.766666666666666,52.5,1.0157839351333982,3152.8333333333335,1.0
unit,clustered,500,35,connected,0.25,none,MS-RG-WT,30,55.2,52.5,1.5791788428665616,790.7,1.0
unit,clustered,500,35,connected,0.5,none,CARE-DS,30,56.233333333333334,52.5,2.0190158025999456,62.3,1.0
unit,clustered,500,35,connected,0.5,none,D-EAA-ER,30,56.166666666666664,52.5,0.47549354793333504,69.8,1.0
unit,clustered,500,35,connected,0.5,none,DWG,30,51.36666666666667,52.0,0.9584583725666259,3014.4666666666667,1.0
unit,clustered,500,35,connected,0.5,none,MS-RG-WT,30,54.266666666666666,52.5,1.9156522933333084,625.5333333333333,1.0
unit,clustered,500,35,dominating,0.0,none,CARE-DS,30,118.93333333333334,108.0,0.8419398500333954,2340.8,1.0
unit,clustered,500,35,dominating,0.0,none,D-EAA-ER,30,118.93333333333334,108.0,0.039427779533313355,193.23333333333332,1.0
unit,clustered,500,35,dominating,0.0,none,DWG,30,118.93333333333334,108.0,0.5655302064666708,6288.8,1.0
unit,clustered,500,35,dominating,0.0,none,MS-RG-WT,30,118.93333333333334,108.0,0.7007198813667249,2893.9,1.0
unit,clustered,500,35,dominating,0.1,none,CARE-DS,30,117.3,107.0,0.7285183340000003,259.56666666666666,1.0
unit,clustered,500,35,dominating,0.1,none,D-EAA-ER,30,116.9,106.0,0.039216205133410106,189.63333333333333,1.0
unit,clustered,500,35,dominating,0.1,none,DWG,30,109.46666666666667,99.5,0.5126781967666526,5763.633333333333,1.0
unit,clustered,500,35,dominating,0.1,none,MS-RG-WT,30,112.43333333333334,101.0,0.5343360290333294,3223.9,1.0
unit,clustered,500,35,dominating,0.25,none,CARE-DS,30,117.2,107.0,0.6652055413001108,191.4,1.0
unit,clustered,500,35,dominating,0.25,none,D-EAA-ER,30,116.9,106.0,0.04016969296665892,189.63333333333333,1.0
unit,clustered,500,35,dominating,0.25,none,DWG,30,99.36666666666666,92.0,0.47258763306666274,5204.3,1.0
unit,clustered,500,35,dominating,0.25,none,MS-RG-WT,30,106.16666666666667,98.5,0.4819841188666942,2717.4,1.0
unit,clustered,500,35,dominating,0.5,none,CARE-DS,30,116.8,107.0,0.645723099766686,173.63333333333333,1.0
unit,clustered,500,35,dominating,0.5,none,D-EAA-ER,30,116.9,106.0,0.03785569369989991,189.63333333333333,1.0
unit,clustered,500,35,dominating,0.5,none,DWG,30,86.73333333333333,82.0,0.40426979546673464,4475.066666666667,1.0
unit,clustered,500,35,dominating,0.5,none,MS-RG-WT,30,102.53333333333333,100.5,0.49168421429997883,2069.7,1.0
unit,er,50,15,connected,0.0,none,CARE-DS,30,412.6,423.5,0.5810309679666413,2207.8,1.0
unit,er,50,15,connected,0.0,none,D-EAA-ER,30,383.6,386.5,0.021527679099987478,185.46666666666667,1.0
unit,er,50,15,connected,0.0,none,DWG,30,428.7,452.5,0.1335011733332976,4532.9,1.0
unit,er,50,15,connected,0.0,none,MS-RG-WT,30,406.3,415.5,0.10172683993329576,3147.633333333333,1.0
unit,er,50,15,connected,0.1,none,CARE-DS,30,395.53333333333336,409.0,0.37545713843334544,250.93333333333334,1.0
unit,er,50,15,connected,0.1,none,D-EAA-ER,30,375.9,375.0,0.023668412666696236,183.43333333333334,1.0
unit,er,50,15,connected,0.1,none,DWG,30,388.9,407.5,0.12313646613332212,4102.4,1.0
unit,er,50,15,connected,0.1,none,MS-RG-WT,30,379.3333333333333,388.5,0.11145769420008943,3103.9333333333334,1.0
unit,er,50,15,connected,0.25,none,CARE-DS,30,401.1666666666667,409.0,0.26833509026670677,192.06666666666666,1.0
unit,er,50,15,connected,0.25,none,D-EAA-ER,30,375.8666666666667,375.0,0.023645662966737244,183.26666666666668,1.0
unit,er,50,15,connected,0.25,none,DWG,30,345.3,363.5,0.11101012186654766,3629.0333333333333,1.0
unit,er,50,15,connected,0.25,none,MS-RG-WT,30,344.2,357.5,0.10798357573339666,2672.233333333333,1.0
unit,er,50,15,connected,0.5,none,CARE-DS,30,388.56666666666666,397.0,0.2155391010998452,165.2,1.0
unit,er,50,15,connected,0.5,none,D-EAA-ER,30,373.53333333333336,373.0,0.023083849933360965,178.76666666666668,1.0
unit,er,50,15,connected,0.5,none,DWG,30,292.7,309.0,0.09550487210011241,3055.6,1.0
unit,er,50,15,connected,0.5,none,MS-RG-WT,30,308.53333333333336,325.5,0.09498049900003021,2057.1,1.0
unit,er,50,15,dominating,0.0,none,CARE-DS,30,433.5,437.0,0.1608510279999791,2602.733333333333,1.0
unit,er,50,15,dominating,0.0,none,D-EAA-ER,30,397.3666666666667,408.0,0.01100040639994398,207.83333333333334,1.0
unit,er,50,15,dominating,0.0,none,DWG,30,451.03333333333336,464.0,0.10969500093333405,4966.933333333333,1.0
unit,er,50,15,dominating,0.0,none,MS-RG-WT,30,427.7,444.0,0.07565508340003357,3480.0,1.0
unit,er,50,15,dominating,0.1,none,CARE-DS,30,417.3666666666667,427.0,0.09843518539998206,285.3666666666667,1.0
unit,er,50,15,dominating,0.1,none,D-EAA-ER,30,389.9,397.5,0.013811496733463423,203.9,1.0
unit,er,50,15,dominating,0.1,none,DWG,30,409.0,421.5,0.09876131063329008,4490.666666666667,1.0
unit,er,50,15,dominating,0.1,none,MS-RG-WT,30,390.1666666666667,404.5,0.08338766309998387,3302.1,1.0
unit,er,50,15,dominating,0.25,none,CARE-DS,30,409.8,416.0,0.06521836236670421,212.9,1.0
unit,er,50,15,dominating,0.25,none,D-EAA-ER,30,389.73333333333335,397.5,0.013599692566731348,201.53333333333333,1.0
unit,er,50,15,dominating,0.25,none,DWG,30,363.4,374.5,0.09415044680011606,3974.9666666666667,1.0
unit,er,50,15,dominating,0.25,none,MS-RG-WT,30,356.56666666666666,361.0,0.07377762493330613,2739.9666666666667,1.0
unit,er,50,15,dominating,0.5,none,CARE-DS,30,402.8,409.5,0.050139658233244164,182.3,1.0
unit,er,50,15,dominating,0.5,none,D-EAA-ER,30,387.4,394.5,0.01351571746669525,196.96666666666667,1.0
unit,er,50,15,dominating,0.5,none,DWG,30,306.7,316.5,0.07709045406675913,3340.8333333333335,1.0
unit,er,50,15,dominating,0.5,none,MS-RG-WT,30,323.96666666666664,323.0,0.06980463883340533,2211.8333333333335,1.0
unit,er,50,25,connected,0.0,none,CARE-DS,30,819.9333333333333,825.5,0.3360506142000304,3193.6666666666665,1.0
unit,er,50,25,connected,0.0,none,D-EAA-ER,30,745.4666666666667,757.0,0.05049488623344582,218.8,1.0
unit,er,50,25,connected,0.0,none,DWG,30,892.4666666666667,894.5,0.22428848226660797,5605.9,1.0
unit,er,50,25,connected,0.0,none,MS-RG-WT,30,828.9,833.5,0.1943649751334002,4682.633333333333,1.0
unit,er,50,25,connected,0.1,none,CARE-DS,30,801.9333333333333,812.5,0.24025465013343514,345.4,1.0
unit,er,50,25,connected,0.1,none,D-EAA-ER,30,736.8666666666667,744.0,0.055676558799920374,222.96666666666667,1.0
unit,er,50,25,connected,0.1,none,DWG,30,806.2,807.5,0.21177356819998747,5045.4,1.0
unit,er,50,25,connected,0.1,none,MS-RG-WT,30,748.9333333333333,751.5,0.2123271395667264,4274.333333333333,1.0
unit,er,50,25,connected,0.25,none,CARE-DS,30,788.2666666666667,790.5,0.17351158489994606,240.16666666666666,1.0
unit,er,50,25,connected,0.25,none,D-EAA-ER,30,736.6666666666666,744.0,0.05390486230007805,221.83333333333334,1.0
unit,er,50,25,connected,0.25,none,DWG,30,711.6,711.5,0.1847467238334502,4449.833333333333,1.0
unit,er,50,25,connected,0.25,none,MS-RG-WT,30,677.4333333333333,676.5,0.18675397696667154,3678.5666666666666,1.0
unit,er,50,25,connected,0.5,none,CARE-DS,30,778.0333333333333,780.0,0.13150179850008495,192.46666666666667,1.0
unit,er,50,25,connected,0.5,none,D-EAA-ER,30,728.6666666666666,729.5,0.057853579433321964,209.96666666666667,1.0
unit,er,50,25,connected,0.5,none,DWG,30,596.1333333333333,598.0,0.16479378126659863,3725.366666666667,1.0
unit,er,50,25,connected,0.5,none,MS-RG-WT,30,597.1,592.0,0.16627508000001395,2938.8333333333335,1.0
unit,er,50,25,dominating,0.0,none,CARE-DS,30,738.1,737.5,0.23783078700007534,3154.133333333333,1.0
unit,er,50,25,dominating,0.0,none,D-EAA-ER,30,669.1333333333333,672.0,0.022837107966612726,239.56666666666666,1.0
unit,er,50,25,dominating,0.0,none,DWG,30,795.9666666666667,796.0,0.15943682050001368,5724.133333333333,1.0
unit,er,50,25,dominating,0.0,none,MS-RG-WT,30,743.1666666666666,738.5,0.12795734113327245,4582.233333333334,1.0
unit,er,50,25,dominating,0.1,none,CARE-DS,30,709.4666666666667,709.0,0.13347333523336902,376.03333333333336,1.0
unit,er,50,25,dominating,0.1,none,D-EAA-ER,30,655.2,659.0,0.027834373966743393,236.56666666666666,1.0
unit,er,50,25,dominating,0.1,none,DWG,30,718.3,717.0,0.1463564456333491,5159.666666666667,1.0
unit,er,50,25,dominating,0.1,none,MS-RG-WT,30,672.9333333333333,677.5,0.13526884943333545,4290.7,1.0
unit,er,50,25,dominating,0.25,none,CARE-DS,30,704.4333333333333,709.5,0.09846948293334204,262.8333333333333,1.0
unit,er,50,25,dominating,0.25,none,D-EAA-ER,30,654.6666666666666,658.0,0.026257805399958017,233.2,1.0
unit,er,50,25,dominating,0.25,none,DWG,30,634.2333333333333,636.5,0.13036373796667244,4554.666666666667,1.0
unit,er,50,25,dominating,0.25,none,MS-RG-WT,30,613.4,616.0,0.11775368360016117,3640.4,1.0
unit,er,50,25,dominating,0.5,none,CARE-DS,30,700.5666666666667,710.0,0.0724786419000641,209.7,1.0
unit,er,50,25,dominating,0.5,none,D-EAA-ER,30,650.7666666666667,653.5,0.028167271733370046,217.8,1.0
unit,er,50,25,dominating,0.5,none,DWG,30,531.4,531.0,0.10716185650001833,3811.633333333333,1.0
unit,er,50,25,dominating,0.5,none,MS-RG-WT,30,554.2666666666667,553.5,0.10925041823335652,2858.266666666667,1.0
unit,er,50,35,connected,0.0,none,CARE-DS,30,1339.0666666666666,1333.5,0.3256560583667124,4112.3,1.0
unit,er,50,35,connected,0.0,none,D-EAA-ER,30,1241.8333333333333,1246.5,0.07866158576669018,207.26666666666668,1.0
unit,er,50,35,connected,0.0,none,DWG,30,1421.9,1412.0,0.31107950160010583,5788.233333333334,1.0
unit,er,50,35,connected,0.0,none,MS-RG-WT,30,1324.7,1311.0,0.2744131295998613,5227.466666666666,1.0
unit,er,50,35,connected,0.1,none,CARE-DS,30,1300.9,1299.0,0.24912555560006994,317.3333333333333,1.0
unit,er,50,35,connected,0.1,none,D-EAA-ER,30,1215.0,1200.0,0.08013008080005947,206.16666666666666,1.0
unit,er,50,35,connected,0.1,none,DWG,30,1283.0,1276.5,0.28304319026676694,5211.166666666667,1.0
unit,er,50,35,connected,0.1,none,MS-RG-WT,30,1194.5666666666666,1179.0,0.31651824766662456,4731.2,1.0
unit,er,50,35,connected,0.25,none,CARE-DS,30,1305.3666666666666,1295.5,0.1883254198666691,220.93333333333334,1.0
unit,er,50,35,connected,0.25,none,D-EAA-ER,30,1213.9333333333334,1199.5,0.0851467875999181,203.86666666666667,1.0
unit,er,50,35,connected,0.25,none,DWG,30,1130.7333333333333,1122.5,0.26683461806658215,4596.033333333334,1.0
unit,er,50,35,connected,0.25,none,MS-RG-WT,30,1075.2333333333333,1066.0,0.27863916653330983,4091.233333333333,1.0
unit,er,50,35,connected,0.5,none,CARE-DS,30,1283.9,1266.0,0.14879357133322627,173.03333333333333,1.0
unit,er,50,35,connected,0.5,none,D-EAA-ER,30,1207.0666666666666,1194.5,0.08344296666665511,192.46666666666667,1.0
unit,er,50,35,connected,0.5,none,DWG,30,943.4,937.0,0.22821034429995277,3829.9,1.0
unit,er,50,35,connected,0.5,none,MS-RG-WT,30,926.8666666666667,917.5,0.2535109337999908,3342.233333333333,1.0
unit,er,50,35,dominating,0.0,none,CARE-DS,30,1056.1333333333334,1063.0,0.25788204263337017,3770.5,1.0
unit,er,50,35,dominating,0.0,none,D-EAA-ER,30,973.6666666666666,975.5,0.03636366643339665,223.03333333333333,1.0
unit,er,50,35,dominating,0.0,none,DWG,30,1116.7666666666667,1124.0,0.19405982560001572,5883.266666666666,1.0
unit,er,50,35,dominating,0.0,none,MS-RG-WT,30,1055.5666666666666,1047.0,0.15629059813337182,5087.233333333334,1.0
unit,er,50,35,dominating,0.1,none,CARE-DS,30,1032.6,1024.5,0.15830045573327423,368.76666666666665,1.0
unit,er,50,35,dominating,0.1,none,D-EAA-ER,30,959.5666666666667,952.5,0.03564942129985027,219.46666666666667,1.0
unit,er,50,35,dominating,0.1,none,DWG,30,1006.5333333333333,1016.0,0.16075620933340812,5299.133333333333,1.0
unit,er,50,35,dominating,0.1,none,MS-RG-WT,30,953.9333333333333,954.5,0.1567581464333064,4689.833333333333,1.0
unit,er,50,35,dominating,0.25,none,CARE-DS,30,1019.2,1012.5,0.11845031123339517,251.46666666666667,1.0
unit,er,50,35,dominating,0.25,none,D-EAA-ER,30,958.9,951.0,0.03974432986671743,217.1,1.0
unit,er,50,35,dominating,0.25,none,DWG,30,886.9666666666667,895.0,0.16293135266663508,4670.1,1.0
unit,er,50,35,dominating,0.25,none,MS-RG-WT,30,858.2666666666667,863.5,0.1556183882666005,4049.5,1.0
unit,er,50,35,dominating,0.5,none,CARE-DS,30,1006.0666666666667,1013.0,0.08569220493327895,192.5,1.0
unit,er,50,35,dominating,0.5,none,D-EAA-ER,30,954.5333333333333,948.5,0.03717115553333764,200.63333333333333,1.0
unit,er,50,35,dominating,0.5,none,DWG,30,738.3666666666667,743.0,0.13206334046670534,3895.8333333333335,1.0
unit,er,50,35,dominating,0.5,none,MS-RG-WT,30,760.0666666666667,763.5,0.14753616356670513,3206.233333333333,1.0
unit,er,100,15,connected,0.0,none,CARE-DS,30,355.26666666666665,364.5,0.3925679087333265,4047.866666666667,1.0
unit,er,100,15,connected,0.0,none,D-EAA-ER,30,331.4,340.0,0.05600338479995718,342.4,1.0
unit,er,100,15,connected,0.0,none,DWG,30,355.1666666666667,367.0,0.2577080577999368,7759.133333333333,1.0
unit,er,100,15,connected,0.0,none,MS-RG-WT,30,342.2,353.5,0.236678552266585,5281.966666666666,1.0
unit,er,100,15,connected,0.1,none,CARE-DS,30,341.0,335.5,0.27281797986670425,493.6,1.0
unit,er,100,15,connected,0.1,none,D-EAA-ER,30,323.3,331.5,0.06130731653332377,346.3666666666667,1.0
unit,er,100,15,connected,0.1,none,DWG,30,324.2,334.0,0.23517280086665168,7055.266666666666,1.0
unit,er,100,15,connected,0.1,none,MS-RG-WT,30,321.56666666666666,334.0,0.24780086973341892,5193.433333333333,1.0
unit,er,100,15,connected,0.25,none,CARE-DS,30,337.1666666666667,344.5,0.2208868201000162,384.1666666666667,1.0
unit,er,100,15,connected,0.25,none,D-EAA-ER,30,323.3666666666667,331.5,0.062217471499934576,345.43333333333334,1.0
unit,er,100,15,connected,0.25,none,DWG,30,289.5,297.0,0.20744148636655757,6282.7,1.0
unit,er,100,15,connected,0.25,none,MS-RG-WT,30,292.9,303.5,0.232579149366605,4387.666666666667,1.0
unit,er,100,15,connected,0.5,none,CARE-DS,30,332.03333333333336,328.5,0.17803478313329224,329.8,1.0
unit,er,100,15,connected,0.5,none,D-EAA-ER,30,321.8,330.0,0.06473637963332896,340.56666666666666,1.0
unit,er,100,15,connected,0.5,none,DWG,30,245.46666666666667,252.5,0.18928858869994653,5299.033333333334,1.0
unit,er,100,15,connected,0.5,none,MS-RG-WT,30,265.26666666666665,270.0,0.20658173413339678,3549.0333333333333,1.0
unit,er,100,15,dominating,0.0,none,CARE-DS,30,402.5,420.0,0.3573162996333546,4905.266666666666,1.0
unit,er,100,15,dominating,0.0,none,D-EAA-ER,30,365.1,367.5,0.019824778833208205,406.06666666666666,1.0
unit,er,100,15,dominating,0.0,none,DWG,30,407.8333333333333,411.0,0.2195871211334027,8901.366666666667,1.0
unit,er,100,15,dominating,0.0,none,MS-RG-WT,30,388.73333333333335,399.0,0.14050365186670505,5935.0,1.0
unit,er,100,15,dominating,0.1,none,CARE-DS,30,388.8333333333333,395.5,0.20585000423331315,579.8,1.0
unit,er,100,15,dominating,0.1,none,D-EAA-ER,30,355.8,363.0,0.023432784099926062,391.3333333333333,1.0
unit,er,100,15,dominating,0.1,none,DWG,30,371.96666666666664,378.0,0.2161073066332998,8087.4,1.0
unit,er,100,15,dominating,0.1,none,MS-RG-WT,30,362.23333333333335,368.5,0.14207176633332583,5907.166666666667,1.0
unit,er,100,15,dominating,0.25,none,CARE-DS,30,383.3333333333333,389.5,0.13952942419991812,463.93333333333334,1.0
unit,er,100,15,dominating,0.25,none,D-EAA-ER,30,355.73333333333335,363.0,0.022308450933360237,389.0,1.0
unit,er,100,15,dominating,0.25,none,DWG,30,331.6,338.0,0.1938357062001159,7200.4,1.0
unit,er,100,15,dominating,0.25,none,MS-RG-WT,30,334.6333333333333,346.5,0.13371985823317414,5043.733333333334,1.0
unit,er,100,15,dominating,0.5,none,CARE-DS,30,371.0,376.0,0.11127075959993812,403.6,1.0
unit,er,100,15,dominating,0.5,none,D-EAA-ER,30,354.0,360.0,0.021425200099959758,383.6,1.0
unit,er,100,15,dominating,0.5,none,DWG,30,281.1,284.0,0.15158319876660847,6085.0,1.0
unit,er,100,15,dominating,0.5,none,MS-RG-WT,30,299.9,308.5,0.11391560960000784,3972.9333333333334,1.0
unit,er,100,25,connected,0.0,none,CARE-DS,30,685.8,682.0,0.8376429449665921,5372.8,1.0
unit,er,100,25,connected,0.0,none,D-EAA-ER,30,615.4,613.0,0.15132852576677272,529.5333333333333,1.0
unit,er,100,25,connected,0.0,none,DWG,30,745.1,739.0,0.4278239039666308,10869.1,1.0
unit,er,100,25,connected,0.0,none,MS-RG-WT,30,685.4666666666667,691.0,0.4087247236333193,8013.733333333334,1.0
unit,er,100,25,connected,0.1,none,CARE-DS,30,651.3333333333334,649.0,0.6079647885000061,798.3333333333334,1.0
unit,er,100,25,connected,0.1,none,D-EAA-ER,30,599.1333333333333,591.5,0.150751559066551,523.5333333333333,1.0
unit,er,100,25,connected,0.1,none,DWG,30,672.7,670.0,0.406648544100032,9803.7,1.0
unit,er,100,25,connected,0.1,none,MS-RG-WT,30,622.9,626.5,0.4348022683666689,7849.833333333333,1.0
unit,er,100,25,connected,0.25,none,CARE-DS,30,644.6,651.5,0.4618817032333936,611.7666666666667,1.0
unit,er,100,25,connected,0.25,none,D-EAA-ER,30,597.6,590.5,0.14628005609999184,510.23333333333335,1.0
unit,er,100,25,connected,0.25,none,DWG,30,596.6666666666666,593.0,0.3496001367666698,8677.066666666668,1.0
unit,er,100,25,connected,0.25,none,MS-RG-WT,30,569.4333333333333,568.0,0.4122292738332665,6798.9,1.0
unit,er,100,25,connected,0.5,none,CARE-DS,30,630.6666666666666,630.5,0.4271738059999734,498.8333333333333,1.0
unit,er,100,25,connected,0.5,none,D-EAA-ER,30,592.5333333333333,589.0,0.14537097086667924,476.03333333333336,1.0
unit,er,100,25,connected,0.5,none,DWG,30,501.6666666666667,500.5,0.2964509135666351,7296.4,1.0
unit,er,100,25,connected,0.5,none,MS-RG-WT,30,510.26666666666665,508.5,0.36317792839997004,5375.8,1.0
unit,er,100,25,dominating,0.0,none,CARE-DS,30,680.1666666666666,686.5,0.4618433431665835,5270.9,1.0
unit,er,100,25,dominating,0.0,none,D-EAA-ER,30,595.2666666666667,602.0,0.03869058823329392,564.8333333333334,1.0
unit,er,100,25,dominating,0.0,none,DWG,30,746.7666666666667,748.5,0.30405074853333647,11136.766666666666,1.0
unit,er,100,25,dominating,0.0,none,MS-RG-WT,30,679.7666666666667,687.5,0.2154232997999012,7993.433333333333,1.0
unit,er,100,25,dominating,0.1,none,CARE-DS,30,643.5,647.5,0.2518734304666395,858.3333333333334,1.0
unit,er,100,25,dominating,0.1,none,D-EAA-ER,30,587.8666666666667,594.5,0.04324508073335281,566.4,1.0
unit,er,100,25,dominating,0.1,none,DWG,30,675.0,675.0,0.27801117229995115,10069.133333333333,1.0
unit,er,100,25,dominating,0.1,none,MS-RG-WT,30,615.8666666666667,620.0,0.22076598053336052,8012.9,1.0
unit,er,100,25,dominating,0.25,none,CARE-DS,30,633.0,631.5,0.19700379310003577,628.3333333333334,1.0
unit,er,100,25,dominating,0.25,none,D-EAA-ER,30,586.1333333333333,592.0,0.040252527766763975,546.9666666666667,1.0
unit,er,100,25,dominating,0.25,none,DWG,30,597.5,598.5,0.2556398064334037,8921.6,1.0
unit,er,100,25,dominating,0.25,none,MS-RG-WT,30,571.5333333333333,574.5,0.20372472723329335,6807.733333333334,1.0
unit,er,100,25,dominating,0.5,none,CARE-DS,30,624.3,633.0,0.1574884220000361,541.3,1.0
unit,er,100,25,dominating,0.5,none,D-EAA-ER,30,580.0,586.0,0.03973351273334624,504.0,1.0
unit,er,100,25,dominating,0.5,none,DWG,30,502.3666666666667,504.5,0.20811217696664241,7493.233333333334,1.0
unit,er,100,25,dominating,0.5,none,MS-RG-WT,30,512.0333333333333,507.5,0.1862504290666038,5372.666666666667,1.0
unit,er,100,35,connected,0.0,none,CARE-DS,30,960.4666666666667,967.0,0.8760772404331874,6104.7,1.0
unit,er,100,35,connected,0.0,none,D-EAA-ER,30,859.8,855.0,0.2349476999001126,522.4666666666667,1.0
unit,er,100,35,connected,0.0,none,DWG,30,1071.1333333333334,1079.5,0.5920550130666319,11306.8,1.0
unit,er,100,35,connected,0.0,none,MS-RG-WT,30,966.1,965.0,0.651369133766669,9256.666666666666,1.0
unit,er,100,35,connected,0.1,none,CARE-DS,30,922.2,919.5,0.5899034879999817,838.9,1.0
unit,er,100,35,connected,0.1,none,D-EAA-ER,30,840.5666666666667,834.5,0.24242058070000588,517.8333333333334,1.0
unit,er,100,35,connected,0.1,none,DWG,30,967.4666666666667,973.5,0.5604802664666446,10188.733333333334,1.0
unit,er,100,35,connected,0.1,none,MS-RG-WT,30,867.8,872.5,0.6762820684999497,8632.8,1.0
unit,er,100,35,connected,0.25,none,CARE-DS,30,910.2333333333333,901.0,0.5007696608666569,621.0333333333333,1.0
unit,er,100,35,connected,0.25,none,D-EAA-ER,30,839.1666666666666,833.0,0.2511891900998913,506.1666666666667,1.0
unit,er,100,35,connected,0.25,none,DWG,30,854.2666666666667,857.0,0.5181965614667509,8996.933333333332,1.0
unit,er,100,35,connected,0.25,none,MS-RG-WT,30,794.3666666666667,791.0,0.6319938581000012,7433.333333333333,1.0
unit,er,100,35,connected,0.5,none,CARE-DS,30,895.9333333333333,895.5,0.4349447516999741,511.6333333333333,1.0
unit,er,100,35,connected,0.5,none,D-EAA-ER,30,829.2333333333333,821.0,0.24750694883344596,466.93333333333334,1.0
unit,er,100,35,connected,0.5,none,DWG,30,715.4666666666667,719.0,0.4298638115333536,7539.666666666667,1.0
unit,er,100,35,connected,0.5,none,MS-RG-WT,30,701.4333333333333,702.5,0.5728902418333139,6027.633333333333,1.0
unit,er,100,35,dominating,0.0,none,CARE-DS,30,906.6333333333333,905.5,0.5642201746666008,5943.2,1.0
unit,er,100,35,dominating,0.0,none,D-EAA-ER,30,802.4,792.5,0.061785905666602,531.2666666666667,1.0
unit,er,100,35,dominating,0.0,none,DWG,30,1010.0333333333333,1008.5,0.4123119459665759,11414.766666666666,1.0
unit,er,100,35,dominating,0.0,none,MS-RG-WT,30,914.0333333333333,912.5,0.2862118315333646,8959.266666666666,1.0
unit,er,100,35,dominating,0.1,none,CARE-DS,30,865.9333333333333,859.5,0.31135935316669927,898.1,1.0
unit,er,100,35,dominating,0.1,none,D-EAA-ER,30,787.3,776.5,0.06039463993332291,529.8333333333334,1.0
unit,er,100,35,dominating,0.1,none,DWG,30,911.3333333333334,909.0,0.3562318980333354,10301.1,1.0
unit,er,100,35,dominating,0.1,none,MS-RG-WT,30,819.6666666666666,810.0,0.2787628940333889,8670.566666666668,1.0
unit,er,100,35,dominating,0.25,none,CARE-DS,30,856.8666666666667,851.0,0.23269835163315897,641.3,1.0
unit,er,100,35,dominating,0.25,none,D-EAA-ER,30,786.0666666666667,775.0,0.0635511631334035,518.8333333333334,1.0
unit,er,100,35,dominating,0.25,none,DWG,30,804.9333333333333,803.5,0.30504054496665656,9089.1,1.0
unit,er,100,35,dominating,0.25,none,MS-RG-WT,30,750.7,747.0,0.2711328727999899,7455.333333333333,1.0
unit,er,100,35,dominating,0.5,none,CARE-DS,30,839.0333333333333,835.0,0.18007860263329953,531.2333333333333,1.0
unit,er,100,35,dominating,0.5,none,D-EAA-ER,30,778.3666666666667,767.5,0.0625716166333404,477.3666666666667,1.0
unit,er,100,35,dominating,0.5,none,DWG,30,673.6666666666666,671.5,0.26780666473344655,7626.2,1.0
unit,er,100,35,dominating,0.5,none,MS-RG-WT,30,672.1,665.0,0.2514043884666534,5845.233333333334,1.0
unit,er,150,15,connected,0.0,none,CARE-DS,30,324.23333333333335,338.0,0.6951199745000546,5112.766666666666,1.0
unit,er,150,15,connected,0.0,none,D-EAA-ER,30,301.53333333333336,313.5,0.12151954933327332,488.8,1.0
unit,er,150,15,connected,0.0,none,DWG,30,325.23333333333335,332.0,0.40436282693329606,10652.866666666667,1.0
unit,er,150,15,connected,0.0,none,MS-RG-WT,30,314.1333333333333,328.0,0.4002473746666207,6965.8,1.0
unit,er,150,15,connected,0.1,none,CARE-DS,30,314.53333333333336,327.0,0.5351791484667047,735.8,1.0
unit,er,150,15,connected,0.1,none,D-EAA-ER,30,295.6,307.5,0.11646617953335102,483.76666666666665,1.0
unit,er,150,15,connected,0.1,none,DWG,30,297.46666666666664,306.5,0.3664522594334509,9692.3,1.0
unit,er,150,15,connected,0.1,none,MS-RG-WT,30,293.1,300.5,0.40309091550003967,7083.933333333333,1.0
unit,er,150,15,connected,0.25,none,CARE-DS,30,310.2,322.5,0.43680153859995696,560.6,1.0
unit,er,150,15,connected,0.25,none,D-EAA-ER,30,295.56666666666666,307.5,0.12166289753334539,484.06666666666666,1.0
unit,er,150,15,connected,0.25,none,DWG,30,265.6333333333333,271.5,0.34300630263339066,8623.633333333333,1.0
unit,er,150,15,connected,0.25,none,MS-RG-WT,30,271.76666666666665,281.0,0.4093454094666413,5889.666666666667,1.0
unit,er,150,15,connected,0.5,none,CARE-DS,30,304.8,313.0,0.3894890776000163,502.1,1.0
unit,er,150,15,connected,0.5,none,D-EAA-ER,30,294.46666666666664,306.0,0.12454505913337921,480.23333333333335,1.0
unit,er,150,15,connected,0.5,none,DWG,30,226.96666666666667,233.0,0.2830292326666798,7325.466666666666,1.0
unit,er,150,15,connected,0.5,none,MS-RG-WT,30,247.7,256.5,0.3858843890000268,4744.533333333334,1.0
unit,er,150,15,dominating,0.0,none,CARE-DS,30,375.1333333333333,387.0,0.5428883207666938,6252.533333333334,1.0
unit,er,150,15,dominating,0.0,none,D-EAA-ER,30,345.3666666666667,356.0,0.029400672866662047,568.0333333333333,1.0
unit,er,150,15,dominating,0.0,none,DWG,30,375.0,392.0,0.353770891533289,12111.7,1.0
unit,er,150,15,dominating,0.0,none,MS-RG-WT,30,363.1333333333333,377.0,0.21953488363333232,8214.7,1.0
unit,er,150,15,dominating,0.1,none,CARE-DS,30,365.43333333333334,382.5,0.31598912266666346,855.1666666666666,1.0
unit,er,150,15,dominating,0.1,none,D-EAA-ER,30,341.3,351.0,0.0323484223999912,588.3,1.0
unit,er,150,15,dominating,0.1,none,DWG,30,342.73333333333335,355.5,0.33128258236662683,11023.733333333334,1.0
unit,er,150,15,dominating,0.1,none,MS-RG-WT,30,336.43333333333334,344.0,0.20928729619996977,7969.066666666667,1.0
unit,er,150,15,dominating,0.25,none,CARE-DS,30,355.3666666666667,370.0,0.21350030580006202,656.6666666666666,1.0
unit,er,150,15,dominating,0.25,none,D-EAA-ER,30,340.93333333333334,351.0,0.03181836043325645,582.2,1.0
unit,er,150,15,dominating,0.25,none,DWG,30,304.93333333333334,316.0,0.2918953387001238,9792.9,1.0
unit,er,150,15,dominating,0.25,none,MS-RG-WT,30,305.6666666666667,315.5,0.19140592193334663,6781.533333333334,1.0
unit,er,150,15,dominating,0.5,none,CARE-DS,30,347.8333333333333,363.5,0.16862803683322147,566.7666666666667,1.0
unit,er,150,15,dominating,0.5,none,D-EAA-ER,30,338.73333333333335,350.5,0.03308371889988845,575.7333333333333,1.0
unit,er,150,15,dominating,0.5,none,DWG,30,259.6666666666667,270.0,0.2416973077666019,8321.533333333333,1.0
unit,er,150,15,dominating,0.5,none,MS-RG-WT,30,281.1333333333333,288.0,0.1735617185000592,5313.2,1.0
unit,er,150,25,connected,0.0,none,CARE-DS,30,638.8333333333334,644.5,1.6454508092666704,7328.3,1.0
unit,er,150,25,connected,0.0,none,D-EAA-ER,30,563.5,564.5,0.3278679307666304,798.1666666666666,1.0
unit,er,150,25,connected,0.0,none,DWG,30,684.7666666666667,697.5,0.6920195558667123,15528.2,1.0
unit,er,150,25,connected,0.0,none,MS-RG-WT,30,630.0,631.0,0.778563535966623,11128.133333333333,1.0
unit,er,150,25,connected,0.1,none,CARE-DS,30,607.3,610.0,1.1714571017000404,1328.1333333333334,1.0
unit,er,150,25,connected,0.1,none,D-EAA-ER,30,553.7666666666667,553.0,0.31892225996659057,773.9,1.0
unit,er,150,25,connected,0.1,none,DWG,30,621.3666666666667,632.5,0.6072571814000488,14060.133333333333,1.0
unit,er,150,25,connected,0.1,none,MS-RG-WT,30,578.6333333333333,585.0,0.7562652178999694,10960.3,1.0
unit,er,150,25,connected,0.25,none,CARE-DS,30,598.3333333333334,596.5,0.9851552779000788,964.3,1.0
unit,er,150,25,connected,0.25,none,D-EAA-ER,30,552.5666666666667,551.5,0.30485538519991073,765.5333333333333,1.0
unit,er,150,25,connected,0.25,none,DWG,30,550.9666666666667,561.0,0.5397232703668123,12463.766666666666,1.0
unit,er,150,25,connected,0.25,none,MS-RG-WT,30,532.2,541.0,0.7289177740666977,9481.033333333333,1.0
unit,er,150,25,connected,0.5,none,CARE-DS,30,585.2,584.0,0.9865142211334084,809.3333333333334,1.0
unit,er,150,25,connected,0.5,none,D-EAA-ER,30,548.5666666666667,546.0,0.2943099768666191,723.8333333333334,1.0
unit,er,150,25,connected,0.5,none,DWG,30,463.8666666666667,471.5,0.4634688669333021,10507.433333333332,1.0
unit,er,150,25,connected,0.5,none,MS-RG-WT,30,474.8,479.0,0.6791844221333122,7445.366666666667,1.0
unit,er,150,25,dominating,0.0,none,CARE-DS,30,659.9,666.0,0.7366599663332636,7847.866666666667,1.0
unit,er,150,25,dominating,0.0,none,D-EAA-ER,30,577.2666666666667,578.5,0.05898727883331953,860.7,1.0
unit,er,150,25,dominating,0.0,none,DWG,30,717.7666666666667,732.0,0.5328665724666887,16171.966666666667,1.0
unit,er,150,25,dominating,0.0,none,MS-RG-WT,30,652.0666666666667,656.0,0.3346598590999444,11204.4,1.0
unit,er,150,25,dominating,0.1,none,CARE-DS,30,617.1666666666666,616.0,0.44453367526663595,1345.6,1.0
unit,er,150,25,dominating,0.1,none,D-EAA-ER,30,565.9333333333333,567.5,0.06174223323335653,855.9666666666667,1.0
unit,er,150,25,dominating,0.1,none,DWG,30,649.1333333333333,658.5,0.48414499136673234,14612.233333333334,1.0
unit,er,150,25,dominating,0.1,none,MS-RG-WT,30,595.5,598.5,0.34609646413337025,11183.233333333334,1.0
unit,er,150,25,dominating,0.25,none,CARE-DS,30,611.4666666666667,611.5,0.32405475926658855,1017.6,1.0
unit,er,150,25,dominating,0.25,none,D-EAA-ER,30,565.8666666666667,568.5,0.06406223023344253,844.5333333333333,1.0
unit,er,150,25,dominating,0.25,none,DWG,30,575.4333333333333,585.5,0.4240325780332872,12958.5,1.0
unit,er,150,25,dominating,0.25,none,MS-RG-WT,30,546.5666666666667,548.5,0.31195691119995295,9779.2,1.0
unit,er,150,25,dominating,0.5,none,CARE-DS,30,598.3,592.0,0.26681845286669453,877.8,1.0
unit,er,150,25,dominating,0.5,none,D-EAA-ER,30,558.7,560.0,0.06556884156658872,783.5666666666667,1.0
unit,er,150,25,dominating,0.5,none,DWG,30,483.3666666666667,489.5,0.37585198659987024,10919.333333333334,1.0
unit,er,150,25,dominating,0.5,none,MS-RG-WT,30,497.4,499.5,0.29095367913341763,7615.4,1.0
unit,er,150,35,connected,0.0,none,CARE-DS,30,896.0,896.0,1.3864458564001931,8622.766666666666,1.0
unit,er,150,35,connected,0.0,none,D-EAA-ER,30,790.8,797.0,0.5079348213331892,842.6,1.0
unit,er,150,35,connected,0.0,none,DWG,30,1004.2,1010.5,0.9518719177333576,16911.833333333332,1.0
unit,er,150,35,connected,0.0,none,MS-RG-WT,30,902.4333333333333,905.5,1.240332871299961,13172.233333333334,1.0
unit,er,150,35,connected,0.1,none,CARE-DS,30,856.4666666666667,859.5,1.0365372068333272,1441.3666666666666,1.0
unit,er,150,35,connected,0.1,none,D-EAA-ER,30,777.9666666666667,779.5,0.5405346233667235,842.8333333333334,1.0
unit,er,150,35,connected,0.1,none,DWG,30,905.9333333333333,911.5,0.890416700866687,15233.366666666667,1.0
unit,er,150,35,connected,0.1,none,MS-RG-WT,30,814.3,815.5,1.2847400439999546,12549.866666666667,1.0
unit,er,150,35,connected,0.25,none,CARE-DS,30,845.2333333333333,846.0,0.899514653399971,1076.5333333333333,1.0
unit,er,150,35,connected,0.25,none,D-EAA-ER,30,776.7666666666667,780.5,0.5263693244999862,818.7333333333333,1.0
unit,er,150,35,connected,0.25,none,DWG,30,801.4666666666667,807.5,0.7852644748666838,13480.033333333333,1.0
unit,er,150,35,connected,0.25,none,MS-RG-WT,30,744.5,750.0,1.2540222675666277,10839.066666666668,1.0
unit,er,150,35,connected,0.5,none,CARE-DS,30,829.7333333333333,827.5,0.8301913500332981,897.4666666666667,1.0
unit,er,150,35,connected,0.5,none,D-EAA-ER,30,768.9333333333333,773.5,0.5179558818334045,748.1333333333333,1.0
unit,er,150,35,connected,0.5,none,DWG,30,672.3666666666667,675.5,0.6541766213332569,11323.766666666666,1.0
unit,er,150,35,connected,0.5,none,MS-RG-WT,30,667.2666666666667,671.5,1.1081395472999551,8684.533333333333,1.0
unit,er,150,35,dominating,0.0,none,CARE-DS,30,876.0,874.0,0.9144683948999651,8833.7,1.0
unit,er,150,35,dominating,0.0,none,D-EAA-ER,30,766.9333333333333,768.0,0.0837393867000476,862.1333333333333,1.0
unit,er,150,35,dominating,0.0,none,DWG,30,986.4666666666667,992.5,0.6408016986666553,17105.133333333335,1.0
unit,er,150,35,dominating,0.0,none,MS-RG-WT,30,885.1666666666666,888.0,0.44605775590001334,12618.0,1.0
unit,er,150,35,dominating,0.1,none,CARE-DS,30,835.6,837.0,0.5222342280000096,1472.6333333333334,1.0
unit,er,150,35,dominating,0.1,none,D-EAA-ER,30,754.9,756.5,0.09408423116662255,856.6333333333333,1.0
unit,er,150,35,dominating,0.1,none,DWG,30,890.3666666666667,896.0,0.6184712122333622,15420.233333333334,1.0
unit,er,150,35,dominating,0.1,none,MS-RG-WT,30,795.0666666666667,799.0,0.4425020471332573,12590.133333333333,1.0
unit,er,150,35,dominating,0.25,none,CARE-DS,30,820.6,819.0,0.388298466666644,1084.6333333333334,1.0
unit,er,150,35,dominating,0.25,none,D-EAA-ER,30,753.0333333333333,754.0,0.09266484030000958,827.9666666666667,1.0
unit,er,150,35,dominating,0.25,none,DWG,30,786.5,789.5,0.5169779427000322,13652.8,1.0
unit,er,150,35,dominating,0.25,none,MS-RG-WT,30,727.6666666666666,729.5,0.39083481843335904,10835.4,1.0
unit,er,150,35,dominating,0.5,none,CARE-DS,30,801.6333333333333,804.0,0.30359762403347,908.3,1.0
unit,er,150,35,dominating,0.5,none,D-EAA-ER,30,746.6333333333333,747.5,0.0888685359666851,746.5666666666667,1.0
unit,er,150,35,dominating,0.5,none,DWG,30,659.0333333333333,662.0,0.44937214006668,11459.8,1.0
unit,er,150,35,dominating,0.5,none,MS-RG-WT,30,657.5333333333333,660.0,0.382631767200049,8578.066666666668,1.0
unit,er,200,15,connected,0.0,none,CARE-DS,30,305.46666666666664,306.0,0.9139508226999472,5859.033333333334,1.0
unit,er,200,15,connected,0.0,none,D-EAA-ER,30,287.1333333333333,289.5,0.17829994210002642,609.6,1.0
unit,er,200,15,connected,0.0,none,DWG,30,311.8666666666667,319.0,0.5433074578666796,13568.9,1.0
unit,er,200,15,connected,0.0,none,MS-RG-WT,30,300.6333333333333,312.5,0.6137806652998734,8467.5,1.0
unit,er,200,15,connected,0.1,none,CARE-DS,30,298.43333333333334,297.5,0.6369315873666286,962.2666666666667,1.0
unit,er,200,15,connected,0.1,none,D-EAA-ER,30,282.53333333333336,285.0,0.19786385830008532,623.0333333333333,1.0
unit,er,200,15,connected,0.1,none,DWG,30,283.93333333333334,291.0,0.49553479593332667,12270.233333333334,1.0
unit,er,200,15,connected,0.1,none,MS-RG-WT,30,284.8666666666667,296.5,0.6397699523666234,8927.4,1.0
unit,er,200,15,connected,0.25,none,CARE-DS,30,295.1,296.5,0.5547309294333294,728.1666666666666,1.0
unit,er,200,15,connected,0.25,none,D-EAA-ER,30,282.5,285.0,0.19277023010002567,622.2,1.0
unit,er,200,15,connected,0.25,none,DWG,30,253.9,261.0,0.44828911836654395,10966.233333333334,1.0
unit,er,200,15,connected,0.25,none,MS-RG-WT,30,261.3666666666667,270.0,0.5799821395333917,7436.666666666667,1.0
unit,er,200,15,connected,0.5,none,CARE-DS,30,293.03333333333336,303.0,0.5046030317666919,654.2666666666667,1.0
unit,er,200,15,connected,0.5,none,D-EAA-ER,30,281.9,284.5,0.1827197416999297,614.7,1.0
unit,er,200,15,connected,0.5,none,DWG,30,216.83333333333334,223.5,0.3587058300334623,9306.933333333332,1.0
unit,er,200,15,connected,0.5,none,MS-RG-WT,30,240.56666666666666,242.5,0.5874931753333537,5873.9,1.0
unit,er,200,15,dominating,0.0,none,CARE-DS,30,357.76666666666665,360.5,0.6721556475999326,8165.5,1.0
unit,er,200,15,dominating,0.0,none,D-EAA-ER,30,332.4,328.5,0.03304209309990251,736.3333333333334,1.0
unit,er,200,15,dominating,0.0,none,DWG,30,363.6666666666667,367.5,0.45562719720001044,15530.133333333333,1.0
unit,er,200,15,dominating,0.0,none,MS-RG-WT,30,348.9,354.0,0.2777362255666958,10018.8,1.0
unit,er,200,15,dominating,0.1,none,CARE-DS,30,349.43333333333334,357.0,0.3825745106999117,1141.1333333333334,1.0
unit,er,200,15,dominating,0.1,none,D-EAA-ER,30,327.3666666666667,334.5,0.04021248070002905,746.4666666666667,1.0
unit,er,200,15,dominating,0.1,none,DWG,30,331.3,335.0,0.43312697823339474,14115.266666666666,1.0
unit,er,200,15,dominating,0.1,none,MS-RG-WT,30,326.03333333333336,329.5,0.26471939839993863,10212.433333333332,1.0
unit,er,200,15,dominating,0.25,none,CARE-DS,30,342.4,349.5,0.2607618969333998,863.8333333333334,1.0
unit,er,200,15,dominating,0.25,none,D-EAA-ER,30,327.6333333333333,334.5,0.034327874333333314,750.2,1.0
unit,er,200,15,dominating,0.25,none,DWG,30,296.7,299.5,0.36905946529999106,12625.433333333332,1.0
unit,er,200,15,dominating,0.25,none,MS-RG-WT,30,302.8666666666667,303.5,0.22910316773322845,8887.133333333333,1.0
unit,er,200,15,dominating,0.5,none,CARE-DS,30,336.73333333333335,338.0,0.22486466399996058,756.4,1.0
unit,er,200,15,dominating,0.5,none,D-EAA-ER,30,325.3666666666667,332.5,0.03515556993330995,724.3666666666667,1.0
unit,er,200,15,dominating,0.5,none,DWG,30,251.3,252.5,0.31185828283332734,10678.7,1.0
unit,er,200,15,dominating,0.5,none,MS-RG-WT,30,270.46666666666664,272.0,0.20749032416664095,7036.966666666666,1.0
unit,er,200,25,connected,0.0,none,CARE-DS,30,626.5,631.5,1.683676155166601,9804.633333333333,1.0
unit,er,200,25,connected,0.0,none,D-EAA-ER,30,557.7666666666667,558.0,0.5389129933333303,1143.0666666666666,1.0
unit,er,200,25,connected,0.0,none,DWG,30,680.3333333333334,687.0,0.9248756624333396,20892.8,1.0
unit,er,200,25,connected,0.0,none,MS-RG-WT,30,623.7333333333333,627.0,1.2547105611666325,14345.0,1.0
unit,er,200,25,connected,0.1,none,CARE-DS,30,595.2666666666667,600.0,1.3294872452000466,1870.0666666666666,1.0
unit,er,200,25,connected,0.1,none,D-EAA-ER,30,547.2333333333333,546.5,0.5273370239999849,1091.5666666666666,1.0
unit,er,200,25,connected,0.1,none,DWG,30,617.1666666666666,622.5,0.8460220020333925,18903.7,1.0
unit,er,200,25,connected,0.1,none,MS-RG-WT,30,568.3333333333334,571.5,1.216368424833263,14639.233333333334,1.0
unit,er,200,25,connected,0.25,none,CARE-DS,30,584.0333333333333,587.0,1.2087619625665866,1424.3666666666666,1.0
unit,er,200,25,connected,0.25,none,D-EAA-ER,30,547.2,547.5,0.5691049461000868,1092.9666666666667,1.0
unit,er,200,25,connected,0.25,none,DWG,30,546.9333333333333,551.5,0.8100741796333069,16747.666666666668,1.0
unit,er,200,25,connected,0.25,none,MS-RG-WT,30,522.0,525.0,1.1899595394999969,12568.833333333334,1.0
unit,er,200,25,connected,0.5,none,CARE-DS,30,570.8666666666667,574.0,1.0775302058666663,1199.7333333333333,1.0
unit,er,200,25,connected,0.5,none,D-EAA-ER,30,540.9333333333333,543.0,0.5248378302999678,1038.0,1.0
unit,er,200,25,connected,0.5,none,DWG,30,460.6333333333333,466.0,0.6468886215665938,14150.766666666666,1.0
unit,er,200,25,connected,0.5,none,MS-RG-WT,30,472.96666666666664,476.5,1.0812756748667767,10151.5,1.0
unit,er,200,25,dominating,0.0,none,CARE-DS,30,651.4333333333333,657.0,1.0242748179999657,10624.9,1.0
unit,er,200,25,dominating,0.0,none,D-EAA-ER,30,569.7,571.0,0.07848836663329162,1189.7333333333333,1.0
unit,er,200,25,dominating,0.0,none,DWG,30,718.1333333333333,725.0,0.7553641881333988,21672.533333333333,1.0
unit,er,200,25,dominating,0.0,none,MS-RG-WT,30,648.9666666666667,653.5,0.47186232140004447,14377.5,1.0
unit,er,200,25,dominating,0.1,none,CARE-DS,30,618.4333333333333,622.0,0.5929281543332043,1964.0,1.0
unit,er,200,25,dominating,0.1,none,D-EAA-ER,30,561.4,561.0,0.08158794363332235,1187.7333333333333,1.0
unit,er,200,25,dominating,0.1,none,DWG,30,650.7,655.5,0.6895757984664783,19587.5,1.0
unit,er,200,25,dominating,0.1,none,MS-RG-WT,30,589.8333333333334,593.0,0.4587837868333357,14977.733333333334,1.0
unit,er,200,25,dominating,0.25,none,CARE-DS,30,606.1333333333333,612.0,0.4328072381998785,1506.9333333333334,1.0
unit,er,200,25,dominating,0.25,none,D-EAA-ER,30,560.7333333333333,562.0,0.08559070553337729,1172.3666666666666,1.0
unit,er,200,25,dominating,0.25,none,DWG,30,576.5333333333333,581.0,0.6113492886667056,17393.166666666668,1.0
unit,er,200,25,dominating,0.25,none,MS-RG-WT,30,544.2666666666667,550.0,0.4159262411334453,12891.033333333333,1.0
unit,er,200,25,dominating,0.5,none,CARE-DS,30,592.5,593.0,0.3578472030998644,1268.4666666666667,1.0
unit,er,200,25,dominating,0.5,none,D-EAA-ER,30,553.2333333333333,552.0,0.08419938666670906,1096.5,1.0
unit,er,200,25,dominating,0.5,none,DWG,30,484.3333333333333,488.0,0.5140164640332614,14636.733333333334,1.0
unit,er,200,25,dominating,0.5,none,MS-RG-WT,30,498.2,497.5,0.3853621346334004,10059.366666666667,1.0
unit,er,200,35,connected,0.0,none,CARE-DS,30,861.3,866.0,2.315591607566754,11386.366666666667,1.0
unit,er,200,35,connected,0.0,none,D-EAA-ER,30,759.7666666666667,762.0,0.9171567722334354,1191.0,1.0
unit,er,200,35,connected,0.0,none,DWG,30,970.3666666666667,983.5,1.2866171234999455,22314.066666666666,1.0
unit,er,200,35,connected,0.0,none,MS-RG-WT,30,867.5,875.0,2.064056645766626,16372.966666666667,1.0
unit,er,200,35,connected,0.1,none,CARE-DS,30,821.2333333333333,828.5,1.8454633654332915,2083.633333333333,1.0
unit,er,200,35,connected,0.1,none,D-EAA-ER,30,743.3333333333334,748.0,0.9056962796666691,1171.3,1.0
unit,er,200,35,connected,0.1,none,DWG,30,875.2666666666667,886.5,1.2312266069999471,20127.6,1.0
unit,er,200,35,connected,0.1,none,MS-RG-WT,30,781.1666666666666,787.5,2.106854756199967,16293.933333333332,1.0
unit,er,200,35,connected,0.25,none,CARE-DS,30,805.3333333333334,810.5,1.6277172212000248,1523.5,1.0
unit,er,200,35,connected,0.25,none,D-EAA-ER,30,741.5666666666667,747.0,0.866002830900076,1129.8666666666666,1.0
unit,er,200,35,connected,0.25,none,DWG,30,774.5333333333333,783.5,1.0125786122332405,17806.4,1.0
unit,er,200,35,connected,0.25,none,MS-RG-WT,30,719.8,726.0,1.9093960531999072,14027.666666666666,1.0
unit,er,200,35,connected,0.5,none,CARE-DS,30,791.1666666666666,801.0,1.5170072562667276,1302.9666666666667,1.0
unit,er,200,35,connected,0.5,none,D-EAA-ER,30,731.8,735.0,0.8575754375334024,1041.1333333333334,1.0
unit,er,200,35,connected,0.5,none,DWG,30,649.1666666666666,658.0,0.8659147252999598,14967.466666666667,1.0
unit,er,200,35,connected,0.5,none,MS-RG-WT,30,649.0666666666667,656.5,1.790849992899924,11035.0,1.0
unit,er,200,35,dominating,0.0,none,CARE-DS,30,861.6666666666666,866.0,1.2132074964334303,11519.966666666667,1.0
unit,er,200,35,dominating,0.0,none,D-EAA-ER,30,750.5666666666667,755.0,0.10782880183329928,1187.7,1.0
unit,er,200,35,dominating,0.0,none,DWG,30,975.1,982.0,0.9162465103334095,22579.6,1.0
unit,er,200,35,dominating,0.0,none,MS-RG-WT,30,868.9,871.5,0.6014132879999731,15972.333333333334,1.0
unit,er,200,35,dominating,0.1,none,CARE-DS,30,818.9,822.5,0.6698673214334121,2039.8333333333333,1.0
unit,er,200,35,dominating,0.1,none,D-EAA-ER,30,739.1333333333333,744.5,0.11742738786654926,1194.5,1.0
unit,er,200,35,dominating,0.1,none,DWG,30,879.9,887.5,0.8394670296000186,20374.2,1.0
unit,er,200,35,dominating,0.1,none,MS-RG-WT,30,783.2666666666667,785.0,0.5658025620667104,16268.9,1.0
unit,er,200,35,dominating,0.25,none,CARE-DS,30,802.8666666666667,809.0,0.5247732454001987,1563.5,1.0
unit,er,200,35,dominating,0.25,none,D-EAA-ER,30,737.9666666666667,743.0,0.11240790890005878,1147.0,1.0
unit,er,200,35,dominating,0.25,none,DWG,30,777.5,784.5,0.7448760351333173,18035.933333333334,1.0
unit,er,200,35,dominating,0.25,none,MS-RG-WT,30,721.8333333333334,728.0,0.5522017703667795,14010.6,1.0
unit,er,200,35,dominating,0.5,none,CARE-DS,30,782.7333333333333,785.0,0.4351305526333211,1299.0,1.0
unit,er,200,35,dominating,0.5,none,D-EAA-ER,30,727.8666666666667,729.5,0.11089426286671365,1037.9666666666667,1.0
unit,er,200,35,dominating,0.5,none,DWG,30,651.6333333333333,656.0,0.6322264338001029,15142.466666666667,1.0
unit,er,200,35,dominating,0.5,none,MS-RG-WT,30,652.7666666666667,656.0,0.5154026912667178,11023.366666666667,1.0
unit,er,250,15,connected,0.0,none,CARE-DS,30,305.9,310.0,1.4287334001332965,7989.733333333334,1.0
unit,er,250,15,connected,0.0,none,D-EAA-ER,30,295.5,297.5,0.3137619775334315,850.7666666666667,1.0
unit,er,250,15,connected,0.0,none,DWG,30,308.5,308.0,0.7427410319332618,16813.4,1.0
unit,er,250,15,connected,0.0,none,MS-RG-WT,30,294.8333333333333,292.0,0.8836372143333392,10209.466666666667,1.0
unit,er,250,15,connected,0.1,none,CARE-DS,30,301.8666666666667,307.5,1.0258409231666823,1275.6333333333334,1.0
unit,er,250,15,connected,0.1,none,D-EAA-ER,30,289.5,291.5,0.3193284280666073,850.9333333333333,1.0
unit,er,250,15,connected,0.1,none,DWG,30,281.6,282.0,0.639853262933381,15292.766666666666,1.0
unit,er,250,15,connected,0.1,none,MS-RG-WT,30,281.1333333333333,275.5,0.8965464283334161,10895.433333333332,1.0
unit,er,250,15,connected,0.25,none,CARE-DS,30,298.6666666666667,301.5,0.897256404699965,998.3,1.0
unit,er,250,15,connected,0.25,none,D-EAA-ER,30,289.5,291.5,0.3052884277667848,849.1666666666666,1.0
unit,er,250,15,connected,0.25,none,DWG,30,252.9,253.5,0.5739526308998999,13711.466666666667,1.0
unit,er,250,15,connected,0.25,none,MS-RG-WT,30,261.73333333333335,262.0,0.8837281324666947,9242.466666666667,1.0
unit,er,250,15,connected,0.5,none,CARE-DS,30,290.8666666666667,288.5,0.8554107888001151,848.3333333333334,1.0
unit,er,250,15,connected,0.5,none,D-EAA-ER,30,288.1666666666667,290.0,0.30423899266664495,837.9,1.0
unit,er,250,15,connected,0.5,none,DWG,30,215.9,214.0,0.47805910426665527,11667.633333333333,1.0
unit,er,250,15,connected,0.5,none,MS-RG-WT,30,240.86666666666667,243.5,0.8190926845000528,7410.7,1.0
unit,er,250,15,dominating,0.0,none,CARE-DS,30,360.5,372.0,0.8790817687332189,10284.7,1.0
unit,er,250,15,dominating,0.0,none,D-EAA-ER,30,341.1666666666667,351.0,0.045179209800001695,1031.0666666666666,1.0
unit,er,250,15,dominating,0.0,none,DWG,30,361.8333333333333,363.0,0.6008329509666207,19287.5,1.0
unit,er,250,15,dominating,0.0,none,MS-RG-WT,30,349.1666666666667,350.5,0.37267125053328226,12594.966666666667,1.0
unit,er,250,15,dominating,0.1,none,CARE-DS,30,348.8666666666667,362.5,0.5324433178000315,1502.7333333333333,1.0
unit,er,250,15,dominating,0.1,none,D-EAA-ER,30,333.73333333333335,338.5,0.05298248143332477,1031.4333333333334,1.0
unit,er,250,15,dominating,0.1,none,DWG,30,328.8666666666667,331.0,0.5931597437665308,17515.933333333334,1.0
unit,er,250,15,dominating,0.1,none,MS-RG-WT,30,326.3,332.0,0.361877671600026,12708.4,1.0
unit,er,250,15,dominating,0.25,none,CARE-DS,30,344.56666666666666,360.5,0.37457998406674353,1187.2,1.0
unit,er,250,15,dominating,0.25,none,D-EAA-ER,30,333.23333333333335,337.5,0.051326174733367175,1028.1333333333334,1.0
unit,er,250,15,dominating,0.25,none,DWG,30,293.23333333333335,294.5,0.5233719960333777,15592.433333333332,1.0
unit,er,250,15,dominating,0.25,none,MS-RG-WT,30,299.3666666666667,300.0,0.31250893019996506,10700.8,1.0
unit,er,250,15,dominating,0.5,none,CARE-DS,30,335.6333333333333,345.5,0.3026378818666672,1014.2666666666667,1.0
unit,er,250,15,dominating,0.5,none,D-EAA-ER,30,331.26666666666665,336.5,0.04785942096656673,997.1666666666666,1.0
unit,er,250,15,dominating,0.5,none,DWG,30,249.33333333333334,254.0,0.4437333668667028,13227.866666666667,1.0
unit,er,250,15,dominating,0.5,none,MS-RG-WT,30,273.46666666666664,273.0,0.27865239133328334,8483.566666666668,1.0
unit,er,250,25,connected,0.0,none,CARE-DS,30,610.5333333333333,621.5,2.289791005666575,12315.2,1.0
unit,er,250,25,connected,0.0,none,D-EAA-ER,30,553.4666666666667,560.0,0.8741708807333756,1504.1666666666667,1.0
unit,er,250,25,connected,0.0,none,DWG,30,665.0,679.5,1.239251092266689,25580.3,1.0
unit,er,250,25,connected,0.0,none,MS-RG-WT,30,613.0,623.0,1.905712136133358,17304.066666666666,1.0
unit,er,250,25,connected,0.1,none,CARE-DS,30,582.7333333333333,588.5,1.9652897187333715,2344.1666666666665,1.0
unit,er,250,25,connected,0.1,none,D-EAA-ER,30,540.2666666666667,544.5,0.873101871333256,1415.9,1.0
unit,er,250,25,connected,0.1,none,DWG,30,602.8333333333334,616.0,1.1048156904333457,23155.8,1.0
unit,er,250,25,connected,0.1,none,MS-RG-WT,30,561.1666666666666,570.5,1.8820171329999236,18186.766666666666,1.0
unit,er,250,25,connected,0.25,none,CARE-DS,30,573.9,579.5,1.7463586019666157,1790.6333333333334,1.0
unit,er,250,25,connected,0.25,none,D-EAA-ER,30,540.9,544.5,0.8795229245666026,1415.0666666666666,1.0
unit,er,250,25,connected,0.25,none,DWG,30,535.7666666666667,548.5,1.0309845425334667,20592.566666666666,1.0
unit,er,250,25,connected,0.25,none,MS-RG-WT,30,513.3,521.0,1.7781096032998902,15568.666666666666,1.0
unit,er,250,25,connected,0.5,none,CARE-DS,30,558.3333333333334,555.0,1.5895717098668076,1530.0666666666666,1.0
unit,er,250,25,connected,0.5,none,D-EAA-ER,30,534.8666666666667,536.0,0.907393213033356,1340.7333333333333,1.0
unit,er,250,25,connected,0.5,none,DWG,30,450.23333333333335,461.5,0.8815196328333513,17323.766666666666,1.0
unit,er,250,25,connected,0.5,none,MS-RG-WT,30,465.23333333333335,471.5,1.7184906503332664,12139.066666666668,1.0
unit,er,250,25,dominating,0.0,none,CARE-DS,30,649.1333333333333,657.0,1.3762110305334014,12853.933333333332,1.0
unit,er,250,25,dominating,0.0,none,D-EAA-ER,30,568.9333333333333,570.0,0.11056360716668978,1565.4,1.0
unit,er,250,25,dominating,0.0,none,DWG,30,707.6666666666666,723.0,1.0746727625666002,26522.4,1.0
unit,er,250,25,dominating,0.0,none,MS-RG-WT,30,642.0333333333333,648.0,0.6769976827665839,17496.166666666668,1.0
unit,er,250,25,dominating,0.1,none,CARE-DS,30,611.4666666666667,613.0,0.848782719833404,2469.8,1.0
unit,er,250,25,dominating,0.1,none,D-EAA-ER,30,558.0333333333333,555.5,0.112595971766738,1522.9333333333334,1.0
unit,er,250,25,dominating,0.1,none,DWG,30,640.1,656.5,0.9796694542667562,23993.566666666666,1.0
unit,er,250,25,dominating,0.1,none,MS-RG-WT,30,584.4666666666667,588.5,0.6303294479334303,18350.5,1.0
unit,er,250,25,dominating,0.25,none,CARE-DS,30,600.8666666666667,600.0,0.5892350638999839,1951.7333333333333,1.0
unit,er,250,25,dominating,0.25,none,D-EAA-ER,30,556.8,557.5,0.10945611043340854,1488.9666666666667,1.0
unit,er,250,25,dominating,0.25,none,DWG,30,568.0,581.5,0.865189415033304,21303.2,1.0
unit,er,250,25,dominating,0.25,none,MS-RG-WT,30,540.1333333333333,546.5,0.5439191525000145,15605.866666666667,1.0
unit,er,250,25,dominating,0.5,none,CARE-DS,30,577.5,581.5,0.4727475794333865,1564.0666666666666,1.0
unit,er,250,25,dominating,0.5,none,D-EAA-ER,30,547.6333333333333,548.5,0.10190463033335008,1385.0666666666666,1.0
unit,er,250,25,dominating,0.5,none,DWG,30,477.96666666666664,491.0,0.6949550682000336,17973.566666666666,1.0
unit,er,250,25,dominating,0.5,none,MS-RG-WT,30,485.6,494.5,0.46806319979987165,12399.666666666666,1.0
unit,er,250,35,connected,0.0,none,CARE-DS,30,847.2333333333333,845.5,3.7544496777666003,14191.133333333333,1.0
unit,er,250,35,connected,0.0,none,D-EAA-ER,30,740.7666666666667,738.5,1.4555989064332606,1531.3666666666666,1.0
unit,er,250,35,connected,0.0,none,DWG,30,958.5333333333333,963.5,1.7932812617665452,27828.533333333333,1.0
unit,er,250,35,connected,0.0,none,MS-RG-WT,30,850.8333333333334,855.0,3.277946443700057,19705.133333333335,1.0
unit,er,250,35,connected,0.1,none,CARE-DS,30,808.0666666666667,810.0,2.9539287374667462,2728.0,1.0
unit,er,250,35,connected,0.1,none,D-EAA-ER,30,731.4333333333333,734.0,1.5344351407666181,1530.2,1.0
unit,er,250,35,connected,0.1,none,DWG,30,864.9,868.0,1.6795246008334288,25053.166666666668,1.0
unit,er,250,35,connected,0.1,none,MS-RG-WT,30,769.6666666666666,772.0,3.269407885066721,19954.5,1.0
unit,er,250,35,connected,0.25,none,CARE-DS,30,789.6333333333333,794.0,2.6489734156998868,2046.5,1.0
unit,er,250,35,connected,0.25,none,D-EAA-ER,30,730.0666666666667,731.5,1.5118075510999005,1469.9666666666667,1.0
unit,er,250,35,connected,0.25,none,DWG,30,765.6333333333333,768.0,1.4694328700333548,22228.433333333334,1.0
unit,er,250,35,connected,0.25,none,MS-RG-WT,30,710.3333333333334,713.0,3.1858825212000133,17223.566666666666,1.0
unit,er,250,35,connected,0.5,none,CARE-DS,30,769.0333333333333,774.0,2.4407926387332735,1725.7666666666667,1.0
unit,er,250,35,connected,0.5,none,D-EAA-ER,30,720.3,722.0,1.467731506233334,1351.1333333333334,1.0
unit,er,250,35,connected,0.5,none,DWG,30,643.0666666666667,644.5,1.2110923357333376,18693.366666666665,1.0
unit,er,250,35,connected,0.5,none,MS-RG-WT,30,637.7,637.0,2.8784546270666396,13830.366666666667,1.0
unit,er,250,35,dominating,0.0,none,CARE-DS,30,850.6,850.5,1.644985956433417,13593.666666666666,1.0
unit,er,250,35,dominating,0.0,none,D-EAA-ER,30,734.8333333333334,734.0,0.14889261579992305,1532.4333333333334,1.0
unit,er,250,35,dominating,0.0,none,DWG,30,968.9,965.0,1.371342084933379,28104.9,1.0
unit,er,250,35,dominating,0.0,none,MS-RG-WT,30,858.8,858.0,0.8560700582999743,18948.166666666668,1.0
unit,er,250,35,dominating,0.1,none,CARE-DS,30,804.9333333333333,798.0,0.9520992414667186,2708.633333333333,1.0
unit,er,250,35,dominating,0.1,none,D-EAA-ER,30,724.4333333333333,727.5,0.15313923476672545,1520.3666666666666,1.0
unit,er,250,35,dominating,0.1,none,DWG,30,873.2666666666667,869.0,1.2415690366665937,25289.4,1.0
unit,er,250,35,dominating,0.1,none,MS-RG-WT,30,771.2,766.5,0.7985164672333364,19797.533333333333,1.0
unit,er,250,35,dominating,0.25,none,CARE-DS,30,788.5666666666667,790.5,0.7447808292333017,1991.1333333333334,1.0
unit,er,250,35,dominating,0.25,none,D-EAA-ER,30,723.3,725.0,0.14751770066662476,1456.8,1.0
unit,er,250,35,dominating,0.25,none,DWG,30,771.8666666666667,769.0,1.1008337555999788,22404.6,1.0
unit,er,250,35,dominating,0.25,none,MS-RG-WT,30,714.2333333333333,709.0,0.7836837968332778,17100.2,1.0
unit,er,250,35,dominating,0.5,none,CARE-DS,30,771.6666666666666,772.5,0.6273938468000172,1727.0666666666666,1.0
unit,er,250,35,dominating,0.5,none,D-EAA-ER,30,714.2333333333333,713.5,0.13673309400004047,1347.8666666666666,1.0
unit,er,250,35,dominating,0.5,none,DWG,30,647.8,645.5,0.8908473132332801,18842.033333333333,1.0
unit,er,250,35,dominating,0.5,none,MS-RG-WT,30,647.9666666666667,651.5,0.6858108932000202,13528.0,1.0
unit,er,500,15,connected,0.0,none,CARE-DS,30,237.63333333333333,242.0,3.8477405419665955,11596.433333333332,1.0
unit,er,500,15,connected,0.0,none,D-EAA-ER,30,231.76666666666668,232.0,1.4126150286000363,1261.6333333333334,1.0
unit,er,500,15,connected,0.0,none,DWG,30,237.1,239.5,1.9003066882666948,24976.9,1.0
unit,er,500,15,connected,0.0,none,MS-RG-WT,30,233.33333333333334,242.0,3.6592112690666605,15807.1,1.0
unit,er,500,15,connected,0.1,none,CARE-DS,30,230.56666666666666,228.0,3.146986706166596,1723.0666666666666,1.0
unit,er,500,15,connected,0.1,none,D-EAA-ER,30,227.23333333333332,227.0,1.3497137850999328,1255.0,1.0
unit,er,500,15,connected,0.1,none,DWG,30,216.06666666666666,219.0,1.56427125946675,22649.966666666667,1.0
unit,er,500,15,connected,0.1,none,MS-RG-WT,30,219.83333333333334,225.5,3.500541998899886,15682.133333333333,1.0
unit,er,500,15,connected,0.25,none,CARE-DS,30,228.36666666666667,231.0,3.0995786886000434,1428.8,1.0
unit,er,500,15,connected,0.25,none,D-EAA-ER,30,227.23333333333332,227.0,1.3516632989000148,1266.0333333333333,1.0
unit,er,500,15,connected,0.25,none,DWG,30,193.46666666666667,195.0,1.3765022835332579,20192.866666666665,1.0
unit,er,500,15,connected,0.25,none,MS-RG-WT,30,203.7,212.5,3.46920194426663,13643.833333333334,1.0
unit,er,500,15,connected,0.5,none,CARE-DS,30,226.3,227.5,3.191329350199976,1256.1333333333334,1.0
unit,er,500,15,connected,0.5,none,D-EAA-ER,30,226.46666666666667,227.0,1.3672959534000255,1229.1,1.0
unit,er,500,15,connected,0.5,none,DWG,30,165.83333333333334,168.0,1.2047562938334522,17223.866666666665,1.0
unit,er,500,15,connected,0.5,none,MS-RG-WT,30,191.06666666666666,192.0,3.53271952669996,10350.6,1.0
unit,er,500,15,dominating,0.0,none,CARE-DS,30,295.1333333333333,296.0,1.6750613867332504,15648.766666666666,1.0
unit,er,500,15,dominating,0.0,none,D-EAA-ER,30,287.8,296.0,0.08195909863334232,1585.6333333333334,1.0
unit,er,500,15,dominating,0.0,none,DWG,30,295.46666666666664,291.0,1.3971158233000096,30582.533333333333,1.0
unit,er,500,15,dominating,0.0,none,MS-RG-WT,30,286.1333333333333,288.0,0.8068927410334255,19201.7,1.0
unit,er,500,15,dominating,0.1,none,CARE-DS,30,288.73333333333335,290.5,1.0404174949332627,2277.2,1.0
unit,er,500,15,dominating,0.1,none,D-EAA-ER,30,283.1333333333333,290.0,0.09225937146669211,1582.0,1.0
unit,er,500,15,dominating,0.1,none,DWG,30,269.3333333333333,266.5,1.312354762833335,27834.7,1.0
unit,er,500,15,dominating,0.1,none,MS-RG-WT,30,268.56666666666666,261.5,0.7184566648000025,19713.533333333333,1.0
unit,er,500,15,dominating,0.25,none,CARE-DS,30,287.26666666666665,288.5,0.8460059469333222,1858.0,1.0
unit,er,500,15,dominating,0.25,none,D-EAA-ER,30,283.1,290.0,0.08395893023331756,1582.9666666666667,1.0
unit,er,500,15,dominating,0.25,none,DWG,30,240.43333333333334,238.0,1.1415278147666565,24804.166666666668,1.0
unit,er,500,15,dominating,0.25,none,MS-RG-WT,30,250.2,255.5,0.6455162532333513,16775.833333333332,1.0
unit,er,500,15,dominating,0.5,none,CARE-DS,30,281.26666666666665,289.5,0.7102916188001169,1567.9,1.0
unit,er,500,15,dominating,0.5,none,D-EAA-ER,30,281.5,289.0,0.08481642736675586,1554.6,1.0
unit,er,500,15,dominating,0.5,none,DWG,30,206.0,202.0,0.991146753266609,21186.066666666666,1.0
unit,er,500,15,dominating,0.5,none,MS-RG-WT,30,227.3,230.5,0.5894190915999995,13638.066666666668,1.0
unit,er,500,25,connected,0.0,none,CARE-DS,30,581.8,590.5,11.265103973066713,23101.533333333333,1.0
unit,er,500,25,connected,0.0,none,D-EAA-ER,30,523.6333333333333,529.0,5.070310860233379,2776.866666666667,1.0
unit,er,500,25,connected,0.0,none,DWG,30,611.1,610.0,3.4691486772667606,47469.86666666667,1.0
unit,er,500,25,connected,0.0,none,MS-RG-WT,30,570.3666666666667,579.5,9.73491358829997,31674.166666666668,1.0
unit,er,500,25,connected,0.1,none,CARE-DS,30,557.7666666666667,565.0,11.259855750766535,4718.866666666667,1.0
unit,er,500,25,connected,0.1,none,D-EAA-ER,30,510.6,515.0,5.1960820636334875,2835.1,1.0
unit,er,500,25,connected,0.1,none,DWG,30,553.4333333333333,555.5,3.019858138733313,42936.23333333333,1.0
unit,er,500,25,connected,0.1,none,MS-RG-WT,30,527.6666666666666,530.0,9.18922420709999,33574.63333333333,1.0
unit,er,500,25,connected,0.25,none,CARE-DS,30,547.2666666666667,547.0,11.720897641333249,3758.866666666667,1.0
unit,er,500,25,connected,0.25,none,D-EAA-ER,30,510.23333333333335,516.0,5.218518669400055,2826.766666666667,1.0
unit,er,500,25,connected,0.25,none,DWG,30,491.3333333333333,491.0,2.7464705435999957,38116.03333333333,1.0
unit,er,500,25,connected,0.25,none,MS-RG-WT,30,484.26666666666665,488.0,9.279729890266662,28739.2,1.0
unit,er,500,25,connected,0.5,none,CARE-DS,30,527.6,529.0,13.16562694306658,3095.7,1.0
unit,er,500,25,connected,0.5,none,D-EAA-ER,30,503.1333333333333,508.0,5.218548464800066,2643.3,1.0
unit,er,500,25,connected,0.5,none,DWG,30,414.8333333333333,416.0,2.3620337278999917,32253.033333333333,1.0
unit,er,500,25,connected,0.5,none,MS-RG-WT,30,436.73333333333335,435.0,8.53947837033329,22715.266666666666,1.0
unit,er,500,25,dominating,0.0,none,CARE-DS,30,628.8666666666667,638.5,3.1304958483332785,24651.933333333334,1.0
unit,er,500,25,dominating,0.0,none,D-EAA-ER,30,548.1666666666666,551.0,0.23026672570006967,3006.4333333333334,1.0
unit,er,500,25,dominating,0.0,none,DWG,30,661.9,662.0,2.8997795876333234,49603.9,1.0
unit,er,500,25,dominating,0.0,none,MS-RG-WT,30,613.8666666666667,617.0,1.690323539500029,32252.633333333335,1.0
unit,er,500,25,dominating,0.1,none,CARE-DS,30,590.4666666666667,592.0,2.0416965382666907,5000.233333333334,1.0
unit,er,500,25,dominating,0.1,none,D-EAA-ER,30,536.3666666666667,538.5,0.22605941690004933,2929.4666666666667,1.0
unit,er,500,25,dominating,0.1,none,DWG,30,600.2666666666667,600.0,2.636999700933393,45010.03333333333,1.0
unit,er,500,25,dominating,0.1,none,MS-RG-WT,30,563.9333333333333,569.0,1.4376509652999327,34187.03333333333,1.0
unit,er,500,25,dominating,0.25,none,CARE-DS,30,575.0,576.0,1.576417251033278,3951.5333333333333,1.0
unit,er,500,25,dominating,0.25,none,D-EAA-ER,30,535.1666666666666,534.5,0.2222043873334769,2868.766666666667,1.0
unit,er,500,25,dominating,0.25,none,DWG,30,531.7333333333333,533.5,2.266489335666544,39917.9,1.0
unit,er,500,25,dominating,0.25,none,MS-RG-WT,30,516.4,522.5,1.310186066066702,29006.366666666665,1.0
unit,er,500,25,dominating,0.5,none,CARE-DS,30,562.9333333333333,562.0,1.3842364236001534,3480.0333333333333,1.0
unit,er,500,25,dominating,0.5,none,D-EAA-ER,30,530.0666666666667,533.5,0.22827096773329075,2745.4333333333334,1.0
unit,er,500,25,dominating,0.5,none,DWG,30,448.1,448.0,1.9207122625667277,33713.8,1.0
unit,er,500,25,dominating,0.5,none,MS-RG-WT,30,465.73333333333335,473.5,1.1488768048666316,23215.533333333333,1.0
unit,er,500,35,connected,0.0,none,CARE-DS,30,820.3666666666667,822.0,18.804933925933287,27157.966666666667,1.0
unit,er,500,35,connected,0.0,none,D-EAA-ER,30,712.8333333333334,710.0,8.971188614700054,3256.9,1.0
unit,er,500,35,connected,0.0,none,DWG,30,924.5,924.0,5.361406461666706,55234.2,1.0
unit,er,500,35,connected,0.0,none,MS-RG-WT,30,817.8,818.5,17.811897952399978,36467.066666666666,1.0
unit,er,500,35,connected,0.1,none,CARE-DS,30,774.1,777.0,15.08832852626671,6064.466666666666,1.0
unit,er,500,35,connected,0.1,none,D-EAA-ER,30,700.1666666666666,699.5,8.931021407366737,3187.9,1.0
unit,er,500,35,connected,0.1,none,DWG,30,834.0666666666667,834.0,4.796379274333386,49704.4,1.0
unit,er,500,35,connected,0.1,none,MS-RG-WT,30,743.0,744.0,17.856011445899817,38472.13333333333,1.0
unit,er,500,35,connected,0.25,none,CARE-DS,30,761.1333333333333,759.0,15.145202263766745,4656.7,1.0
unit,er,500,35,connected,0.25,none,D-EAA-ER,30,698.5333333333333,698.0,9.023190512199927,3057.633333333333,1.0
unit,er,500,35,connected,0.25,none,DWG,30,739.1666666666666,737.5,4.383074625566678,44148.76666666667,1.0
unit,er,500,35,connected,0.25,none,MS-RG-WT,30,688.7,687.5,17.30273660363346,32928.6,1.0
unit,er,500,35,connected,0.5,none,CARE-DS,30,731.7,730.0,22.540627718466627,3960.233333333333,1.0
unit,er,500,35,connected,0.5,none,D-EAA-ER,30,687.7666666666667,686.5,8.680300120433303,2764.9666666666667,1.0
unit,er,500,35,connected,0.5,none,DWG,30,620.6,620.5,3.5877742860000845,37200.53333333333,1.0
unit,er,500,35,connected,0.5,none,MS-RG-WT,30,622.4666666666667,624.5,15.875741035566667,26515.933333333334,1.0
unit,er,500,35,dominating,0.0,none,CARE-DS,30,844.5333333333333,847.0,4.038724796100102,27513.3,1.0
unit,er,500,35,dominating,0.0,none,D-EAA-ER,30,723.5,724.0,0.35301321436686145,3286.633333333333,1.0
unit,er,500,35,dominating,0.0,none,DWG,30,957.8666666666667,958.5,4.174498290666808,55878.1,1.0
unit,er,500,35,dominating,0.0,none,MS-RG-WT,30,840.8333333333334,838.0,2.463993941700081,35638.9,1.0
unit,er,500,35,dominating,0.1,none,CARE-DS,30,793.4666666666667,792.0,2.6089172763667006,5966.666666666667,1.0
unit,er,500,35,dominating,0.1,none,D-EAA-ER,30,709.4,707.0,0.35169098369999197,3222.4666666666667,1.0
unit,er,500,35,dominating,0.1,none,DWG,30,863.8,864.0,3.814887832799862,50377.86666666667,1.0
unit,er,500,35,dominating,0.1,none,MS-RG-WT,30,761.1666666666666,759.5,2.204972485766571,38125.5,1.0
unit,er,500,35,dominating,0.25,none,CARE-DS,30,774.0,774.0,2.1006913641000096,4510.433333333333,1.0
unit,er,500,35,dominating,0.25,none,D-EAA-ER,30,707.5666666666667,706.0,0.33235391543324416,3099.233333333333,1.0
unit,er,500,35,dominating,0.25,none,DWG,30,763.1666666666666,763.5,3.2926030096667507,44582.4,1.0
unit,er,500,35,dominating,0.25,none,MS-RG-WT,30,703.5,702.0,2.134764510599928,33052.066666666666,1.0
unit,er,500,35,dominating,0.5,none,CARE-DS,30,746.8,745.5,1.8797549519332393,3802.133333333333,1.0
unit,er,500,35,dominating,0.5,none,D-EAA-ER,30,698.6333333333333,697.0,0.33784490616668555,2843.733333333333,1.0
unit,er,500,35,dominating,0.5,none,DWG,30,640.7,641.0,2.823864998699916,37546.9,1.0
unit,er,500,35,dominating,0.5,none,MS-RG-WT,30,639.5666666666667,639.5,1.9354704462666443,26236.966666666667,1.0
unit,rgg,50,15,connected,0.0,none,CARE-DS,30,246.16666666666666,254.5,0.11531889763330881,1114.3,1.0
unit,rgg,50,15,connected,0.0,none,D-EAA-ER,30,248.93333333333334,258.0,0.013350777899950064,100.33333333333333,1.0
unit,rgg,50,15,connected,0.0,none,DWG,30,258.46666666666664,266.0,0.08460095613334787,2750.0,1.0
unit,rgg,50,15,connected,0.0,none,MS-RG-WT,30,253.36666666666667,262.5,0.06492400413336928,1772.2666666666667,1.0
unit,rgg,50,15,connected,0.1,none,CARE-DS,30,242.93333333333334,252.0,0.08883507276662685,119.03333333333333,1.0
unit,rgg,50,15,connected,0.1,none,D-EAA-ER,30,244.16666666666666,254.0,0.014503673999949212,98.43333333333334,1.0
unit,rgg,50,15,connected,0.1,none,DWG,30,235.36666666666667,242.5,0.078562190833342,2495.0666666666666,1.0
unit,rgg,50,15,connected,0.1,none,MS-RG-WT,30,235.06666666666666,244.5,0.06956991880006166,1635.0666666666666,1.0
unit,rgg,50,15,connected,0.25,none,CARE-DS,30,243.26666666666668,254.5,0.06906725893333407,95.73333333333333,1.0
unit,rgg,50,15,connected,0.25,none,D-EAA-ER,30,244.13333333333333,254.0,0.014532911866732888,98.53333333333333,1.0
unit,rgg,50,15,connected,0.25,none,DWG,30,210.56666666666666,213.5,0.07161688400007425,2215.233333333333,1.0
unit,rgg,50,15,connected,0.25,none,MS-RG-WT,30,220.6,226.0,0.06751458796669184,1377.0,1.0
unit,rgg,50,15,connected,0.5,none,CARE-DS,30,243.23333333333332,251.0,0.054671791866636885,80.76666666666667,1.0
unit,rgg,50,15,connected,0.5,none,D-EAA-ER,30,243.2,253.5,0.014117089766644568,97.2,1.0
unit,rgg,50,15,connected,0.5,none,DWG,30,180.66666666666666,187.5,0.06266260946666379,1874.2333333333333,1.0
unit,rgg,50,15,connected,0.5,none,MS-RG-WT,30,200.5,208.5,0.062449416833275435,1150.3666666666666,1.0
unit,rgg,50,15,dominating,0.0,none,CARE-DS,30,342.93333333333334,351.5,0.10120779586666985,1931.5,1.0
unit,rgg,50,15,dominating,0.0,none,D-EAA-ER,30,337.93333333333334,342.5,0.009750796333325179,93.8,1.0
unit,rgg,50,15,dominating,0.0,none,DWG,30,343.3,351.5,0.09705368653335424,3288.6,1.0
unit,rgg,50,15,dominating,0.0,none,MS-RG-WT,30,341.03333333333336,343.5,0.06100856296667791,2134.4666666666667,1.0
unit,rgg,50,15,dominating,0.1,none,CARE-DS,30,337.6,346.0,0.07315558299990998,102.8,1.0
unit,rgg,50,15,dominating,0.1,none,D-EAA-ER,30,332.2,336.0,0.010194198233375524,92.13333333333334,1.0
unit,rgg,50,15,dominating,0.1,none,DWG,30,311.5,318.5,0.0841387756333612,2972.1,1.0
unit,rgg,50,15,dominating,0.1,none,MS-RG-WT,30,315.76666666666665,323.0,0.05834807373330474,2016.0333333333333,1.0
unit,rgg,50,15,dominating,0.25,none,CARE-DS,30,336.6666666666667,345.5,0.05129870959987475,90.73333333333333,1.0
unit,rgg,50,15,dominating,0.25,none,D-EAA-ER,30,332.2,336.0,0.009634377500030147,92.13333333333334,1.0
unit,rgg,50,15,dominating,0.25,none,DWG,30,276.43333333333334,283.0,0.07508900546666451,2620.233333333333,1.0
unit,rgg,50,15,dominating,0.25,none,MS-RG-WT,30,289.8666666666667,298.5,0.05497607296673167,1717.4333333333334,1.0
unit,rgg,50,15,dominating,0.5,none,CARE-DS,30,336.4,346.0,0.03752260159997902,77.46666666666667,1.0
unit,rgg,50,15,dominating,0.5,none,D-EAA-ER,30,331.7,335.5,0.009882335166624467,92.73333333333333,1.0
unit,rgg,50,15,dominating,0.5,none,DWG,30,233.66666666666666,239.0,0.06087752559998681,2196.0333333333333,1.0
unit,rgg,50,15,dominating,0.5,none,MS-RG-WT,30,261.96666666666664,265.5,0.048689626666646245,1366.2666666666667,1.0
unit,rgg,50,25,connected,0.0,none,CARE-DS,30,560.1666666666666,588.5,0.18825644656665946,2437.633333333333,1.0
unit,rgg,50,25,connected,0.0,none,D-EAA-ER,30,541.6666666666666,548.5,0.02980765306680643,110.66666666666667,1.0
unit,rgg,50,25,connected,0.0,none,DWG,30,576.6666666666666,608.0,0.15040808719986667,3581.3,1.0
unit,rgg,50,25,connected,0.0,none,MS-RG-WT,30,559.9333333333333,582.5,0.1277387226999053,2867.233333333333,1.0
unit,rgg,50,25,connected,0.1,none,CARE-DS,30,544.5,567.0,0.14421926493332646,132.8,1.0
unit,rgg,50,25,connected,0.1,none,D-EAA-ER,30,531.6,538.0,0.03580403513330258,110.53333333333333,1.0
unit,rgg,50,25,connected,0.1,none,DWG,30,520.0666666666667,544.5,0.13698674463339555,3243.4,1.0
unit,rgg,50,25,connected,0.1,none,MS-RG-WT,30,517.4333333333333,538.0,0.1340924854999381,2583.6666666666665,1.0
unit,rgg,50,25,connected,0.25,none,CARE-DS,30,546.4666666666667,569.0,0.10843517526664069,113.3,1.0
unit,rgg,50,25,connected,0.25,none,D-EAA-ER,30,531.5,538.0,0.03387088556661785,109.8,1.0
unit,rgg,50,25,connected,0.25,none,DWG,30,458.23333333333335,482.0,0.12049363843349657,2847.2,1.0
unit,rgg,50,25,connected,0.25,none,MS-RG-WT,30,467.1,482.0,0.12698016443337107,2231.633333333333,1.0
unit,rgg,50,25,connected,0.5,none,CARE-DS,30,540.3666666666667,553.0,0.08500880353331008,93.96666666666667,1.0
unit,rgg,50,25,connected,0.5,none,D-EAA-ER,30,529.8333333333334,537.0,0.03307880163341295,109.36666666666666,1.0
unit,rgg,50,25,connected,0.5,none,DWG,30,384.23333333333335,404.0,0.10209755806660416,2368.9,1.0
unit,rgg,50,25,connected,0.5,none,MS-RG-WT,30,410.23333333333335,425.5,0.11800484683338554,1790.4333333333334,1.0
unit,rgg,50,25,dominating,0.0,none,CARE-DS,30,636.6,662.0,0.15170977626661014,3303.6,1.0
unit,rgg,50,25,dominating,0.0,none,D-EAA-ER,30,624.6666666666666,657.0,0.017400070699992845,115.8,1.0
unit,rgg,50,25,dominating,0.0,none,DWG,30,635.6,662.0,0.12768717546675054,4144.866666666667,1.0
unit,rgg,50,25,dominating,0.0,none,MS-RG-WT,30,632.1,652.5,0.08919396110004522,3369.0,1.0
unit,rgg,50,25,dominating,0.1,none,CARE-DS,30,626.3,652.0,0.11373864309998677,127.76666666666667,1.0
unit,rgg,50,25,dominating,0.1,none,D-EAA-ER,30,615.4666666666667,651.0,0.01856927436671559,114.83333333333333,1.0
unit,rgg,50,25,dominating,0.1,none,DWG,30,574.4666666666667,598.0,0.11237064386668857,3743.866666666667,1.0
unit,rgg,50,25,dominating,0.1,none,MS-RG-WT,30,579.0,601.5,0.09229576736673452,3004.0333333333333,1.0
unit,rgg,50,25,dominating,0.25,none,CARE-DS,30,623.6,652.0,0.0783401623999149,115.83333333333333,1.0
unit,rgg,50,25,dominating,0.25,none,D-EAA-ER,30,615.4666666666667,651.0,0.02045006559992538,115.36666666666666,1.0
unit,rgg,50,25,dominating,0.25,none,DWG,30,508.2,528.0,0.10279610063316791,3305.266666666667,1.0
unit,rgg,50,25,dominating,0.25,none,MS-RG-WT,30,521.2333333333333,542.0,0.08483989199994535,2605.266666666667,1.0
unit,rgg,50,25,dominating,0.5,none,CARE-DS,30,623.5,646.0,0.051724367399916996,99.1,1.0
unit,rgg,50,25,dominating,0.5,none,D-EAA-ER,30,613.9666666666667,649.5,0.018780733366535622,114.73333333333333,1.0
unit,rgg,50,25,dominating,0.5,none,DWG,30,425.93333333333334,444.0,0.08231957749988697,2755.266666666667,1.0
unit,rgg,50,25,dominating,0.5,none,MS-RG-WT,30,455.26666666666665,466.5,0.07344130906670515,2086.6,1.0
unit,rgg,50,35,connected,0.0,none,CARE-DS,30,1114.6333333333334,1091.0,0.272142575833368,3506.8333333333335,1.0
unit,rgg,50,35,connected,0.0,none,D-EAA-ER,30,1102.3666666666666,1028.5,0.07119811770001733,127.0,1.0
unit,rgg,50,35,connected,0.0,none,DWG,30,1130.7333333333333,1087.0,0.30906173613335947,4379.333333333333,1.0
unit,rgg,50,35,connected,0.0,none,MS-RG-WT,30,1119.7666666666667,1078.0,0.2750330594333718,3973.766666666667,1.0
unit,rgg,50,35,connected,0.1,none,CARE-DS,30,1088.5666666666666,1055.0,0.22540163376659922,141.5,1.0
unit,rgg,50,35,connected,0.1,none,D-EAA-ER,30,1082.8333333333333,1010.5,0.07197419040000261,125.26666666666667,1.0
unit,rgg,50,35,connected,0.1,none,DWG,30,1016.0,980.5,0.2657359741332887,3944.3,1.0
unit,rgg,50,35,connected,0.1,none,MS-RG-WT,30,1017.2,971.5,0.26600662023326244,3547.7,1.0
unit,rgg,50,35,connected,0.25,none,CARE-DS,30,1092.4666666666667,1036.0,0.17970045809993276,125.53333333333333,1.0
unit,rgg,50,35,connected,0.25,none,D-EAA-ER,30,1082.6666666666667,1010.5,0.07352961173331395,125.16666666666667,1.0
unit,rgg,50,35,connected,0.25,none,DWG,30,895.5333333333333,866.0,0.23785968066661853,3473.4,1.0
unit,rgg,50,35,connected,0.25,none,MS-RG-WT,30,910.8,869.0,0.2386991397666861,3091.866666666667,1.0
unit,rgg,50,35,connected,0.5,none,CARE-DS,30,1089.3,1023.5,0.13567830846670098,106.56666666666666,1.0
unit,rgg,50,35,connected,0.5,none,D-EAA-ER,30,1078.3333333333333,1008.0,0.07263016113323219,124.13333333333334,1.0
unit,rgg,50,35,connected,0.5,none,DWG,30,748.3666666666667,722.0,0.19999106943338724,2897.1,1.0
unit,rgg,50,35,connected,0.5,none,MS-RG-WT,30,783.9,762.5,0.23144278203338517,2506.0,1.0
unit,rgg,50,35,dominating,0.0,none,CARE-DS,30,1132.0333333333333,1121.0,0.2574556082666883,4550.433333333333,1.0
unit,rgg,50,35,dominating,0.0,none,D-EAA-ER,30,1108.1333333333334,1103.5,0.035228963333156525,140.5,1.0
unit,rgg,50,35,dominating,0.0,none,DWG,30,1136.7666666666667,1121.5,0.21400498386671338,5131.466666666666,1.0
unit,rgg,50,35,dominating,0.0,none,MS-RG-WT,30,1124.2666666666667,1112.0,0.16626909686680538,4552.5,1.0
unit,rgg,50,35,dominating,0.1,none,CARE-DS,30,1114.6,1101.0,0.20559585596680938,153.1,1.0
unit,rgg,50,35,dominating,0.1,none,D-EAA-ER,30,1087.9333333333334,1086.0,0.04041569456667271,139.6,1.0
unit,rgg,50,35,dominating,0.1,none,DWG,30,1025.7333333333333,1014.0,0.18377433480000033,4630.7,1.0
unit,rgg,50,35,dominating,0.1,none,MS-RG-WT,30,1021.2666666666667,1014.5,0.16554912986663714,4071.4333333333334,1.0
unit,rgg,50,35,dominating,0.25,none,CARE-DS,30,1112.0,1098.5,0.14400817840011462,139.56666666666666,1.0
unit,rgg,50,35,dominating,0.25,none,D-EAA-ER,30,1087.9,1086.0,0.042544914733298314,139.63333333333333,1.0
unit,rgg,50,35,dominating,0.25,none,DWG,30,904.2333333333333,894.0,0.17524768240012537,4075.3,1.0
unit,rgg,50,35,dominating,0.25,none,MS-RG-WT,30,912.9666666666667,901.0,0.15536188386674132,3539.3,1.0
unit,rgg,50,35,dominating,0.5,none,CARE-DS,30,1109.4,1085.0,0.09108357796670433,121.0,1.0
unit,rgg,50,35,dominating,0.5,none,D-EAA-ER,30,1086.1333333333334,1083.0,0.03955529769994727,138.43333333333334,1.0
unit,rgg,50,35,dominating,0.5,none,DWG,30,755.3,747.5,0.14272770656671124,3398.366666666667,1.0
unit,rgg,50,35,dominating,0.5,none,MS-RG-WT,30,786.2,782.5,0.13609181523340033,2872.7,1.0
unit,rgg,100,15,connected,0.0,none,CARE-DS,30,188.06666666666666,176.0,0.22195046153330317,1519.5,1.0
unit,rgg,100,15,connected,0.0,none,D-EAA-ER,30,181.46666666666667,172.0,0.03040814870003785,145.96666666666667,1.0
unit,rgg,100,15,connected,0.0,none,DWG,30,195.26666666666668,177.5,0.1755598907665747,4411.033333333334,1.0
unit,rgg,100,15,connected,0.0,none,MS-RG-WT,30,191.73333333333332,177.0,0.14410756296662533,2345.7,1.0
unit,rgg,100,15,connected,0.1,none,CARE-DS,30,181.76666666666668,172.0,0.16726494626662614,193.46666666666667,1.0
unit,rgg,100,15,connected,0.1,none,D-EAA-ER,30,178.3,169.0,0.03040310253342488,145.8,1.0
unit,rgg,100,15,connected,0.1,none,DWG,30,178.86666666666667,163.0,0.1496542567333866,4027.0333333333333,1.0
unit,rgg,100,15,connected,0.1,none,MS-RG-WT,30,178.7,165.0,0.14425319876657638,2296.266666666667,1.0
unit,rgg,100,15,connected,0.25,none,CARE-DS,30,181.7,172.5,0.12876478026664698,151.66666666666666,1.0
unit,rgg,100,15,connected,0.25,none,D-EAA-ER,30,178.3,169.0,0.029251321633303885,145.8,1.0
unit,rgg,100,15,connected,0.25,none,DWG,30,162.03333333333333,152.5,0.1347473102667815,3613.133333333333,1.0
unit,rgg,100,15,connected,0.25,none,MS-RG-WT,30,168.96666666666667,157.0,0.14340026846666656,1926.4666666666667,1.0
unit,rgg,100,15,connected,0.5,none,CARE-DS,30,179.7,171.5,0.10657077703337256,126.6,1.0
unit,rgg,100,15,connected,0.5,none,D-EAA-ER,30,177.9,169.0,0.028173385099974694,141.2,1.0
unit,rgg,100,15,connected,0.5,none,DWG,30,140.96666666666667,133.5,0.11481119563347114,3102.233333333333,1.0
unit,rgg,100,15,connected,0.5,none,MS-RG-WT,30,155.06666666666666,153.0,0.1303345602000566,1587.8666666666666,1.0
unit,rgg,100,15,dominating,0.0,none,CARE-DS,30,280.43333333333334,277.0,0.18071130843336503,2490.5666666666666,1.0
unit,rgg,100,15,dominating,0.0,none,D-EAA-ER,30,278.6333333333333,277.0,0.011836871566689857,155.06666666666666,1.0
unit,rgg,100,15,dominating,0.0,none,DWG,30,279.3,277.0,0.13669464523330435,5229.333333333333,1.0
unit,rgg,100,15,dominating,0.0,none,MS-RG-WT,30,275.8666666666667,269.5,0.09290320636658479,3112.8333333333335,1.0
unit,rgg,100,15,dominating,0.1,none,CARE-DS,30,275.56666666666666,273.0,0.12817144453338183,191.03333333333333,1.0
unit,rgg,100,15,dominating,0.1,none,D-EAA-ER,30,273.73333333333335,272.5,0.014458079266781434,154.66666666666666,1.0
unit,rgg,100,15,dominating,0.1,none,DWG,30,254.03333333333333,251.5,0.13305860040006032,4749.166666666667,1.0
unit,rgg,100,15,dominating,0.1,none,MS-RG-WT,30,258.3666666666667,257.5,0.09462546623347706,2917.9,1.0
unit,rgg,100,15,dominating,0.25,none,CARE-DS,30,273.73333333333335,273.0,0.08734820506660976,159.0,1.0
unit,rgg,100,15,dominating,0.25,none,D-EAA-ER,30,273.73333333333335,272.5,0.01307241863332815,154.66666666666666,1.0
unit,rgg,100,15,dominating,0.25,none,DWG,30,226.2,223.0,0.11635987363336725,4204.0,1.0
unit,rgg,100,15,dominating,0.25,none,MS-RG-WT,30,237.6,231.5,0.08281855060001055,2585.4,1.0
unit,rgg,100,15,dominating,0.5,none,CARE-DS,30,274.1666666666667,269.5,0.07338030153323412,138.66666666666666,1.0
unit,rgg,100,15,dominating,0.5,none,D-EAA-ER,30,273.46666666666664,272.0,0.013858327066736778,153.93333333333334,1.0
unit,rgg,100,15,dominating,0.5,none,DWG,30,192.56666666666666,188.5,0.09770867796672363,3561.733333333333,1.0
unit,rgg,100,15,dominating,0.5,none,MS-RG-WT,30,218.1,214.5,0.07470068443341608,2014.8,1.0
unit,rgg,100,25,connected,0.0,none,CARE-DS,30,451.1333333333333,445.5,0.44651344353333117,3519.1666666666665,1.0
unit,rgg,100,25,connected,0.0,none,D-EAA-ER,30,446.1666666666667,453.5,0.09669841980003181,253.73333333333332,1.0
unit,rgg,100,25,connected,0.0,none,DWG,30,471.73333333333335,466.0,0.3456183887333282,7088.5,1.0
unit,rgg,100,25,connected,0.0,none,MS-RG-WT,30,456.06666666666666,460.5,0.3245173770999524,4968.933333333333,1.0
unit,rgg,100,25,connected,0.1,none,CARE-DS,30,443.1666666666667,445.0,0.3576445834666629,321.96666666666664,1.0
unit,rgg,100,25,connected,0.1,none,D-EAA-ER,30,439.1,447.0,0.10251760550002771,260.3,1.0
unit,rgg,100,25,connected,0.1,none,DWG,30,426.03333333333336,424.5,0.31278032083334134,6396.2,1.0
unit,rgg,100,25,connected,0.1,none,MS-RG-WT,30,420.76666666666665,424.0,0.3586566969333035,4677.933333333333,1.0
unit,rgg,100,25,connected,0.25,none,CARE-DS,30,440.2,444.5,0.28759590496673204,275.3666666666667,1.0
unit,rgg,100,25,connected,0.25,none,D-EAA-ER,30,439.1,447.0,0.10380307100003842,260.5,1.0
unit,rgg,100,25,connected,0.25,none,DWG,30,377.56666666666666,377.0,0.27008347686669365,5636.7,1.0
unit,rgg,100,25,connected,0.25,none,MS-RG-WT,30,383.23333333333335,388.0,0.3143535238999903,4099.366666666667,1.0
unit,rgg,100,25,connected,0.5,none,CARE-DS,30,439.9,450.5,0.23803486436665175,236.2,1.0
unit,rgg,100,25,connected,0.5,none,D-EAA-ER,30,437.4,444.5,0.1020338078334134,255.8,1.0
unit,rgg,100,25,connected,0.5,none,DWG,30,318.53333333333336,321.0,0.22400304580005465,4734.866666666667,1.0
unit,rgg,100,25,connected,0.5,none,MS-RG-WT,30,347.26666666666665,351.0,0.29139265036665163,3167.4,1.0
unit,rgg,100,25,dominating,0.0,none,CARE-DS,30,547.9666666666667,537.0,0.311849112966623,4774.466666666666,1.0
unit,rgg,100,25,dominating,0.0,none,D-EAA-ER,30,541.2333333333333,536.0,0.026972951333270084,203.03333333333333,1.0
unit,rgg,100,25,dominating,0.0,none,DWG,30,547.8333333333334,545.0,0.26659876466671145,6739.3,1.0
unit,rgg,100,25,dominating,0.0,none,MS-RG-WT,30,544.6333333333333,531.5,0.17258212003331813,5035.466666666666,1.0
unit,rgg,100,25,dominating,0.1,none,CARE-DS,30,536.8333333333334,532.5,0.2132194625666064,253.13333333333333,1.0
unit,rgg,100,25,dominating,0.1,none,D-EAA-ER,30,528.9333333333333,526.5,0.03186699706669358,201.03333333333333,1.0
unit,rgg,100,25,dominating,0.1,none,DWG,30,495.56666666666666,492.5,0.2397556132666068,6095.2,1.0
unit,rgg,100,25,dominating,0.1,none,MS-RG-WT,30,498.53333333333336,484.0,0.16107096266659934,4581.766666666666,1.0
unit,rgg,100,25,dominating,0.25,none,CARE-DS,30,538.4,533.0,0.15329891606664506,213.9,1.0
unit,rgg,100,25,dominating,0.25,none,D-EAA-ER,30,528.9,526.5,0.03103926053339208,201.3,1.0
unit,rgg,100,25,dominating,0.25,none,DWG,30,438.6333333333333,436.5,0.208667916066679,5382.833333333333,1.0
unit,rgg,100,25,dominating,0.25,none,MS-RG-WT,30,451.56666666666666,440.0,0.1444402998333316,3983.6666666666665,1.0
unit,rgg,100,25,dominating,0.5,none,CARE-DS,30,529.6666666666666,504.5,0.10815713059989013,181.73333333333332,1.0
unit,rgg,100,25,dominating,0.5,none,D-EAA-ER,30,527.4666666666667,525.0,0.030308236966690508,201.56666666666666,1.0
unit,rgg,100,25,dominating,0.5,none,DWG,30,368.46666666666664,367.5,0.1753389042333765,4512.7,1.0
unit,rgg,100,25,dominating,0.5,none,MS-RG-WT,30,400.56666666666666,399.5,0.13287630143325557,3161.633333333333,1.0
unit,rgg,100,35,connected,0.0,none,CARE-DS,30,711.1333333333333,717.5,0.6330363266999787,5493.466666666666,1.0
unit,rgg,100,35,connected,0.0,none,D-EAA-ER,30,694.8333333333334,678.0,0.16498123126666536,270.8333333333333,1.0
unit,rgg,100,35,connected,0.0,none,DWG,30,736.9333333333333,743.5,0.48592920296669034,8088.4,1.0
unit,rgg,100,35,connected,0.0,none,MS-RG-WT,30,711.3333333333334,710.0,0.5169700182998288,6426.466666666666,1.0
unit,rgg,100,35,connected,0.1,none,CARE-DS,30,693.5333333333333,711.0,0.4669809067001097,350.3,1.0
unit,rgg,100,35,connected,0.1,none,D-EAA-ER,30,681.6666666666666,666.0,0.1742555271999663,263.56666666666666,1.0
unit,rgg,100,35,connected,0.1,none,DWG,30,664.4333333333333,671.0,0.4259682989666241,7302.733333333334,1.0
unit,rgg,100,35,connected,0.1,none,MS-RG-WT,30,648.8333333333334,647.5,0.49646095716661875,5924.5,1.0
unit,rgg,100,35,connected,0.25,none,CARE-DS,30,695.9,700.0,0.4079551159333581,297.96666666666664,1.0
unit,rgg,100,35,connected,0.25,none,D-EAA-ER,30,680.6,666.0,0.16444833443338208,262.93333333333334,1.0
unit,rgg,100,35,connected,0.25,none,DWG,30,587.3333333333334,591.5,0.3538722609000312,6429.466666666666,1.0
unit,rgg,100,35,connected,0.25,none,MS-RG-WT,30,584.4,583.0,0.4557222397333438,5055.666666666667,1.0
unit,rgg,100,35,connected,0.5,none,CARE-DS,30,688.6,699.0,0.3251038872666868,249.13333333333333,1.0
unit,rgg,100,35,connected,0.5,none,D-EAA-ER,30,680.1333333333333,664.0,0.1610189331332852,263.3333333333333,1.0
unit,rgg,100,35,connected,0.5,none,DWG,30,491.43333333333334,493.0,0.30064201619995096,5364.4,1.0
unit,rgg,100,35,connected,0.5,none,MS-RG-WT,30,516.3,511.0,0.41031112379999585,4068.6666666666665,1.0
unit,rgg,100,35,dominating,0.0,none,CARE-DS,30,808.2333333333333,812.0,0.38548249363345044,5892.066666666667,1.0
unit,rgg,100,35,dominating,0.0,none,D-EAA-ER,30,804.2333333333333,812.0,0.045864873599839436,226.43333333333334,1.0
unit,rgg,100,35,dominating,0.0,none,DWG,30,807.1333333333333,812.0,0.3893923209667264,7756.433333333333,1.0
unit,rgg,100,35,dominating,0.0,none,MS-RG-WT,30,801.6666666666666,805.0,0.24294243196670015,6148.733333333334,1.0
unit,rgg,100,35,dominating,0.1,none,CARE-DS,30,794.9666666666667,799.0,0.2856363020667231,265.6666666666667,1.0
unit,rgg,100,35,dominating,0.1,none,D-EAA-ER,30,790.8333333333334,798.5,0.04836794693319457,222.96666666666667,1.0
unit,rgg,100,35,dominating,0.1,none,DWG,30,728.6666666666666,733.5,0.3316615684334162,7004.3,1.0
unit,rgg,100,35,dominating,0.1,none,MS-RG-WT,30,734.5,739.0,0.21721129050007823,5620.433333333333,1.0
unit,rgg,100,35,dominating,0.25,none,CARE-DS,30,794.8666666666667,798.5,0.21064896993311774,237.63333333333333,1.0
unit,rgg,100,35,dominating,0.25,none,D-EAA-ER,30,790.8333333333334,798.5,0.04786733619994261,223.16666666666666,1.0
unit,rgg,100,35,dominating,0.25,none,DWG,30,643.1666666666666,646.5,0.31306257386659125,6161.633333333333,1.0
unit,rgg,100,35,dominating,0.25,none,MS-RG-WT,30,662.8,665.0,0.20716865516654553,4743.766666666666,1.0
unit,rgg,100,35,dominating,0.5,none,CARE-DS,30,790.4333333333333,797.0,0.14245175246666497,203.0,1.0
unit,rgg,100,35,dominating,0.5,none,D-EAA-ER,30,789.1666666666666,797.5,0.050622389066575076,221.83333333333334,1.0
unit,rgg,100,35,dominating,0.5,none,DWG,30,538.1666666666666,541.5,0.2593798881000111,5157.2,1.0
unit,rgg,100,35,dominating,0.5,none,MS-RG-WT,30,577.4666666666667,581.0,0.18826943953314787,3888.8333333333335,1.0
unit,rgg,150,15,connected,0.0,none,CARE-DS,30,179.06666666666666,175.0,0.37863405253330407,2612.8,1.0
unit,rgg,150,15,connected,0.0,none,D-EAA-ER,30,173.06666666666666,174.0,0.05456729573334083,223.2,1.0
unit,rgg,150,15,connected,0.0,none,DWG,30,182.83333333333334,181.0,0.27097111680001634,6321.133333333333,1.0
unit,rgg,150,15,connected,0.0,none,MS-RG-WT,30,177.03333333333333,174.5,0.24568827026666135,3466.233333333333,1.0
unit,rgg,150,15,connected,0.1,none,CARE-DS,30,176.56666666666666,176.0,0.283364038966647,325.23333333333335,1.0
unit,rgg,150,15,connected,0.1,none,D-EAA-ER,30,169.43333333333334,171.0,0.058387436966677295,225.8,1.0
unit,rgg,150,15,connected,0.1,none,DWG,30,167.73333333333332,169.0,0.24870279313327043,5771.6,1.0
unit,rgg,150,15,connected,0.1,none,MS-RG-WT,30,167.26666666666668,166.0,0.2580828234332936,3387.766666666667,1.0
unit,rgg,150,15,connected,0.25,none,CARE-DS,30,175.3,175.5,0.23876589929997558,269.3,1.0
unit,rgg,150,15,connected,0.25,none,D-EAA-ER,30,169.43333333333334,171.0,0.06066645003338631,225.36666666666667,1.0
unit,rgg,150,15,connected,0.25,none,DWG,30,152.76666666666668,155.5,0.22272026703334022,5197.733333333334,1.0
unit,rgg,150,15,connected,0.25,none,MS-RG-WT,30,157.6,154.0,0.2628576864332899,3079.9,1.0
unit,rgg,150,15,connected,0.5,none,CARE-DS,30,174.16666666666666,173.0,0.23063530063332108,246.53333333333333,1.0
unit,rgg,150,15,connected,0.5,none,D-EAA-ER,30,169.3,171.0,0.0639666568333268,226.96666666666667,1.0
unit,rgg,150,15,connected,0.5,none,DWG,30,133.26666666666668,140.5,0.2010671162666464,4486.3,1.0
unit,rgg,150,15,connected,0.5,none,MS-RG-WT,30,147.96666666666667,152.0,0.28040015579993754,2454.9333333333334,1.0
unit,rgg,150,15,dominating,0.0,none,CARE-DS,30,260.2,257.5,0.2694408491665854,3346.0,1.0
unit,rgg,150,15,dominating,0.0,none,D-EAA-ER,30,257.53333333333336,257.5,0.0160926767999626,226.33333333333334,1.0
unit,rgg,150,15,dominating,0.0,none,DWG,30,259.3333333333333,257.5,0.2096963965332785,7164.8,1.0
unit,rgg,150,15,dominating,0.0,none,MS-RG-WT,30,258.46666666666664,257.5,0.13810587046664294,4039.6666666666665,1.0
unit,rgg,150,15,dominating,0.1,none,CARE-DS,30,255.96666666666667,254.0,0.18686695543334883,289.3,1.0
unit,rgg,150,15,dominating,0.1,none,D-EAA-ER,30,252.93333333333334,253.0,0.019051612933344543,226.26666666666668,1.0
unit,rgg,150,15,dominating,0.1,none,DWG,30,235.5,234.0,0.19330856180007078,6481.5,1.0
unit,rgg,150,15,dominating,0.1,none,MS-RG-WT,30,239.1,232.0,0.1214492894332579,4020.5,1.0
unit,rgg,150,15,dominating,0.25,none,CARE-DS,30,255.23333333333332,254.0,0.13029089676671596,246.1,1.0
unit,rgg,150,15,dominating,0.25,none,D-EAA-ER,30,252.93333333333334,253.0,0.017895284433234293,225.96666666666667,1.0
unit,rgg,150,15,dominating,0.25,none,DWG,30,209.9,208.5,0.1613817006334405,5742.4,1.0
unit,rgg,150,15,dominating,0.25,none,MS-RG-WT,30,221.0,220.0,0.10745420496674944,3457.4666666666667,1.0
unit,rgg,150,15,dominating,0.5,none,CARE-DS,30,255.16666666666666,252.5,0.1072268869666307,212.83333333333334,1.0
unit,rgg,150,15,dominating,0.5,none,D-EAA-ER,30,252.5,253.0,0.017566212100094417,225.36666666666667,1.0
unit,rgg,150,15,dominating,0.5,none,DWG,30,178.16666666666666,176.5,0.14153309286657528,4855.0,1.0
unit,rgg,150,15,dominating,0.5,none,MS-RG-WT,30,206.5,203.5,0.10299182376666063,2641.1,1.0
unit,rgg,150,25,connected,0.0,none,CARE-DS,30,414.4,424.5,0.7135447320666723,4885.766666666666,1.0
unit,rgg,150,25,connected,0.0,none,D-EAA-ER,30,402.6333333333333,412.5,0.18696153093320994,380.8333333333333,1.0
unit,rgg,150,25,connected,0.0,none,DWG,30,427.1333333333333,442.5,0.5192101255001035,9883.9,1.0
unit,rgg,150,25,connected,0.0,none,MS-RG-WT,30,412.43333333333334,423.0,0.5709567564333763,6735.766666666666,1.0
unit,rgg,150,25,connected,0.1,none,CARE-DS,30,398.0,396.0,0.5574019120000079,524.7333333333333,1.0
unit,rgg,150,25,connected,0.1,none,D-EAA-ER,30,395.6,404.5,0.1916907016000247,384.2,1.0
unit,rgg,150,25,connected,0.1,none,DWG,30,386.0,398.0,0.4426610222333996,8921.033333333333,1.0
unit,rgg,150,25,connected,0.1,none,MS-RG-WT,30,380.7,388.5,0.573057736199947,6447.166666666667,1.0
unit,rgg,150,25,connected,0.25,none,CARE-DS,30,403.0,407.5,0.46520732826667577,417.06666666666666,1.0
unit,rgg,150,25,connected,0.25,none,D-EAA-ER,30,395.53333333333336,404.5,0.1875337735665198,384.5,1.0
unit,rgg,150,25,connected,0.25,none,DWG,30,342.8666666666667,355.5,0.38541685899993655,7917.633333333333,1.0
unit,rgg,150,25,connected,0.25,none,MS-RG-WT,30,352.23333333333335,366.5,0.5570571658333392,5436.633333333333,1.0
unit,rgg,150,25,connected,0.5,none,CARE-DS,30,397.56666666666666,412.0,0.4290950139666317,379.1,1.0
unit,rgg,150,25,connected,0.5,none,D-EAA-ER,30,394.0,403.0,0.19710539053327614,376.8333333333333,1.0
unit,rgg,150,25,connected,0.5,none,DWG,30,289.46666666666664,304.5,0.34452893730003775,6634.533333333334,1.0
unit,rgg,150,25,connected,0.5,none,MS-RG-WT,30,315.0,329.5,0.5411982162666088,4445.3,1.0
unit,rgg,150,25,dominating,0.0,none,CARE-DS,30,490.2,497.0,0.4364884155999183,5569.366666666667,1.0
unit,rgg,150,25,dominating,0.0,none,D-EAA-ER,30,485.6,495.5,0.03692538546662636,291.8333333333333,1.0
unit,rgg,150,25,dominating,0.0,none,DWG,30,489.6,494.5,0.33553237263331537,9152.833333333334,1.0
unit,rgg,150,25,dominating,0.0,none,MS-RG-WT,30,486.93333333333334,489.5,0.23267446089994334,6462.233333333334,1.0
unit,rgg,150,25,dominating,0.1,none,CARE-DS,30,480.53333333333336,488.0,0.3060747950666761,371.4,1.0
unit,rgg,150,25,dominating,0.1,none,D-EAA-ER,30,479.2,488.0,0.04140395333339859,291.4,1.0
unit,rgg,150,25,dominating,0.1,none,DWG,30,443.1,447.5,0.3203421310331881,8273.5,1.0
unit,rgg,150,25,dominating,0.1,none,MS-RG-WT,30,447.53333333333336,452.0,0.21785715710005507,6119.866666666667,1.0
unit,rgg,150,25,dominating,0.25,none,CARE-DS,30,480.6333333333333,488.5,0.20794585356667686,306.53333333333336,1.0
unit,rgg,150,25,dominating,0.25,none,D-EAA-ER,30,479.1666666666667,488.0,0.04303870886666719,290.6333333333333,1.0
unit,rgg,150,25,dominating,0.25,none,DWG,30,392.1,397.0,0.2773511622333899,7316.133333333333,1.0
unit,rgg,150,25,dominating,0.25,none,MS-RG-WT,30,406.96666666666664,413.0,0.17952558863338097,5289.5,1.0
unit,rgg,150,25,dominating,0.5,none,CARE-DS,30,480.8333333333333,487.0,0.15274389899999125,263.6333333333333,1.0
unit,rgg,150,25,dominating,0.5,none,D-EAA-ER,30,477.96666666666664,487.0,0.03987673520005042,290.2,1.0
unit,rgg,150,25,dominating,0.5,none,DWG,30,330.03333333333336,335.0,0.22356449186651536,6131.066666666667,1.0
unit,rgg,150,25,dominating,0.5,none,MS-RG-WT,30,362.6,365.0,0.16850569896672213,4143.733333333334,1.0
unit,rgg,150,35,connected,0.0,none,CARE-DS,30,609.7666666666667,628.0,0.9645404440666728,6061.533333333334,1.0
unit,rgg,150,35,connected,0.0,none,D-EAA-ER,30,593.3,601.0,0.3431738958999025,388.2,1.0
unit,rgg,150,35,connected,0.0,none,DWG,30,635.0,630.0,0.742573964433177,10942.3,1.0
unit,rgg,150,35,connected,0.0,none,MS-RG-WT,30,608.2333333333333,622.0,0.9345621447665204,8176.533333333334,1.0
unit,rgg,150,35,connected,0.1,none,CARE-DS,30,598.7,619.0,0.7991901978666647,541.9,1.0
unit,rgg,150,35,connected,0.1,none,D-EAA-ER,30,583.9333333333333,590.0,0.3413878441999259,389.53333333333336,1.0
unit,rgg,150,35,connected,0.1,none,DWG,30,573.4666666666667,571.0,0.6505247984332527,9878.433333333332,1.0
unit,rgg,150,35,connected,0.1,none,MS-RG-WT,30,556.1666666666666,569.5,0.960181830399991,7693.9,1.0
unit,rgg,150,35,connected,0.25,none,CARE-DS,30,601.0666666666667,620.0,0.7062661059000674,440.23333333333335,1.0
unit,rgg,150,35,connected,0.25,none,D-EAA-ER,30,583.7666666666667,590.0,0.33384031343339304,388.1,1.0
unit,rgg,150,35,connected,0.25,none,DWG,30,507.3333333333333,502.5,0.548964812200029,8717.066666666668,1.0
unit,rgg,150,35,connected,0.25,none,MS-RG-WT,30,507.2,535.5,0.8706036692332418,6533.633333333333,1.0
unit,rgg,150,35,connected,0.5,none,CARE-DS,30,590.3,617.5,0.5641400331332989,377.6,1.0
unit,rgg,150,35,connected,0.5,none,D-EAA-ER,30,580.8,588.5,0.3318110659000619,378.96666666666664,1.0
unit,rgg,150,35,connected,0.5,none,DWG,30,425.46666666666664,424.5,0.47933683073330635,7283.4,1.0
unit,rgg,150,35,connected,0.5,none,MS-RG-WT,30,450.8,483.0,0.8544177425666324,5370.1,1.0
unit,rgg,150,35,dominating,0.0,none,CARE-DS,30,715.7666666666667,729.0,0.5569560926666175,7201.066666666667,1.0
unit,rgg,150,35,dominating,0.0,none,D-EAA-ER,30,710.4666666666667,730.5,0.06411807786662388,313.56666666666666,1.0
unit,rgg,150,35,dominating,0.0,none,DWG,30,716.1,725.5,0.5089134954334137,10117.466666666667,1.0
unit,rgg,150,35,dominating,0.0,none,MS-RG-WT,30,712.8333333333334,726.5,0.33207497256662466,7868.8,1.0
unit,rgg,150,35,dominating,0.1,none,CARE-DS,30,706.1,718.0,0.41094116989991863,391.1,1.0
unit,rgg,150,35,dominating,0.1,none,D-EAA-ER,30,701.2,720.0,0.06571708876672343,315.0,1.0
unit,rgg,150,35,dominating,0.1,none,DWG,30,648.0666666666667,656.5,0.4585675608333683,9164.966666666667,1.0
unit,rgg,150,35,dominating,0.1,none,MS-RG-WT,30,650.0333333333333,664.0,0.3109252770667202,7188.366666666667,1.0
unit,rgg,150,35,dominating,0.25,none,CARE-DS,30,701.9666666666667,717.0,0.2884478268333623,327.03333333333336,1.0
unit,rgg,150,35,dominating,0.25,none,D-EAA-ER,30,701.1333333333333,719.5,0.06903187773320191,314.3666666666667,1.0
unit,rgg,150,35,dominating,0.25,none,DWG,30,571.9666666666667,581.0,0.40181622179995125,8086.033333333334,1.0
unit,rgg,150,35,dominating,0.25,none,MS-RG-WT,30,586.8333333333334,593.0,0.2564514270332135,6290.933333333333,1.0
unit,rgg,150,35,dominating,0.5,none,CARE-DS,30,702.1,719.5,0.20973141203342793,286.43333333333334,1.0
unit,rgg,150,35,dominating,0.5,none,D-EAA-ER,30,698.8333333333334,716.5,0.06432794703332542,310.73333333333335,1.0
unit,rgg,150,35,dominating,0.5,none,DWG,30,479.3666666666667,486.5,0.3282635023333266,6773.566666666667,1.0
unit,rgg,150,35,dominating,0.5,none,MS-RG-WT,30,518.9,538.5,0.23909162986665247,4861.766666666666,1.0
unit,rgg,200,15,connected,0.0,none,CARE-DS,30,169.03333333333333,190.0,0.5429099757000131,2861.133333333333,1.0
unit,rgg,200,15,connected,0.0,none,D-EAA-ER,30,166.83333333333334,182.5,0.10012459150005568,311.8666666666667,1.0
unit,rgg,200,15,connected,0.0,none,DWG,30,175.1,195.5,0.3830757229666536,8128.5,1.0
unit,rgg,200,15,connected,0.0,none,MS-RG-WT,30,170.03333333333333,187.0,0.3985241569334297,3978.866666666667,1.0
unit,rgg,200,15,connected,0.1,none,CARE-DS,30,163.53333333333333,186.0,0.43460520396671803,430.43333333333334,1.0
unit,rgg,200,15,connected,0.1,none,D-EAA-ER,30,163.9,180.0,0.100954982366602,314.1,1.0
unit,rgg,200,15,connected,0.1,none,DWG,30,160.2,177.5,0.330495088033452,7399.066666666667,1.0
unit,rgg,200,15,connected,0.1,none,MS-RG-WT,30,158.93333333333334,179.5,0.4053733254667046,4291.333333333333,1.0
unit,rgg,200,15,connected,0.25,none,CARE-DS,30,163.53333333333333,188.0,0.3632010185666331,336.1333333333333,1.0
unit,rgg,200,15,connected,0.25,none,D-EAA-ER,30,163.76666666666668,180.0,0.10493801273338851,312.23333333333335,1.0
unit,rgg,200,15,connected,0.25,none,DWG,30,144.63333333333333,160.0,0.31562596996654974,6634.9,1.0
unit,rgg,200,15,connected,0.25,none,MS-RG-WT,30,152.5,170.0,0.4214634831000694,3526.633333333333,1.0
unit,rgg,200,15,connected,0.5,none,CARE-DS,30,165.36666666666667,188.0,0.3487535888333999,314.93333333333334,1.0
unit,rgg,200,15,connected,0.5,none,D-EAA-ER,30,163.23333333333332,179.5,0.1028532070667097,309.3333333333333,1.0
unit,rgg,200,15,connected,0.5,none,DWG,30,124.76666666666667,135.0,0.26441901309990495,5617.066666666667,1.0
unit,rgg,200,15,connected,0.5,none,MS-RG-WT,30,142.43333333333334,152.0,0.3874128701665843,2998.2,1.0
unit,rgg,200,15,dominating,0.0,none,CARE-DS,30,253.06666666666666,248.5,0.3528649224666272,3920.2,1.0
unit,rgg,200,15,dominating,0.0,none,D-EAA-ER,30,250.66666666666666,248.5,0.01973286993328045,310.3666666666667,1.0
unit,rgg,200,15,dominating,0.0,none,DWG,30,252.83333333333334,248.5,0.2741259288000037,9182.466666666667,1.0
unit,rgg,200,15,dominating,0.0,none,MS-RG-WT,30,251.16666666666666,245.5,0.17894329650016513,5362.433333333333,1.0
unit,rgg,200,15,dominating,0.1,none,CARE-DS,30,248.26666666666668,244.0,0.24868959726669948,389.6666666666667,1.0
unit,rgg,200,15,dominating,0.1,none,D-EAA-ER,30,246.06666666666666,243.5,0.022666315399965196,313.23333333333335,1.0
unit,rgg,200,15,dominating,0.1,none,DWG,30,229.46666666666667,228.0,0.251829187766513,8307.133333333333,1.0
unit,rgg,200,15,dominating,0.1,none,MS-RG-WT,30,233.96666666666667,230.5,0.1705248328001289,5299.8,1.0
unit,rgg,200,15,dominating,0.25,none,CARE-DS,30,247.0,244.0,0.18008217380008013,333.8666666666667,1.0
unit,rgg,200,15,dominating,0.25,none,D-EAA-ER,30,246.06666666666666,243.5,0.02273013283347604,312.96666666666664,1.0
unit,rgg,200,15,dominating,0.25,none,DWG,30,204.53333333333333,204.5,0.2279788371333173,7361.433333333333,1.0
unit,rgg,200,15,dominating,0.25,none,MS-RG-WT,30,219.16666666666666,223.0,0.1586517401333973,4053.9,1.0
unit,rgg,200,15,dominating,0.5,none,CARE-DS,30,248.26666666666668,244.5,0.15564158483333204,295.2,1.0
unit,rgg,200,15,dominating,0.5,none,D-EAA-ER,30,245.53333333333333,243.5,0.024206032699961074,310.6,1.0
unit,rgg,200,15,dominating,0.5,none,DWG,30,173.33333333333334,174.5,0.19416868993333383,6197.866666666667,1.0
unit,rgg,200,15,dominating,0.5,none,MS-RG-WT,30,202.66666666666666,201.5,0.15096207169999612,3380.9333333333334,1.0
unit,rgg,200,25,connected,0.0,none,CARE-DS,30,360.6666666666667,354.5,1.1487542064667347,5076.3,1.0
unit,rgg,200,25,connected,0.0,none,D-EAA-ER,30,352.1666666666667,358.0,0.26804690373337503,445.53333333333336,1.0
unit,rgg,200,25,connected,0.0,none,DWG,30,378.46666666666664,369.0,0.7076991414667343,12113.0,1.0
unit,rgg,200,25,connected,0.0,none,MS-RG-WT,30,367.56666666666666,366.5,0.8908241510667722,7705.5,1.0
unit,rgg,200,25,connected,0.1,none,CARE-DS,30,357.73333333333335,352.5,0.9168361770333832,673.1,1.0
unit,rgg,200,25,connected,0.1,none,D-EAA-ER,30,346.3333333333333,352.5,0.3072941515999446,447.23333333333335,1.0
unit,rgg,200,25,connected,0.1,none,DWG,30,343.7,335.5,0.6167065087000083,10990.433333333332,1.0
unit,rgg,200,25,connected,0.1,none,MS-RG-WT,30,337.6,332.5,0.9811614911333587,7839.966666666666,1.0
unit,rgg,200,25,connected,0.25,none,CARE-DS,30,357.8,360.5,0.7961258780666716,550.9,1.0
unit,rgg,200,25,connected,0.25,none,D-EAA-ER,30,346.3,352.5,0.28541786613335113,445.1666666666667,1.0
unit,rgg,200,25,connected,0.25,none,DWG,30,305.8666666666667,298.5,0.5418293058000018,9737.133333333333,1.0
unit,rgg,200,25,connected,0.25,none,MS-RG-WT,30,310.6666666666667,312.5,0.8910208955665743,6625.133333333333,1.0
unit,rgg,200,25,connected,0.5,none,CARE-DS,30,352.3333333333333,359.0,0.7884761104999749,472.93333333333334,1.0
unit,rgg,200,25,connected,0.5,none,D-EAA-ER,30,345.23333333333335,351.0,0.30315387376670816,443.1666666666667,1.0
unit,rgg,200,25,connected,0.5,none,DWG,30,258.9,253.5,0.48170295966665433,8204.333333333334,1.0
unit,rgg,200,25,connected,0.5,none,MS-RG-WT,30,283.76666666666665,289.0,0.8642535102333568,5065.9,1.0
unit,rgg,200,25,dominating,0.0,none,CARE-DS,30,479.1333333333333,476.0,0.5816971101000187,6899.766666666666,1.0
unit,rgg,200,25,dominating,0.0,none,D-EAA-ER,30,470.3666666666667,472.5,0.04534554199999543,382.3333333333333,1.0
unit,rgg,200,25,dominating,0.0,none,DWG,30,477.9,469.0,0.48582475829992594,12045.7,1.0
unit,rgg,200,25,dominating,0.0,none,MS-RG-WT,30,475.1,464.5,0.3268375449333992,8385.3,1.0
unit,rgg,200,25,dominating,0.1,none,CARE-DS,30,470.3333333333333,468.5,0.382209458233289,580.0,1.0
unit,rgg,200,25,dominating,0.1,none,D-EAA-ER,30,464.4,465.0,0.052285433699974675,383.0,1.0
unit,rgg,200,25,dominating,0.1,none,DWG,30,432.3666666666667,423.0,0.4366532052333241,10880.566666666668,1.0
unit,rgg,200,25,dominating,0.1,none,MS-RG-WT,30,438.1333333333333,431.5,0.2816468350333101,8067.5,1.0
unit,rgg,200,25,dominating,0.25,none,CARE-DS,30,469.6333333333333,467.0,0.29156087183318957,439.4,1.0
unit,rgg,200,25,dominating,0.25,none,D-EAA-ER,30,464.3333333333333,465.0,0.04980559359998244,382.0,1.0
unit,rgg,200,25,dominating,0.25,none,DWG,30,382.8333333333333,376.5,0.38159259336671314,9614.633333333333,1.0
unit,rgg,200,25,dominating,0.25,none,MS-RG-WT,30,398.03333333333336,395.5,0.24838908223343117,6910.266666666666,1.0
unit,rgg,200,25,dominating,0.5,none,CARE-DS,30,466.76666666666665,468.0,0.2225696308000503,398.3,1.0
unit,rgg,200,25,dominating,0.5,none,D-EAA-ER,30,462.96666666666664,464.5,0.04861928766661848,376.26666666666665,1.0
unit,rgg,200,25,dominating,0.5,none,DWG,30,322.0,315.5,0.3257168853999852,8070.433333333333,1.0
unit,rgg,200,25,dominating,0.5,none,MS-RG-WT,30,358.1,353.0,0.23460884263331533,5474.333333333333,1.0
unit,rgg,200,35,connected,0.0,none,CARE-DS,30,574.0666666666667,556.5,1.861291225233314,7833.566666666667,1.0
unit,rgg,200,35,connected,0.0,none,D-EAA-ER,30,565.9333333333333,556.5,0.5447396916666851,520.0666666666667,1.0
unit,rgg,200,35,connected,0.0,none,DWG,30,594.2333333333333,569.0,0.9897980675999255,13906.066666666668,1.0
unit,rgg,200,35,connected,0.0,none,MS-RG-WT,30,575.9666666666667,559.5,1.353794875333248,10315.9,1.0
unit,rgg,200,35,connected,0.1,none,CARE-DS,30,553.1,514.5,1.5518939311333573,737.4,1.0
unit,rgg,200,35,connected,0.1,none,D-EAA-ER,30,557.0,544.5,0.540644907333323,524.0333333333333,1.0
unit,rgg,200,35,connected,0.1,none,DWG,30,538.0333333333333,515.0,0.8381792691332824,12583.533333333333,1.0
unit,rgg,200,35,connected,0.1,none,MS-RG-WT,30,527.5333333333333,509.5,1.4020302968333453,9725.566666666668,1.0
unit,rgg,200,35,connected,0.25,none,CARE-DS,30,555.7,543.5,1.1984236504333998,597.0333333333333,1.0
unit,rgg,200,35,connected,0.25,none,D-EAA-ER,30,556.9666666666667,544.5,0.5552383418000317,523.4333333333333,1.0
unit,rgg,200,35,connected,0.25,none,DWG,30,475.43333333333334,452.5,0.7269152493999779,11109.9,1.0
unit,rgg,200,35,connected,0.25,none,MS-RG-WT,30,476.56666666666666,454.0,1.394208530266648,8460.0,1.0
unit,rgg,200,35,connected,0.5,none,CARE-DS,30,559.8,534.5,1.2205167010333147,528.5,1.0
unit,rgg,200,35,connected,0.5,none,D-EAA-ER,30,554.4333333333333,543.0,0.5567155191332859,518.4666666666667,1.0
unit,rgg,200,35,connected,0.5,none,DWG,30,399.6666666666667,382.5,0.5993923281999438,9312.0,1.0
unit,rgg,200,35,connected,0.5,none,MS-RG-WT,30,424.23333333333335,405.5,1.2225015496665947,6568.466666666666,1.0
unit,rgg,200,35,dominating,0.0,none,CARE-DS,30,676.9333333333333,678.0,0.6939799397666623,8739.2,1.0
unit,rgg,200,35,dominating,0.0,none,D-EAA-ER,30,670.0666666666667,665.0,0.07483792246666776,385.6333333333333,1.0
unit,rgg,200,35,dominating,0.0,none,DWG,30,675.7666666666667,678.0,0.631754228833294,12828.3,1.0
unit,rgg,200,35,dominating,0.0,none,MS-RG-WT,30,673.6666666666666,678.0,0.4207006482000603,9828.1,1.0
unit,rgg,200,35,dominating,0.1,none,CARE-DS,30,663.5666666666667,655.5,0.49912354226659467,530.5666666666667,1.0
unit,rgg,200,35,dominating,0.1,none,D-EAA-ER,30,658.6666666666666,652.5,0.0736857257334122,387.4,1.0
unit,rgg,200,35,dominating,0.1,none,DWG,30,610.8333333333334,613.0,0.5510021251000278,11608.066666666668,1.0
unit,rgg,200,35,dominating,0.1,none,MS-RG-WT,30,615.7666666666667,610.5,0.3656060860666003,9142.166666666666,1.0
unit,rgg,200,35,dominating,0.25,none,CARE-DS,30,665.7,665.5,0.3684388693333555,441.4,1.0
unit,rgg,200,35,dominating,0.25,none,D-EAA-ER,30,658.6,652.5,0.07649842143331015,387.6,1.0
unit,rgg,200,35,dominating,0.25,none,DWG,30,540.4666666666667,542.0,0.4931552084665782,10257.666666666666,1.0
unit,rgg,200,35,dominating,0.25,none,MS-RG-WT,30,558.0,560.5,0.3165772193000824,7832.633333333333,1.0
unit,rgg,200,35,dominating,0.5,none,CARE-DS,30,663.0333333333333,659.0,0.26814574183329865,374.96666666666664,1.0
unit,rgg,200,35,dominating,0.5,none,D-EAA-ER,30,656.9666666666667,651.0,0.07648187019995016,384.03333333333336,1.0
unit,rgg,200,35,dominating,0.5,none,DWG,30,452.3666666666667,453.0,0.40626276309997894,8573.866666666667,1.0
unit,rgg,200,35,dominating,0.5,none,MS-RG-WT,30,489.5,486.5,0.27323461843328306,6342.666666666667,1.0
unit,rgg,250,15,connected,0.0,none,CARE-DS,30,156.76666666666668,164.0,1.2918917776333576,3091.766666666667,1.0
unit,rgg,250,15,connected,0.0,none,D-EAA-ER,30,157.9,166.5,0.1532421008333282,365.46666666666664,1.0
unit,rgg,250,15,connected,0.0,none,DWG,30,162.9,166.5,0.5071689807666492,9264.733333333334,1.0
unit,rgg,250,15,connected,0.0,none,MS-RG-WT,30,160.4,166.5,0.5502034932998867,4164.133333333333,1.0
unit,rgg,250,15,connected,0.1,none,CARE-DS,30,154.1,154.5,1.1354920697666482,493.3666666666667,1.0
unit,rgg,250,15,connected,0.1,none,D-EAA-ER,30,155.03333333333333,164.5,0.14744863103339106,357.53333333333336,1.0
unit,rgg,250,15,connected,0.1,none,DWG,30,150.4,153.0,0.4352827245332567,8514.5,1.0
unit,rgg,250,15,connected,0.1,none,MS-RG-WT,30,150.0,156.5,0.5951285949667181,4218.433333333333,1.0
unit,rgg,250,15,connected,0.25,none,CARE-DS,30,151.8,151.0,0.832258594233311,376.1,1.0
unit,rgg,250,15,connected,0.25,none,D-EAA-ER,30,155.03333333333333,164.5,0.15001489389997003,357.6333333333333,1.0
unit,rgg,250,15,connected,0.25,none,DWG,30,136.56666666666666,139.0,0.412867492666616,7674.6,1.0
unit,rgg,250,15,connected,0.25,none,MS-RG-WT,30,144.3,152.5,0.5643077750667848,3683.6,1.0
unit,rgg,250,15,connected,0.5,none,CARE-DS,30,155.83333333333334,162.5,1.216584998199975,363.3,1.0
unit,rgg,250,15,connected,0.5,none,D-EAA-ER,30,154.8,164.5,0.15408197140001598,355.03333333333336,1.0
unit,rgg,250,15,connected,0.5,none,DWG,30,119.43333333333334,121.0,0.36283477030010547,6618.6,1.0
unit,rgg,250,15,connected,0.5,none,MS-RG-WT,30,138.7,143.0,0.5468228586000199,2943.9,1.0
unit,rgg,250,15,dominating,0.0,none,CARE-DS,30,230.63333333333333,229.0,0.4343983544332635,3935.3333333333335,1.0
unit,rgg,250,15,dominating,0.0,none,D-EAA-ER,30,230.16666666666666,229.0,0.021993567033283958,342.46666666666664,1.0
unit,rgg,250,15,dominating,0.0,none,DWG,30,231.73333333333332,229.0,0.33573122796663785,10465.733333333334,1.0
unit,rgg,250,15,dominating,0.0,none,MS-RG-WT,30,229.0,228.5,0.23346118739997712,5477.366666666667,1.0
unit,rgg,250,15,dominating,0.1,none,CARE-DS,30,228.06666666666666,224.5,0.30953834469998276,452.8666666666667,1.0
unit,rgg,250,15,dominating,0.1,none,D-EAA-ER,30,226.03333333333333,224.5,0.02438312710000895,337.3,1.0
unit,rgg,250,15,dominating,0.1,none,DWG,30,210.83333333333334,210.0,0.31061105490010354,9488.4,1.0
unit,rgg,250,15,dominating,0.1,none,MS-RG-WT,30,215.0,218.0,0.20838159309990562,5322.033333333334,1.0
unit,rgg,250,15,dominating,0.25,none,CARE-DS,30,226.53333333333333,224.5,0.2538760585332966,355.5,1.0
unit,rgg,250,15,dominating,0.25,none,D-EAA-ER,30,226.0,224.5,0.023747012400023432,335.73333333333335,1.0
unit,rgg,250,15,dominating,0.25,none,DWG,30,188.56666666666666,190.5,0.2905957101667203,8445.433333333332,1.0
unit,rgg,250,15,dominating,0.25,none,MS-RG-WT,30,201.2,204.0,0.18519631626674402,4829.933333333333,1.0
unit,rgg,250,15,dominating,0.5,none,CARE-DS,30,225.36666666666667,224.5,0.20280327436673054,310.2,1.0
unit,rgg,250,15,dominating,0.5,none,D-EAA-ER,30,225.5,223.5,0.028096153733379918,333.3,1.0
unit,rgg,250,15,dominating,0.5,none,DWG,30,161.03333333333333,166.5,0.24977360450002375,7155.1,1.0
unit,rgg,250,15,dominating,0.5,none,MS-RG-WT,30,185.83333333333334,189.5,0.1814455278667992,3567.2,1.0
unit,rgg,250,25,connected,0.0,none,CARE-DS,30,352.46666666666664,358.5,1.697522356966662,6308.066666666667,1.0
unit,rgg,250,25,connected,0.0,none,D-EAA-ER,30,345.6,353.0,0.47510696920001766,569.3,1.0
unit,rgg,250,25,connected,0.0,none,DWG,30,368.4,384.5,0.9130846916665784,14568.6,1.0
unit,rgg,250,25,connected,0.0,none,MS-RG-WT,30,354.1666666666667,343.5,1.3162410392667274,9483.966666666667,1.0
unit,rgg,250,25,connected,0.1,none,CARE-DS,30,347.8666666666667,362.0,1.1683533943000082,881.4,1.0
unit,rgg,250,25,connected,0.1,none,D-EAA-ER,30,341.6666666666667,350.5,0.4849410160665684,575.5666666666667,1.0
unit,rgg,250,25,connected,0.1,none,DWG,30,335.53333333333336,351.5,0.7960080995666734,13250.133333333333,1.0
unit,rgg,250,25,connected,0.1,none,MS-RG-WT,30,324.9,321.5,1.3062541822333211,9447.3,1.0
unit,rgg,250,25,connected,0.25,none,CARE-DS,30,340.8,340.5,1.1220579878332804,678.6,1.0
unit,rgg,250,25,connected,0.25,none,D-EAA-ER,30,341.6333333333333,350.5,0.46779649076670465,574.2333333333333,1.0
unit,rgg,250,25,connected,0.25,none,DWG,30,298.9,311.5,0.7020452396665859,11762.333333333334,1.0
unit,rgg,250,25,connected,0.25,none,MS-RG-WT,30,299.3,294.5,1.2933254116666224,7740.933333333333,1.0
unit,rgg,250,25,connected,0.5,none,CARE-DS,30,349.06666666666666,350.0,1.085324103033357,642.1,1.0
unit,rgg,250,25,connected,0.5,none,D-EAA-ER,30,340.3,349.5,0.4649984899000325,565.4666666666667,1.0
unit,rgg,250,25,connected,0.5,none,DWG,30,254.23333333333332,269.0,0.5843109050334836,9992.633333333333,1.0
unit,rgg,250,25,connected,0.5,none,MS-RG-WT,30,272.96666666666664,278.0,1.1768516381000458,6566.133333333333,1.0
unit,rgg,250,25,dominating,0.0,none,CARE-DS,30,459.3333333333333,456.0,0.7111641083666957,7892.833333333333,1.0
unit,rgg,250,25,dominating,0.0,none,D-EAA-ER,30,456.1333333333333,455.0,0.06061258836677244,467.93333333333334,1.0
unit,rgg,250,25,dominating,0.0,none,DWG,30,457.96666666666664,456.0,0.6061120506000104,14075.166666666666,1.0
unit,rgg,250,25,dominating,0.0,none,MS-RG-WT,30,452.8666666666667,449.0,0.3863239826666965,9620.3,1.0
unit,rgg,250,25,dominating,0.1,none,CARE-DS,30,448.53333333333336,442.0,0.4856486064333391,651.4333333333333,1.0
unit,rgg,250,25,dominating,0.1,none,D-EAA-ER,30,447.8666666666667,446.0,0.06509201826662922,474.76666666666665,1.0
unit,rgg,250,25,dominating,0.1,none,DWG,30,415.53333333333336,414.0,0.5644982463666263,12766.733333333334,1.0
unit,rgg,250,25,dominating,0.1,none,MS-RG-WT,30,415.5,417.5,0.3364347519999683,9259.8,1.0
unit,rgg,250,25,dominating,0.25,none,CARE-DS,30,450.5,449.0,0.36393596919997434,544.0333333333333,1.0
unit,rgg,250,25,dominating,0.25,none,D-EAA-ER,30,447.8666666666667,446.0,0.06074039206660013,474.6333333333333,1.0
unit,rgg,250,25,dominating,0.25,none,DWG,30,369.46666666666664,368.5,0.49711151893331285,11333.866666666667,1.0
unit,rgg,250,25,dominating,0.25,none,MS-RG-WT,30,382.43333333333334,381.0,0.30357315343335356,7750.5,1.0
unit,rgg,250,25,dominating,0.5,none,CARE-DS,30,449.06666666666666,447.5,0.31553189326671904,462.4,1.0
unit,rgg,250,25,dominating,0.5,none,D-EAA-ER,30,446.3666666666667,445.0,0.06105454966667211,466.6666666666667,1.0
unit,rgg,250,25,dominating,0.5,none,DWG,30,311.26666666666665,313.0,0.42553059956668826,9539.2,1.0
unit,rgg,250,25,dominating,0.5,none,MS-RG-WT,30,341.73333333333335,340.0,0.2711779202999423,6310.9,1.0
unit,rgg,250,35,connected,0.0,none,CARE-DS,30,557.0666666666667,561.0,2.0474760647999273,9035.9,1.0
unit,rgg,250,35,connected,0.0,none,D-EAA-ER,30,551.1333333333333,561.0,0.8813803273666053,684.0333333333333,1.0
unit,rgg,250,35,connected,0.0,none,DWG,30,577.4,569.0,1.359483917966736,17110.666666666668,1.0
unit,rgg,250,35,connected,0.0,none,MS-RG-WT,30,557.8333333333334,557.0,2.138154406566749,12607.333333333334,1.0
unit,rgg,250,35,connected,0.1,none,CARE-DS,30,545.1333333333333,558.0,1.82973186650003,1010.6666666666666,1.0
unit,rgg,250,35,connected,0.1,none,D-EAA-ER,30,539.4,547.5,0.8832496828333508,671.0333333333333,1.0
unit,rgg,250,35,connected,0.1,none,DWG,30,522.3,516.0,1.1347703706334262,15462.366666666667,1.0
unit,rgg,250,35,connected,0.1,none,MS-RG-WT,30,511.06666666666666,511.0,2.2395287588000126,11749.433333333332,1.0
unit,rgg,250,35,connected,0.25,none,CARE-DS,30,538.4333333333333,556.0,1.5417290674667432,776.4666666666667,1.0
unit,rgg,250,35,connected,0.25,none,D-EAA-ER,30,539.3666666666667,547.5,0.9498520196999682,671.6333333333333,1.0
unit,rgg,250,35,connected,0.25,none,DWG,30,462.3333333333333,455.0,1.0331831701333007,13672.866666666667,1.0
unit,rgg,250,35,connected,0.25,none,MS-RG-WT,30,462.56666666666666,452.5,2.2339589905667405,10149.0,1.0
unit,rgg,250,35,connected,0.5,none,CARE-DS,30,538.6333333333333,541.5,1.566719541766573,719.5333333333333,1.0
unit,rgg,250,35,connected,0.5,none,D-EAA-ER,30,535.7,545.5,0.9329469230332204,654.3666666666667,1.0
unit,rgg,250,35,connected,0.5,none,DWG,30,389.06666666666666,383.0,0.875977808566616,11460.033333333333,1.0
unit,rgg,250,35,connected,0.5,none,MS-RG-WT,30,414.73333333333335,406.0,2.1346249760665463,8155.033333333334,1.0
unit,rgg,250,35,dominating,0.0,none,CARE-DS,30,656.4,693.5,0.913696880633385,9775.233333333334,1.0
unit,rgg,250,35,dominating,0.0,none,D-EAA-ER,30,649.2,660.5,0.09112530883342812,489.1,1.0
unit,rgg,250,35,dominating,0.0,none,DWG,30,657.3333333333334,700.0,0.833396481200028,15521.166666666666,1.0
unit,rgg,250,35,dominating,0.0,none,MS-RG-WT,30,653.5,687.0,0.5483060160666052,11818.933333333332,1.0
unit,rgg,250,35,dominating,0.1,none,CARE-DS,30,646.0,688.0,0.6630713385999418,698.0333333333333,1.0
unit,rgg,250,35,dominating,0.1,none,D-EAA-ER,30,640.1666666666666,663.0,0.10081523070002726,492.9,1.0
unit,rgg,250,35,dominating,0.1,none,DWG,30,594.6,636.5,0.7638675561666787,14055.3,1.0
unit,rgg,250,35,dominating,0.1,none,MS-RG-WT,30,595.6666666666666,627.0,0.45138754523334984,10766.5,1.0
unit,rgg,250,35,dominating,0.25,none,CARE-DS,30,644.2333333333333,687.5,0.48292856840004483,565.4333333333333,1.0
unit,rgg,250,35,dominating,0.25,none,D-EAA-ER,30,640.1666666666666,663.0,0.09393011326656046,492.2,1.0
unit,rgg,250,35,dominating,0.25,none,DWG,30,525.2,560.5,0.6748587096000543,12385.833333333334,1.0
unit,rgg,250,35,dominating,0.25,none,MS-RG-WT,30,539.6,568.5,0.41070691160005784,9247.566666666668,1.0
unit,rgg,250,35,dominating,0.5,none,CARE-DS,30,642.6333333333333,688.5,0.3874308587000087,499.7,1.0
unit,rgg,250,35,dominating,0.5,none,D-EAA-ER,30,638.5,662.0,0.09269958569990797,481.9,1.0
unit,rgg,250,35,dominating,0.5,none,DWG,30,439.6666666666667,473.0,0.5508221695000732,10378.7,1.0
unit,rgg,250,35,dominating,0.5,none,MS-RG-WT,30,479.8,483.0,0.37197174669987965,7394.366666666667,1.0
unit,rgg,500,15,connected,0.0,none,CARE-DS,30,99.26666666666667,103.0,1.8609037591998154,3862.9333333333334,1.0
unit,rgg,500,15,connected,0.0,none,D-EAA-ER,30,102.13333333333334,100.5,0.5805592463667381,409.06666666666666,1.0
unit,rgg,500,15,connected,0.0,none,DWG,30,101.73333333333333,103.0,1.223361871366736,10735.333333333334,1.0
unit,rgg,500,15,connected,0.0,none,MS-RG-WT,30,101.03333333333333,99.0,1.7386447966999186,5371.733333333334,1.0
unit,rgg,500,15,connected,0.1,none,CARE-DS,30,98.43333333333334,97.0,1.712091172533322,560.8333333333334,1.0
unit,rgg,500,15,connected,0.1,none,D-EAA-ER,30,100.76666666666667,98.0,0.5513526970667044,401.96666666666664,1.0
unit,rgg,500,15,connected,0.1,none,DWG,30,95.36666666666666,96.0,1.0188183992000934,10044.566666666668,1.0
unit,rgg,500,15,connected,0.1,none,MS-RG-WT,30,96.73333333333333,93.5,1.9736904549332697,4904.133333333333,1.0
unit,rgg,500,15,connected,0.25,none,CARE-DS,30,98.66666666666667,96.0,1.5102192383665474,421.03333333333336,1.0
unit,rgg,500,15,connected,0.25,none,D-EAA-ER,30,100.76666666666667,98.0,0.5731056730667964,401.43333333333334,1.0
unit,rgg,500,15,connected,0.25,none,DWG,30,88.53333333333333,92.0,0.988351993366632,9289.066666666668,1.0
unit,rgg,500,15,connected,0.25,none,MS-RG-WT,30,92.16666666666667,91.0,2.054552638366719,4155.9,1.0
unit,rgg,500,15,connected,0.5,none,CARE-DS,30,99.36666666666666,98.0,1.655622440266628,396.8,1.0
unit,rgg,500,15,connected,0.5,none,D-EAA-ER,30,100.73333333333333,98.0,0.5680960943333048,401.6,1.0
unit,rgg,500,15,connected,0.5,none,DWG,30,79.4,86.0,0.8629096685334541,8216.5,1.0
unit,rgg,500,15,connected,0.5,none,MS-RG-WT,30,87.4,91.5,2.05623394030002,3756.8,1.0
unit,rgg,500,15,dominating,0.0,none,CARE-DS,30,195.46666666666667,196.0,0.9433394647666925,7063.633333333333,1.0
unit,rgg,500,15,dominating,0.0,none,D-EAA-ER,30,193.33333333333334,196.0,0.04972248403325157,585.7333333333333,1.0
unit,rgg,500,15,dominating,0.0,none,DWG,30,195.63333333333333,196.0,0.7931656244333377,17147.666666666668,1.0
unit,rgg,500,15,dominating,0.0,none,MS-RG-WT,30,195.26666666666668,196.0,0.5810669488999944,8785.033333333333,1.0
unit,rgg,500,15,dominating,0.1,none,CARE-DS,30,192.63333333333333,192.0,0.6777309820665626,814.8666666666667,1.0
unit,rgg,500,15,dominating,0.1,none,D-EAA-ER,30,189.76666666666668,192.0,0.04665165503332289,582.3666666666667,1.0
unit,rgg,500,15,dominating,0.1,none,DWG,30,178.63333333333333,179.0,0.7402745631332134,15589.7,1.0
unit,rgg,500,15,dominating,0.1,none,MS-RG-WT,30,183.8,182.0,0.5692638149665376,8981.066666666668,1.0
unit,rgg,500,15,dominating,0.25,none,CARE-DS,30,191.16666666666666,188.0,0.5889911723000296,663.8333333333334,1.0
unit,rgg,500,15,dominating,0.25,none,D-EAA-ER,30,189.76666666666668,192.0,0.04704075213336783,581.7,1.0
unit,rgg,500,15,dominating,0.25,none,DWG,30,160.13333333333333,158.5,0.6598799218333018,13887.433333333332,1.0
unit,rgg,500,15,dominating,0.25,none,MS-RG-WT,30,172.56666666666666,163.5,0.4753897767000429,7309.533333333334,1.0
unit,rgg,500,15,dominating,0.5,none,CARE-DS,30,190.1,192.0,0.49264456643325805,553.4333333333333,1.0
unit,rgg,500,15,dominating,0.5,none,D-EAA-ER,30,189.6,192.0,0.04860639293337949,579.2,1.0
unit,rgg,500,15,dominating,0.5,none,DWG,30,137.23333333333332,133.5,0.5721016109333807,11793.833333333334,1.0
unit,rgg,500,15,dominating,0.5,none,MS-RG-WT,30,161.36666666666667,151.5,0.46037642300013126,6095.7,1.0
unit,rgg,500,25,connected,0.0,none,CARE-DS,30,285.03333333333336,274.0,6.9318935218000055,9053.866666666667,1.0
unit,rgg,500,25,connected,0.0,none,D-EAA-ER,30,272.43333333333334,275.5,2.371550575033325,941.1333333333333,1.0
unit,rgg,500,25,connected,0.0,none,DWG,30,295.7,308.5,3.0082361109999813,23468.433333333334,1.0
unit,rgg,500,25,connected,0.0,none,MS-RG-WT,30,285.4,295.5,5.776256241533307,13536.6,1.0
unit,rgg,500,25,connected,0.1,none,CARE-DS,30,280.0,272.0,5.161078694266537,1520.2333333333333,1.0
unit,rgg,500,25,connected,0.1,none,D-EAA-ER,30,268.53333333333336,271.5,2.3378191894332607,944.4666666666667,1.0
unit,rgg,500,25,connected,0.1,none,DWG,30,268.46666666666664,279.5,2.420552465633379,21289.1,1.0
unit,rgg,500,25,connected,0.1,none,MS-RG-WT,30,266.4,281.0,6.553221169933355,13910.633333333333,1.0
unit,rgg,500,25,connected,0.25,none,CARE-DS,30,277.1666666666667,272.0,4.706408184366743,1179.7,1.0
unit,rgg,500,25,connected,0.25,none,D-EAA-ER,30,268.53333333333336,271.5,2.429932203233299,942.6,1.0
unit,rgg,500,25,connected,0.25,none,DWG,30,238.96666666666667,249.0,2.1684507904999313,18874.733333333334,1.0
unit,rgg,500,25,connected,0.25,none,MS-RG-WT,30,248.1,253.0,6.327252595399993,11966.5,1.0
unit,rgg,500,25,connected,0.5,none,CARE-DS,30,274.23333333333335,268.0,4.912554235300074,1085.2333333333333,1.0
unit,rgg,500,25,connected,0.5,none,D-EAA-ER,30,267.5,271.0,2.4095083774665604,931.5333333333333,1.0
unit,rgg,500,25,connected,0.5,none,DWG,30,202.73333333333332,210.5,1.7629817667999608,15954.4,1.0
unit,rgg,500,25,connected,0.5,none,MS-RG-WT,30,232.13333333333333,227.0,5.730732845600111,9066.566666666668,1.0
unit,rgg,500,25,dominating,0.0,none,CARE-DS,30,371.3,375.0,1.51077931196675,10851.933333333332,1.0
unit,rgg,500,25,dominating,0.0,none,D-EAA-ER,30,358.3333333333333,353.5,0.10360831296660153,720.2,1.0
unit,rgg,500,25,dominating,0.0,none,DWG,30,371.23333333333335,371.5,1.457774658166727,22429.466666666667,1.0
unit,rgg,500,25,dominating,0.0,none,MS-RG-WT,30,365.46666666666664,367.5,0.9711533835667069,13633.8,1.0
unit,rgg,500,25,dominating,0.1,none,CARE-DS,30,365.76666666666665,369.5,1.1196031637665935,1121.0333333333333,1.0
unit,rgg,500,25,dominating,0.1,none,D-EAA-ER,30,353.26666666666665,347.5,0.10429405276657532,719.2,1.0
unit,rgg,500,25,dominating,0.1,none,DWG,30,337.3666666666667,338.5,1.2833195495333105,20365.6,1.0
unit,rgg,500,25,dominating,0.1,none,MS-RG-WT,30,339.8666666666667,348.5,0.788230968966612,14085.533333333333,1.0
unit,rgg,500,25,dominating,0.25,none,CARE-DS,30,364.3,369.5,0.9142245077666302,909.2666666666667,1.0
unit,rgg,500,25,dominating,0.25,none,D-EAA-ER,30,353.26666666666665,347.5,0.10444420240003936,715.4,1.0
unit,rgg,500,25,dominating,0.25,none,DWG,30,299.4,302.0,1.1387908301332876,18048.033333333333,1.0
unit,rgg,500,25,dominating,0.25,none,MS-RG-WT,30,312.56666666666666,319.0,0.6113003887000256,11899.266666666666,1.0
unit,rgg,500,25,dominating,0.5,none,CARE-DS,30,360.1,369.5,0.77337073096672,793.4666666666667,1.0
unit,rgg,500,25,dominating,0.5,none,D-EAA-ER,30,352.2,346.5,0.10212802843328363,704.3666666666667,1.0
unit,rgg,500,25,dominating,0.5,none,DWG,30,252.63333333333333,260.5,0.9700442701999237,15196.033333333333,1.0
unit,rgg,500,25,dominating,0.5,none,MS-RG-WT,30,284.9,285.0,0.6196113396666079,9253.266666666666,1.0
unit,rgg,500,35,connected,0.0,none,CARE-DS,30,439.23333333333335,427.5,8.265648410300066,13138.666666666666,1.0
unit,rgg,500,35,connected,0.0,none,D-EAA-ER,30,423.73333333333335,414.5,4.259998686699964,1003.3333333333334,1.0
unit,rgg,500,35,connected,0.0,none,DWG,30,454.43333333333334,433.0,4.808154032333399,26873.866666666665,1.0
unit,rgg,500,35,connected,0.0,none,MS-RG-WT,30,437.06666666666666,429.0,10.09194189986665,18530.233333333334,1.0
unit,rgg,500,35,connected,0.1,none,CARE-DS,30,431.03333333333336,421.5,7.6441041359667,1624.6666666666667,1.0
unit,rgg,500,35,connected,0.1,none,D-EAA-ER,30,416.8666666666667,406.0,4.203307088633362,996.1666666666666,1.0
unit,rgg,500,35,connected,0.1,none,DWG,30,412.1666666666667,392.0,3.4552195521333187,24323.9,1.0
unit,rgg,500,35,connected,0.1,none,MS-RG-WT,30,405.56666666666666,396.5,10.306415267899986,17885.0,1.0
unit,rgg,500,35,connected,0.25,none,CARE-DS,30,430.9,425.5,7.663135478666633,1327.7666666666667,1.0
unit,rgg,500,35,connected,0.25,none,D-EAA-ER,30,416.8333333333333,406.0,4.188753956133374,993.9,1.0
unit,rgg,500,35,connected,0.25,none,DWG,30,365.6333333333333,347.0,3.0963106058999377,21562.566666666666,1.0
unit,rgg,500,35,connected,0.25,none,MS-RG-WT,30,372.3,366.0,10.650018580966693,15230.766666666666,1.0
unit,rgg,500,35,connected,0.5,none,CARE-DS,30,426.06666666666666,412.0,7.82288228343344,1188.6666666666667,1.0
unit,rgg,500,35,connected,0.5,none,D-EAA-ER,30,415.6666666666667,405.5,4.1744608830333165,989.7,1.0
unit,rgg,500,35,connected,0.5,none,DWG,30,308.43333333333334,294.0,2.511457961866654,18155.833333333332,1.0
unit,rgg,500,35,connected,0.5,none,MS-RG-WT,30,340.03333333333336,335.5,9.856553965166677,12053.466666666667,1.0
unit,rgg,500,35,dominating,0.0,none,CARE-DS,30,526.5666666666667,490.0,1.867684078233257,13542.866666666667,1.0
unit,rgg,500,35,dominating,0.0,none,D-EAA-ER,30,524.0333333333333,490.0,0.1734421297665297,770.1666666666666,1.0
unit,rgg,500,35,dominating,0.0,none,DWG,30,528.1,490.0,1.9917375757999252,24072.5,1.0
unit,rgg,500,35,dominating,0.0,none,MS-RG-WT,30,526.4,490.0,1.3274416845333994,16988.966666666667,1.0
unit,rgg,500,35,dominating,0.1,none,CARE-DS,30,519.3333333333334,481.0,1.5164389674667897,1158.1666666666667,1.0
unit,rgg,500,35,dominating,0.1,none,D-EAA-ER,30,515.3333333333334,481.0,0.162961881866704,767.1,1.0
unit,rgg,500,35,dominating,0.1,none,DWG,30,477.5,442.0,1.806669190299878,21755.8,1.0
unit,rgg,500,35,dominating,0.1,none,MS-RG-WT,30,483.8,451.0,1.0503936960667184,16227.633333333333,1.0
unit,rgg,500,35,dominating,0.25,none,CARE-DS,30,518.1666666666666,481.5,1.1859469051999743,939.0,1.0
unit,rgg,500,35,dominating,0.25,none,D-EAA-ER,30,515.3,481.0,0.1709263885332499,764.8666666666667,1.0
unit,rgg,500,35,dominating,0.25,none,DWG,30,422.26666666666665,391.0,1.5778576518665735,19230.333333333332,1.0
unit,rgg,500,35,dominating,0.25,none,MS-RG-WT,30,438.46666666666664,406.5,0.8877814537333809,14239.466666666667,1.0
unit,rgg,500,35,dominating,0.5,none,CARE-DS,30,514.9666666666667,480.0,1.025611732033364,851.5666666666667,1.0
unit,rgg,500,35,dominating,0.5,none,D-EAA-ER,30,514.0666666666667,480.0,0.17147101496663403,756.7666666666667,1.0
unit,rgg,500,35,dominating,0.5,none,DWG,30,354.1333333333333,325.5,1.3384505221333711,16151.133333333333,1.0
unit,rgg,500,35,dominating,0.5,none,MS-RG-WT,30,391.3333333333333,368.5,0.8242313257001418,11059.933333333332,1.0
unit,watts_strogatz,50,15,connected,0.0,none,CARE-DS,30,467.2,466.0,0.18226501333328995,2601.3,1.0
unit,watts_strogatz,50,15,connected,0.0,none,D-EAA-ER,30,423.43333333333334,427.0,0.02734550216658434,237.33333333333334,1.0
unit,watts_strogatz,50,15,connected,0.0,none,DWG,30,504.3333333333333,495.5,0.15325259560001234,5250.366666666667,1.0
unit,watts_strogatz,50,15,connected,0.0,none,MS-RG-WT,30,471.46666666666664,469.5,0.11658044859990087,3589.5333333333333,1.0
unit,watts_strogatz,50,15,connected,0.1,none,CARE-DS,30,454.1666666666667,446.5,0.11488205263334138,377.1666666666667,1.0
unit,watts_strogatz,50,15,connected,0.1,none,D-EAA-ER,30,415.96666666666664,422.0,0.02985278546663413,230.56666666666666,1.0
unit,watts_strogatz,50,15,connected,0.1,none,DWG,30,456.03333333333336,449.5,0.14756160273354904,4743.833333333333,1.0
unit,watts_strogatz,50,15,connected,0.1,none,MS-RG-WT,30,433.8666666666667,433.5,0.12524382096671613,3447.6666666666665,1.0
unit,watts_strogatz,50,15,connected,0.25,none,CARE-DS,30,445.3666666666667,449.5,0.0855523348667702,255.7,1.0
unit,watts_strogatz,50,15,connected,0.25,none,D-EAA-ER,30,415.2,422.0,0.029596382333390115,228.33333333333334,1.0
unit,watts_strogatz,50,15,connected,0.25,none,DWG,30,405.46666666666664,397.5,0.12767371746667772,4193.666666666667,1.0
unit,watts_strogatz,50,15,connected,0.25,none,MS-RG-WT,30,398.3666666666667,389.5,0.11640464953337257,2993.9666666666667,1.0
unit,watts_strogatz,50,15,connected,0.5,none,CARE-DS,30,437.06666666666666,431.5,0.07571468203332184,211.9,1.0
unit,watts_strogatz,50,15,connected,0.5,none,D-EAA-ER,30,412.2,416.5,0.028196585133324896,220.9,1.0
unit,watts_strogatz,50,15,connected,0.5,none,DWG,30,342.6333333333333,337.0,0.10806686380001333,3518.733333333333,1.0
unit,watts_strogatz,50,15,connected,0.5,none,MS-RG-WT,30,363.1333333333333,368.5,0.10983203923333344,2335.766666666667,1.0
unit,watts_strogatz,50,15,dominating,0.0,none,CARE-DS,30,565.3333333333334,564.0,0.18283367629998487,2838.133333333333,1.0
unit,watts_strogatz,50,15,dominating,0.0,none,D-EAA-ER,30,512.8333333333334,508.0,0.01598613503338124,215.43333333333334,1.0
unit,watts_strogatz,50,15,dominating,0.0,none,DWG,30,587.2,586.5,0.12643859303316274,5608.433333333333,1.0
unit,watts_strogatz,50,15,dominating,0.0,none,MS-RG-WT,30,556.6666666666666,556.5,0.1011679920001673,3811.766666666667,1.0
unit,watts_strogatz,50,15,dominating,0.1,none,CARE-DS,30,539.3,531.5,0.10785094903330898,343.06666666666666,1.0
unit,watts_strogatz,50,15,dominating,0.1,none,D-EAA-ER,30,504.3666666666667,494.5,0.018471201166721535,211.26666666666668,1.0
unit,watts_strogatz,50,15,dominating,0.1,none,DWG,30,532.6,526.5,0.11922542830016022,5090.866666666667,1.0
unit,watts_strogatz,50,15,dominating,0.1,none,MS-RG-WT,30,509.53333333333336,502.5,0.10498937510019454,3755.0333333333333,1.0
unit,watts_strogatz,50,15,dominating,0.25,none,CARE-DS,30,533.7666666666667,530.0,0.07748866589990935,232.73333333333332,1.0
unit,watts_strogatz,50,15,dominating,0.25,none,D-EAA-ER,30,503.6333333333333,494.5,0.01740221726668091,209.2,1.0
unit,watts_strogatz,50,15,dominating,0.25,none,DWG,30,471.3,470.0,0.11015968469995033,4502.033333333334,1.0
unit,watts_strogatz,50,15,dominating,0.25,none,MS-RG-WT,30,468.1333333333333,469.0,0.09434579926667838,3178.8333333333335,1.0
unit,watts_strogatz,50,15,dominating,0.5,none,CARE-DS,30,529.5,528.5,0.05845811336663849,194.33333333333334,1.0
unit,watts_strogatz,50,15,dominating,0.5,none,D-EAA-ER,30,499.0,490.0,0.017950721566679276,202.1,1.0
unit,watts_strogatz,50,15,dominating,0.5,none,DWG,30,395.03333333333336,393.5,0.0955682294666985,3772.366666666667,1.0
unit,watts_strogatz,50,15,dominating,0.5,none,MS-RG-WT,30,422.8666666666667,420.0,0.08977063093328369,2447.1666666666665,1.0
unit,watts_strogatz,50,25,connected,0.0,none,CARE-DS,30,870.1333333333333,878.5,0.29703566669980613,3532.6666666666665,1.0
unit,watts_strogatz,50,25,connected,0.0,none,D-EAA-ER,30,788.8,780.0,0.046270245933374046,225.03333333333333,1.0
unit,watts_strogatz,50,25,connected,0.0,none,DWG,30,921.1333333333333,916.0,0.20234964199989916,5603.6,1.0
unit,watts_strogatz,50,25,connected,0.0,none,MS-RG-WT,30,863.2666666666667,855.0,0.17733301419987885,4615.666666666667,1.0
unit,watts_strogatz,50,25,connected,0.1,none,CARE-DS,30,840.2666666666667,840.0,0.2261780272000275,335.26666666666665,1.0
unit,watts_strogatz,50,25,connected,0.1,none,D-EAA-ER,30,774.6333333333333,764.5,0.051674572200317875,222.5,1.0
unit,watts_strogatz,50,25,connected,0.1,none,DWG,30,829.5333333333333,823.0,0.19508403623331103,5034.0,1.0
unit,watts_strogatz,50,25,connected,0.1,none,MS-RG-WT,30,789.0,785.0,0.193570321366739,4111.933333333333,1.0
unit,watts_strogatz,50,25,connected,0.25,none,CARE-DS,30,829.5666666666667,820.5,0.16187242650000064,244.96666666666667,1.0
unit,watts_strogatz,50,25,connected,0.25,none,D-EAA-ER,30,774.2333333333333,763.0,0.05148542259982298,220.56666666666666,1.0
unit,watts_strogatz,50,25,connected,0.25,none,DWG,30,732.3666666666667,727.0,0.16532499946655052,4437.833333333333,1.0
unit,watts_strogatz,50,25,connected,0.25,none,MS-RG-WT,30,717.2666666666667,708.0,0.17613849176662671,3557.1666666666665,1.0
unit,watts_strogatz,50,25,connected,0.5,none,CARE-DS,30,817.6333333333333,815.5,0.12483735196671351,192.2,1.0
unit,watts_strogatz,50,25,connected,0.5,none,D-EAA-ER,30,769.5,758.5,0.04936666039999783,211.3,1.0
unit,watts_strogatz,50,25,connected,0.5,none,DWG,30,612.7666666666667,610.0,0.14001528763328677,3701.9333333333334,1.0
unit,watts_strogatz,50,25,connected,0.5,none,MS-RG-WT,30,629.1666666666666,631.5,0.1578711703000105,2884.2,1.0
unit,watts_strogatz,50,25,dominating,0.0,none,CARE-DS,30,877.7666666666667,871.0,0.19822815736673266,3605.266666666667,1.0
unit,watts_strogatz,50,25,dominating,0.0,none,D-EAA-ER,30,806.4333333333333,792.5,0.02382593533341904,229.83333333333334,1.0
unit,watts_strogatz,50,25,dominating,0.0,none,DWG,30,925.7,926.0,0.14427511903340925,5785.633333333333,1.0
unit,watts_strogatz,50,25,dominating,0.0,none,MS-RG-WT,30,879.7333333333333,878.5,0.1134496165334591,4806.833333333333,1.0
unit,watts_strogatz,50,25,dominating,0.1,none,CARE-DS,30,854.0333333333333,848.0,0.11898225653312688,385.3666666666667,1.0
unit,watts_strogatz,50,25,dominating,0.1,none,D-EAA-ER,30,796.3,791.5,0.026980762033417652,232.0,1.0
unit,watts_strogatz,50,25,dominating,0.1,none,DWG,30,837.1,836.5,0.1310615790333637,5229.933333333333,1.0
unit,watts_strogatz,50,25,dominating,0.1,none,MS-RG-WT,30,795.4333333333333,794.0,0.1271081240999895,4443.2,1.0
unit,watts_strogatz,50,25,dominating,0.25,none,CARE-DS,30,844.8333333333334,838.5,0.08368677249994406,263.2,1.0
unit,watts_strogatz,50,25,dominating,0.25,none,D-EAA-ER,30,795.9666666666667,791.5,0.025982801300233352,229.1,1.0
unit,watts_strogatz,50,25,dominating,0.25,none,DWG,30,739.7,739.5,0.11351528923338866,4616.3,1.0
unit,watts_strogatz,50,25,dominating,0.25,none,MS-RG-WT,30,721.1666666666666,720.5,0.11417092829985141,3802.733333333333,1.0
unit,watts_strogatz,50,25,dominating,0.5,none,CARE-DS,30,826.1,819.5,0.06222215403346728,197.46666666666667,1.0
unit,watts_strogatz,50,25,dominating,0.5,none,D-EAA-ER,30,790.5333333333333,786.5,0.02697593813336421,212.13333333333333,1.0
unit,watts_strogatz,50,25,dominating,0.5,none,DWG,30,617.4333333333333,617.0,0.09445269586661496,3857.366666666667,1.0
unit,watts_strogatz,50,25,dominating,0.5,none,MS-RG-WT,30,643.0666666666667,644.5,0.10074477823321402,2973.4,1.0
unit,watts_strogatz,50,35,connected,0.0,none,CARE-DS,30,1383.5333333333333,1388.5,0.35725302160008143,4038.133333333333,1.0
unit,watts_strogatz,50,35,connected,0.0,none,D-EAA-ER,30,1301.3333333333333,1311.5,0.08124177016658218,201.8,1.0
unit,watts_strogatz,50,35,connected,0.0,none,DWG,30,1453.0333333333333,1443.5,0.33075994296672584,5872.533333333334,1.0
unit,watts_strogatz,50,35,connected,0.0,none,MS-RG-WT,30,1362.3,1359.0,0.2956243987667259,5227.2,1.0
unit,watts_strogatz,50,35,connected,0.1,none,CARE-DS,30,1352.3666666666666,1346.5,0.2673513242000202,326.7,1.0
unit,watts_strogatz,50,35,connected,0.1,none,D-EAA-ER,30,1288.4,1287.0,0.09328902389996373,203.2,1.0
unit,watts_strogatz,50,35,connected,0.1,none,DWG,30,1307.5333333333333,1299.0,0.29347488559983503,5287.033333333334,1.0
unit,watts_strogatz,50,35,connected,0.1,none,MS-RG-WT,30,1239.6333333333334,1227.5,0.3092054106333838,4707.033333333334,1.0
unit,watts_strogatz,50,35,connected,0.25,none,CARE-DS,30,1334.9,1308.0,0.2051246789000591,227.46666666666667,1.0
unit,watts_strogatz,50,35,connected,0.25,none,D-EAA-ER,30,1287.6,1286.5,0.08313951916684341,202.43333333333334,1.0
unit,watts_strogatz,50,35,connected,0.25,none,DWG,30,1151.4,1142.5,0.26282411686671214,4650.333333333333,1.0
unit,watts_strogatz,50,35,connected,0.25,none,MS-RG-WT,30,1108.4333333333334,1108.5,0.2863629330667209,4094.4,1.0
unit,watts_strogatz,50,35,connected,0.5,none,CARE-DS,30,1330.9,1347.0,0.15910150900005338,174.13333333333333,1.0
unit,watts_strogatz,50,35,connected,0.5,none,D-EAA-ER,30,1280.5,1267.0,0.08812910030011376,193.73333333333332,1.0
unit,watts_strogatz,50,35,connected,0.5,none,DWG,30,961.1333333333333,956.0,0.21854900826667362,3882.4,1.0
unit,watts_strogatz,50,35,connected,0.5,none,MS-RG-WT,30,959.8666666666667,957.0,0.24968750016677932,3311.9666666666667,1.0
unit,watts_strogatz,50,35,dominating,0.0,none,CARE-DS,30,1164.3333333333333,1157.5,0.27858190856682086,3823.866666666667,1.0
unit,watts_strogatz,50,35,dominating,0.0,none,D-EAA-ER,30,1064.5333333333333,1062.5,0.03630784476672485,217.16666666666666,1.0
unit,watts_strogatz,50,35,dominating,0.0,none,DWG,30,1245.3666666666666,1246.0,0.19841378613332378,5986.033333333334,1.0
unit,watts_strogatz,50,35,dominating,0.0,none,MS-RG-WT,30,1159.7666666666667,1173.0,0.16290304076680964,5228.433333333333,1.0
unit,watts_strogatz,50,35,dominating,0.1,none,CARE-DS,30,1124.3,1113.5,0.15990330786687912,377.96666666666664,1.0
unit,watts_strogatz,50,35,dominating,0.1,none,D-EAA-ER,30,1054.2666666666667,1058.5,0.040229315933280864,217.73333333333332,1.0
unit,watts_strogatz,50,35,dominating,0.1,none,DWG,30,1123.4,1130.5,0.17529134669989613,5402.233333333334,1.0
unit,watts_strogatz,50,35,dominating,0.1,none,MS-RG-WT,30,1043.5,1052.0,0.1703437760001596,4806.366666666667,1.0
unit,watts_strogatz,50,35,dominating,0.25,none,CARE-DS,30,1112.6333333333334,1132.5,0.11744181016674318,260.7,1.0
unit,watts_strogatz,50,35,dominating,0.25,none,D-EAA-ER,30,1053.3333333333333,1058.0,0.038974517600020846,214.86666666666667,1.0
unit,watts_strogatz,50,35,dominating,0.25,none,DWG,30,987.1,988.5,0.1518727276664549,4759.833333333333,1.0
unit,watts_strogatz,50,35,dominating,0.25,none,MS-RG-WT,30,938.9,939.5,0.15556525250000652,4139.733333333334,1.0
unit,watts_strogatz,50,35,dominating,0.5,none,CARE-DS,30,1100.8333333333333,1114.5,0.08623298723326414,194.5,1.0
unit,watts_strogatz,50,35,dominating,0.5,none,D-EAA-ER,30,1047.6,1053.0,0.03903918866649666,203.26666666666668,1.0
unit,watts_strogatz,50,35,dominating,0.5,none,DWG,30,819.8666666666667,818.5,0.12996350596670628,3967.9,1.0
unit,watts_strogatz,50,35,dominating,0.5,none,MS-RG-WT,30,827.0666666666667,831.0,0.14690436500000786,3266.5,1.0
unit,watts_strogatz,100,15,connected,0.0,none,CARE-DS,30,434.0,433.0,0.30646637483329564,4741.533333333334,1.0
unit,watts_strogatz,100,15,connected,0.0,none,D-EAA-ER,30,388.1666666666667,393.5,0.08384631663326819,530.6666666666666,1.0
unit,watts_strogatz,100,15,connected,0.0,none,DWG,30,472.1,472.0,0.3180249473999235,10231.0,1.0
unit,watts_strogatz,100,15,connected,0.0,none,MS-RG-WT,30,432.8666666666667,431.0,0.28943484636668776,5981.133333333333,1.0
unit,watts_strogatz,100,15,connected,0.1,none,CARE-DS,30,416.93333333333334,418.5,0.24406203466660367,862.4666666666667,1.0
unit,watts_strogatz,100,15,connected,0.1,none,D-EAA-ER,30,378.4,380.0,0.09446372569988545,523.9666666666667,1.0
unit,watts_strogatz,100,15,connected,0.1,none,DWG,30,428.23333333333335,427.0,0.30159823673335867,9260.5,1.0
unit,watts_strogatz,100,15,connected,0.1,none,MS-RG-WT,30,402.1,407.5,0.29816508883335097,6183.5,1.0
unit,watts_strogatz,100,15,connected,0.25,none,CARE-DS,30,408.8,411.0,0.22176177689992374,610.8,1.0
unit,watts_strogatz,100,15,connected,0.25,none,D-EAA-ER,30,378.46666666666664,380.5,0.08896083749993215,523.5,1.0
unit,watts_strogatz,100,15,connected,0.25,none,DWG,30,380.96666666666664,379.0,0.2561646066333196,8202.433333333332,1.0
unit,watts_strogatz,100,15,connected,0.25,none,MS-RG-WT,30,375.0,376.5,0.2798776315331754,5278.4,1.0
unit,watts_strogatz,100,15,connected,0.5,none,CARE-DS,30,395.96666666666664,393.5,0.19905623600000882,515.8666666666667,1.0
unit,watts_strogatz,100,15,connected,0.5,none,D-EAA-ER,30,374.8666666666667,379.0,0.08539041376655704,491.8,1.0
unit,watts_strogatz,100,15,connected,0.5,none,DWG,30,322.1,321.5,0.21417575009988163,6904.366666666667,1.0
unit,watts_strogatz,100,15,connected,0.5,none,MS-RG-WT,30,339.9,339.0,0.2521051351669181,4353.566666666667,1.0
unit,watts_strogatz,100,15,dominating,0.0,none,CARE-DS,30,541.0666666666667,542.0,0.38948403843332924,4731.266666666666,1.0
unit,watts_strogatz,100,15,dominating,0.0,none,D-EAA-ER,30,497.6666666666667,497.0,0.027829985299952828,456.1666666666667,1.0
unit,watts_strogatz,100,15,dominating,0.0,none,DWG,30,572.3666666666667,579.0,0.2561118034999405,10646.333333333334,1.0
unit,watts_strogatz,100,15,dominating,0.0,none,MS-RG-WT,30,540.2333333333333,542.0,0.1761047357001492,6269.7,1.0
unit,watts_strogatz,100,15,dominating,0.1,none,CARE-DS,30,518.7666666666667,525.5,0.2105276853331209,677.8,1.0
unit,watts_strogatz,100,15,dominating,0.1,none,D-EAA-ER,30,491.06666666666666,489.0,0.029966873099632068,461.06666666666666,1.0
unit,watts_strogatz,100,15,dominating,0.1,none,DWG,30,518.4,525.0,0.22724443783299644,9659.833333333334,1.0
unit,watts_strogatz,100,15,dominating,0.1,none,MS-RG-WT,30,493.8666666666667,497.0,0.1717352599664688,6745.4,1.0
unit,watts_strogatz,100,15,dominating,0.25,none,CARE-DS,30,512.7333333333333,512.5,0.15128531029992395,514.9666666666667,1.0
unit,watts_strogatz,100,15,dominating,0.25,none,D-EAA-ER,30,490.93333333333334,489.0,0.02804657026681521,458.6,1.0
unit,watts_strogatz,100,15,dominating,0.25,none,DWG,30,459.73333333333335,465.0,0.20432400886656976,8567.633333333333,1.0
unit,watts_strogatz,100,15,dominating,0.25,none,MS-RG-WT,30,453.6,456.5,0.16601007006671953,5478.266666666666,1.0
unit,watts_strogatz,100,15,dominating,0.5,none,CARE-DS,30,500.2,513.0,0.1182840154666943,418.1,1.0
unit,watts_strogatz,100,15,dominating,0.5,none,D-EAA-ER,30,487.56666666666666,486.5,0.029986409500270334,440.8333333333333,1.0
unit,watts_strogatz,100,15,dominating,0.5,none,DWG,30,386.03333333333336,389.5,0.17892355960011624,7200.433333333333,1.0
unit,watts_strogatz,100,15,dominating,0.5,none,MS-RG-WT,30,414.96666666666664,419.5,0.15453969119989777,4098.333333333333,1.0
unit,watts_strogatz,100,25,connected,0.0,none,CARE-DS,30,750.0666666666667,748.5,0.4821175427666276,6017.466666666666,1.0
unit,watts_strogatz,100,25,connected,0.0,none,D-EAA-ER,30,660.1333333333333,659.5,0.19428853996657075,527.8666666666667,1.0
unit,watts_strogatz,100,25,connected,0.0,none,DWG,30,818.8666666666667,817.5,0.5016380666000941,10864.633333333333,1.0
unit,watts_strogatz,100,25,connected,0.0,none,MS-RG-WT,30,752.4666666666667,750.5,0.5122910409331249,7778.1,1.0
unit,watts_strogatz,100,25,connected,0.1,none,CARE-DS,30,723.3,719.5,0.36634008869990187,913.8333333333334,1.0
unit,watts_strogatz,100,25,connected,0.1,none,D-EAA-ER,30,651.2,650.0,0.19831288896674168,534.6,1.0
unit,watts_strogatz,100,25,connected,0.1,none,DWG,30,737.3666666666667,736.5,0.46539453479995246,9769.633333333333,1.0
unit,watts_strogatz,100,25,connected,0.1,none,MS-RG-WT,30,687.4333333333333,689.0,0.5432669132666319,7514.5,1.0
unit,watts_strogatz,100,25,connected,0.25,none,CARE-DS,30,713.7333333333333,718.5,0.30956720286664374,634.8,1.0
unit,watts_strogatz,100,25,connected,0.25,none,D-EAA-ER,30,650.2333333333333,649.0,0.19160702196660392,521.5333333333333,1.0
unit,watts_strogatz,100,25,connected,0.25,none,DWG,30,652.7,650.5,0.37371094389993686,8620.466666666667,1.0
unit,watts_strogatz,100,25,connected,0.25,none,MS-RG-WT,30,630.1,633.0,0.4937388871665727,6430.366666666667,1.0
unit,watts_strogatz,100,25,connected,0.5,none,CARE-DS,30,694.3666666666667,696.0,0.2701978291666819,516.2666666666667,1.0
unit,watts_strogatz,100,25,connected,0.5,none,D-EAA-ER,30,642.9666666666667,644.5,0.18033632726658574,483.0,1.0
unit,watts_strogatz,100,25,connected,0.5,none,DWG,30,547.3666666666667,547.0,0.3384732933001942,7209.933333333333,1.0
unit,watts_strogatz,100,25,connected,0.5,none,MS-RG-WT,30,566.9,565.5,0.4598819938000967,5154.433333333333,1.0
unit,watts_strogatz,100,25,dominating,0.0,none,CARE-DS,30,843.0,841.0,0.5316414572998951,5862.1,1.0
unit,watts_strogatz,100,25,dominating,0.0,none,D-EAA-ER,30,775.7,772.0,0.060098419199990344,499.1,1.0
unit,watts_strogatz,100,25,dominating,0.0,none,DWG,30,901.1,896.5,0.3732190232334384,11252.966666666667,1.0
unit,watts_strogatz,100,25,dominating,0.0,none,MS-RG-WT,30,846.0,838.5,0.2727561344333253,8273.366666666667,1.0
unit,watts_strogatz,100,25,dominating,0.1,none,CARE-DS,30,810.2,804.0,0.27547858853347407,840.6,1.0
unit,watts_strogatz,100,25,dominating,0.1,none,D-EAA-ER,30,761.2,755.5,0.06025907123348962,509.6666666666667,1.0
unit,watts_strogatz,100,25,dominating,0.1,none,DWG,30,816.2333333333333,814.5,0.32938175753360305,10194.933333333332,1.0
unit,watts_strogatz,100,25,dominating,0.1,none,MS-RG-WT,30,769.7666666666667,766.5,0.2619727308333684,8086.166666666667,1.0
unit,watts_strogatz,100,25,dominating,0.25,none,CARE-DS,30,799.9333333333333,802.0,0.21191408793348498,603.8666666666667,1.0
unit,watts_strogatz,100,25,dominating,0.25,none,D-EAA-ER,30,761.5333333333333,756.0,0.056226622966645774,508.2,1.0
unit,watts_strogatz,100,25,dominating,0.25,none,DWG,30,718.9666666666667,715.0,0.28419647556678834,8998.633333333333,1.0
unit,watts_strogatz,100,25,dominating,0.25,none,MS-RG-WT,30,703.1,703.0,0.2528268218668927,6850.7,1.0
unit,watts_strogatz,100,25,dominating,0.5,none,CARE-DS,30,788.1,785.5,0.17062044766651066,480.6666666666667,1.0
unit,watts_strogatz,100,25,dominating,0.5,none,D-EAA-ER,30,754.7,748.5,0.05819382566660727,470.93333333333334,1.0
unit,watts_strogatz,100,25,dominating,0.5,none,DWG,30,601.4,599.0,0.2538031129332201,7539.266666666666,1.0
unit,watts_strogatz,100,25,dominating,0.5,none,MS-RG-WT,30,626.8333333333334,623.0,0.23122445056687105,5305.833333333333,1.0
unit,watts_strogatz,100,35,connected,0.0,none,CARE-DS,30,1106.5333333333333,1103.0,0.6890641905999776,6814.533333333334,1.0
unit,watts_strogatz,100,35,connected,0.0,none,D-EAA-ER,30,987.6333333333333,973.5,0.2510210012000849,500.53333333333336,1.0
unit,watts_strogatz,100,35,connected,0.0,none,DWG,30,1201.7333333333333,1198.0,0.5633663251667637,11483.2,1.0
unit,watts_strogatz,100,35,connected,0.0,none,MS-RG-WT,30,1102.9666666666667,1100.5,0.6757102106667768,8998.4,1.0
unit,watts_strogatz,100,35,connected,0.1,none,CARE-DS,30,1065.0333333333333,1055.0,0.5060880549333585,870.0333333333333,1.0
unit,watts_strogatz,100,35,connected,0.1,none,D-EAA-ER,30,970.3,959.5,0.2570213049668268,512.8666666666667,1.0
unit,watts_strogatz,100,35,connected,0.1,none,DWG,30,1080.4333333333334,1076.5,0.5413450901666731,10283.0,1.0
unit,watts_strogatz,100,35,connected,0.1,none,MS-RG-WT,30,1004.3333333333334,1002.5,0.6605078084332983,8367.566666666668,1.0
unit,watts_strogatz,100,35,connected,0.25,none,CARE-DS,30,1057.9,1053.5,0.438412894866633,615.0333333333333,1.0
unit,watts_strogatz,100,35,connected,0.25,none,D-EAA-ER,30,968.7666666666667,957.0,0.24922605960000507,500.56666666666666,1.0
unit,watts_strogatz,100,35,connected,0.25,none,DWG,30,953.7666666666667,948.5,0.4430783959999341,9068.133333333333,1.0
unit,watts_strogatz,100,35,connected,0.25,none,MS-RG-WT,30,913.1333333333333,916.0,0.6367620336334274,7320.766666666666,1.0
unit,watts_strogatz,100,35,connected,0.5,none,CARE-DS,30,1034.4333333333334,1029.5,0.38498160193324416,489.0,1.0
unit,watts_strogatz,100,35,connected,0.5,none,D-EAA-ER,30,962.1666666666666,949.0,0.2608138282000747,470.56666666666666,1.0
unit,watts_strogatz,100,35,connected,0.5,none,DWG,30,797.9333333333333,794.5,0.3875235335333703,7591.566666666667,1.0
unit,watts_strogatz,100,35,connected,0.5,none,MS-RG-WT,30,808.2333333333333,806.0,0.5942354500665715,5807.1,1.0
unit,watts_strogatz,100,35,dominating,0.0,none,CARE-DS,30,1151.1333333333334,1156.0,0.5851592543667266,6976.4,1.0
unit,watts_strogatz,100,35,dominating,0.0,none,D-EAA-ER,30,1049.7333333333333,1053.5,0.07274497730005952,512.1666666666666,1.0
unit,watts_strogatz,100,35,dominating,0.0,none,DWG,30,1229.6333333333334,1230.5,0.4151104969668116,11733.466666666667,1.0
unit,watts_strogatz,100,35,dominating,0.0,none,MS-RG-WT,30,1156.1333333333334,1156.0,0.3192735199332825,9492.433333333332,1.0
unit,watts_strogatz,100,35,dominating,0.1,none,CARE-DS,30,1111.1666666666667,1104.0,0.3280721235997286,891.4,1.0
unit,watts_strogatz,100,35,dominating,0.1,none,D-EAA-ER,30,1039.5666666666666,1043.0,0.07923344983321381,514.6333333333333,1.0
unit,watts_strogatz,100,35,dominating,0.1,none,DWG,30,1111.7,1114.5,0.3788584699333531,10630.8,1.0
unit,watts_strogatz,100,35,dominating,0.1,none,MS-RG-WT,30,1037.8666666666666,1037.0,0.319087371266581,9143.166666666666,1.0
unit,watts_strogatz,100,35,dominating,0.25,none,CARE-DS,30,1097.1333333333334,1094.5,0.2297307425667668,611.0333333333333,1.0
unit,watts_strogatz,100,35,dominating,0.25,none,D-EAA-ER,30,1037.8333333333333,1040.5,0.07854303396664282,501.26666666666665,1.0
unit,watts_strogatz,100,35,dominating,0.25,none,DWG,30,979.3666666666667,982.5,0.324368262700015,9369.666666666666,1.0
unit,watts_strogatz,100,35,dominating,0.25,none,MS-RG-WT,30,940.7,945.5,0.2881026323332473,7775.566666666667,1.0
unit,watts_strogatz,100,35,dominating,0.5,none,CARE-DS,30,1082.4,1088.5,0.17316966406673748,479.56666666666666,1.0
unit,watts_strogatz,100,35,dominating,0.5,none,D-EAA-ER,30,1025.6,1033.5,0.0699605594001847,464.76666666666665,1.0
unit,watts_strogatz,100,35,dominating,0.5,none,DWG,30,816.6666666666666,817.0,0.25967565956662686,7829.4,1.0
unit,watts_strogatz,100,35,dominating,0.5,none,MS-RG-WT,30,838.0666666666667,833.0,0.2538632980333659,6095.433333333333,1.0
unit,watts_strogatz,150,15,connected,0.0,none,CARE-DS,30,417.9,419.5,0.6531652408667166,6667.5,1.0
unit,watts_strogatz,150,15,connected,0.0,none,D-EAA-ER,30,374.06666666666666,375.5,0.1746823030334326,828.3666666666667,1.0
unit,watts_strogatz,150,15,connected,0.0,none,DWG,30,458.03333333333336,459.0,0.5142085288667507,14961.133333333333,1.0
unit,watts_strogatz,150,15,connected,0.0,none,MS-RG-WT,30,420.43333333333334,422.0,0.5337820966000549,8689.6,1.0
unit,watts_strogatz,150,15,connected,0.1,none,CARE-DS,30,402.53333333333336,400.0,0.5558610553666464,1354.9333333333334,1.0
unit,watts_strogatz,150,15,connected,0.1,none,D-EAA-ER,30,364.3666666666667,364.0,0.18104691473344775,836.9666666666667,1.0
unit,watts_strogatz,150,15,connected,0.1,none,DWG,30,414.93333333333334,416.0,0.4643986207997841,13518.6,1.0
unit,watts_strogatz,150,15,connected,0.1,none,MS-RG-WT,30,390.6,392.5,0.5206085609334196,8925.9,1.0
unit,watts_strogatz,150,15,connected,0.25,none,CARE-DS,30,392.76666666666665,394.0,0.5334448731334305,1002.1,1.0
unit,watts_strogatz,150,15,connected,0.25,none,D-EAA-ER,30,363.8666666666667,364.0,0.18210394563319215,820.9666666666667,1.0
unit,watts_strogatz,150,15,connected,0.25,none,DWG,30,369.2,369.5,0.4015325404332846,11994.4,1.0
unit,watts_strogatz,150,15,connected,0.25,none,MS-RG-WT,30,363.8666666666667,365.0,0.49933699706687473,7770.533333333334,1.0
unit,watts_strogatz,150,15,connected,0.5,none,CARE-DS,30,376.73333333333335,374.5,0.5111985977998301,845.6,1.0
unit,watts_strogatz,150,15,connected,0.5,none,D-EAA-ER,30,360.1666666666667,360.0,0.17598031153365049,774.8,1.0
unit,watts_strogatz,150,15,connected,0.5,none,DWG,30,312.43333333333334,315.0,0.34555766090004825,10122.4,1.0
unit,watts_strogatz,150,15,connected,0.5,none,MS-RG-WT,30,332.6,333.0,0.47989228786674026,6147.9,1.0
unit,watts_strogatz,150,15,dominating,0.0,none,CARE-DS,30,525.9666666666667,528.5,0.5745692432665805,6005.033333333334,1.0
unit,watts_strogatz,150,15,dominating,0.0,none,D-EAA-ER,30,487.23333333333335,491.5,0.040429723700071876,710.7,1.0
unit,watts_strogatz,150,15,dominating,0.0,none,DWG,30,558.8333333333334,565.0,0.4125849254999745,15473.066666666668,1.0
unit,watts_strogatz,150,15,dominating,0.0,none,MS-RG-WT,30,518.2666666666667,524.0,0.26026162539999403,8179.933333333333,1.0
unit,watts_strogatz,150,15,dominating,0.1,none,CARE-DS,30,508.9,514.5,0.33555311260014753,1094.9333333333334,1.0
unit,watts_strogatz,150,15,dominating,0.1,none,D-EAA-ER,30,479.2,482.0,0.047469149433360704,689.7333333333333,1.0
unit,watts_strogatz,150,15,dominating,0.1,none,DWG,30,506.3,511.5,0.3641391401333332,14027.0,1.0
unit,watts_strogatz,150,15,dominating,0.1,none,MS-RG-WT,30,477.56666666666666,483.0,0.2602786547999926,9468.4,1.0
unit,watts_strogatz,150,15,dominating,0.25,none,CARE-DS,30,498.76666666666665,504.0,0.24465876303324494,815.7333333333333,1.0
unit,watts_strogatz,150,15,dominating,0.25,none,D-EAA-ER,30,479.23333333333335,481.5,0.042090636866741186,696.0,1.0
unit,watts_strogatz,150,15,dominating,0.25,none,DWG,30,449.23333333333335,454.5,0.32023688613354956,12464.933333333332,1.0
unit,watts_strogatz,150,15,dominating,0.25,none,MS-RG-WT,30,448.2,452.5,0.2385525180333085,7515.233333333334,1.0
unit,watts_strogatz,150,15,dominating,0.5,none,CARE-DS,30,489.93333333333334,498.0,0.19329945363323678,703.4666666666667,1.0
unit,watts_strogatz,150,15,dominating,0.5,none,D-EAA-ER,30,474.3666666666667,478.0,0.043805897099862955,665.1333333333333,1.0
unit,watts_strogatz,150,15,dominating,0.5,none,DWG,30,378.0,381.5,0.28876809713328455,10506.6,1.0
unit,watts_strogatz,150,15,dominating,0.5,none,MS-RG-WT,30,401.5,408.5,0.22303562289989332,6028.966666666666,1.0
unit,watts_strogatz,150,25,connected,0.0,none,CARE-DS,30,725.3333333333334,724.0,4.486765277033313,8384.666666666666,1.0
unit,watts_strogatz,150,25,connected,0.0,none,D-EAA-ER,30,632.9666666666667,629.5,0.3464964234334426,840.4333333333333,1.0
unit,watts_strogatz,150,25,connected,0.0,none,DWG,30,792.1,796.0,0.6438270905667499,16046.766666666666,1.0
unit,watts_strogatz,150,25,connected,0.0,none,MS-RG-WT,30,727.3333333333334,730.5,0.8476077220665805,10672.7,1.0
unit,watts_strogatz,150,25,connected,0.1,none,CARE-DS,30,692.8,695.0,4.507711540066581,1461.5666666666666,1.0
unit,watts_strogatz,150,25,connected,0.1,none,D-EAA-ER,30,622.0333333333333,616.5,0.3467540230999778,857.2333333333333,1.0
unit,watts_strogatz,150,25,connected,0.1,none,DWG,30,714.1333333333333,718.0,0.5713529313668307,14414.5,1.0
unit,watts_strogatz,150,25,connected,0.1,none,MS-RG-WT,30,662.3,665.5,0.827442994233267,10623.766666666666,1.0
unit,watts_strogatz,150,25,connected,0.25,none,CARE-DS,30,681.3,682.0,1.7048154019333803,1047.0,1.0
unit,watts_strogatz,150,25,connected,0.25,none,D-EAA-ER,30,621.4,614.0,0.3482053411666129,844.9333333333333,1.0
unit,watts_strogatz,150,25,connected,0.25,none,DWG,30,631.9666666666667,634.5,0.5137111075001182,12748.033333333333,1.0
unit,watts_strogatz,150,25,connected,0.25,none,MS-RG-WT,30,610.6666666666666,610.0,0.7757489733334902,9230.433333333332,1.0
unit,watts_strogatz,150,25,connected,0.5,none,CARE-DS,30,660.4,654.0,0.6396416060665615,893.6333333333333,1.0
unit,watts_strogatz,150,25,connected,0.5,none,D-EAA-ER,30,614.6,609.5,0.34354587380003065,768.0,1.0
unit,watts_strogatz,150,25,connected,0.5,none,DWG,30,530.7666666666667,534.0,0.43851292586671964,10677.566666666668,1.0
unit,watts_strogatz,150,25,connected,0.5,none,MS-RG-WT,30,552.4333333333333,546.0,0.7465989905332511,7349.466666666666,1.0
unit,watts_strogatz,150,25,dominating,0.0,none,CARE-DS,30,829.5666666666667,823.0,0.7215219934666189,7931.333333333333,1.0
unit,watts_strogatz,150,25,dominating,0.0,none,D-EAA-ER,30,766.4,765.0,0.06987880533342827,788.2,1.0
unit,watts_strogatz,150,25,dominating,0.0,none,DWG,30,890.1,886.5,0.5108491864001432,16559.366666666665,1.0
unit,watts_strogatz,150,25,dominating,0.0,none,MS-RG-WT,30,831.9666666666667,825.0,0.36419990769991273,11090.266666666666,1.0
unit,watts_strogatz,150,25,dominating,0.1,none,CARE-DS,30,791.8666666666667,788.0,0.40328433993345236,1282.9333333333334,1.0
unit,watts_strogatz,150,25,dominating,0.1,none,D-EAA-ER,30,752.7666666666667,749.5,0.07936681576672219,785.6666666666666,1.0
unit,watts_strogatz,150,25,dominating,0.1,none,DWG,30,804.9666666666667,801.5,0.4577729749000355,14975.4,1.0
unit,watts_strogatz,150,25,dominating,0.1,none,MS-RG-WT,30,757.0666666666667,755.0,0.3578223235334007,11566.133333333333,1.0
unit,watts_strogatz,150,25,dominating,0.25,none,CARE-DS,30,780.6,779.5,0.3054182863000581,910.7666666666667,1.0
unit,watts_strogatz,150,25,dominating,0.25,none,D-EAA-ER,30,754.0666666666667,750.0,0.07930364956658494,785.5,1.0
unit,watts_strogatz,150,25,dominating,0.25,none,DWG,30,710.3,708.0,0.4102133707998898,13245.733333333334,1.0
unit,watts_strogatz,150,25,dominating,0.25,none,MS-RG-WT,30,691.7666666666667,691.5,0.3255163051995017,9834.5,1.0
unit,watts_strogatz,150,25,dominating,0.5,none,CARE-DS,30,768.8666666666667,766.5,0.24376486076677487,783.1,1.0
unit,watts_strogatz,150,25,dominating,0.5,none,D-EAA-ER,30,747.1333333333333,744.5,0.07711608966662117,733.7,1.0
unit,watts_strogatz,150,25,dominating,0.5,none,DWG,30,593.2,589.0,0.35805982030008937,11092.466666666667,1.0
unit,watts_strogatz,150,25,dominating,0.5,none,MS-RG-WT,30,626.2,627.5,0.2997191550667291,7489.333333333333,1.0
unit,watts_strogatz,150,35,connected,0.0,none,CARE-DS,30,1051.3,1046.0,1.2700982175333897,10090.666666666666,1.0
unit,watts_strogatz,150,35,connected,0.0,none,D-EAA-ER,30,918.2333333333333,912.5,0.6867663111336394,824.4666666666667,1.0
unit,watts_strogatz,150,35,connected,0.0,none,DWG,30,1153.4333333333334,1149.5,1.007133489400015,17043.1,1.0
unit,watts_strogatz,150,35,connected,0.0,none,MS-RG-WT,30,1051.3666666666666,1050.0,1.5245168888664316,12556.4,1.0
unit,watts_strogatz,150,35,connected,0.1,none,CARE-DS,30,1007.7666666666667,1007.0,0.9504945815333485,1497.6,1.0
unit,watts_strogatz,150,35,connected,0.1,none,D-EAA-ER,30,903.6666666666666,905.0,0.6714343845666008,817.3666666666667,1.0
unit,watts_strogatz,150,35,connected,0.1,none,DWG,30,1038.0333333333333,1036.0,0.9004173740999856,15274.133333333333,1.0
unit,watts_strogatz,150,35,connected,0.1,none,MS-RG-WT,30,954.5333333333333,957.0,1.4773997375667023,11732.033333333333,1.0
unit,watts_strogatz,150,35,connected,0.25,none,CARE-DS,30,988.8666666666667,991.5,0.8305177828333096,1030.1333333333334,1.0
unit,watts_strogatz,150,35,connected,0.25,none,D-EAA-ER,30,902.5333333333333,902.5,0.6376319512001525,801.3333333333334,1.0
unit,watts_strogatz,150,35,connected,0.25,none,DWG,30,915.5666666666667,913.5,0.7789527113665826,13470.5,1.0
unit,watts_strogatz,150,35,connected,0.25,none,MS-RG-WT,30,874.8333333333334,877.5,1.3885536323667111,10267.966666666667,1.0
unit,watts_strogatz,150,35,connected,0.5,none,CARE-DS,30,966.1666666666666,964.5,0.7766815696000776,861.0,1.0
unit,watts_strogatz,150,35,connected,0.5,none,D-EAA-ER,30,892.4,894.5,0.6158805021334046,744.5333333333333,1.0
unit,watts_strogatz,150,35,connected,0.5,none,DWG,30,765.2,762.0,0.6666519432000011,11257.833333333334,1.0
unit,watts_strogatz,150,35,connected,0.5,none,MS-RG-WT,30,778.8666666666667,782.0,1.2929023893333578,8387.866666666667,1.0
unit,watts_strogatz,150,35,dominating,0.0,none,CARE-DS,30,1138.8333333333333,1139.0,0.9827892275669001,9430.666666666666,1.0
unit,watts_strogatz,150,35,dominating,0.0,none,D-EAA-ER,30,1044.7666666666667,1042.0,0.11805959473349499,796.6666666666666,1.0
unit,watts_strogatz,150,35,dominating,0.0,none,DWG,30,1229.1,1230.0,0.6844014498998149,17459.866666666665,1.0
unit,watts_strogatz,150,35,dominating,0.0,none,MS-RG-WT,30,1151.0333333333333,1152.5,0.5176617395001206,13300.4,1.0
unit,watts_strogatz,150,35,dominating,0.1,none,CARE-DS,30,1098.5,1090.5,0.5289688551332196,1425.2333333333333,1.0
unit,watts_strogatz,150,35,dominating,0.1,none,D-EAA-ER,30,1036.0,1027.5,0.12565385026640186,805.1666666666666,1.0
unit,watts_strogatz,150,35,dominating,0.1,none,DWG,30,1111.4666666666667,1112.5,0.6229874139334546,15811.866666666667,1.0
unit,watts_strogatz,150,35,dominating,0.1,none,MS-RG-WT,30,1037.1333333333334,1041.0,0.48458006499998496,13121.5,1.0
unit,watts_strogatz,150,35,dominating,0.25,none,CARE-DS,30,1084.6666666666667,1084.0,0.39818083113344377,999.4666666666667,1.0
unit,watts_strogatz,150,35,dominating,0.25,none,D-EAA-ER,30,1033.9,1024.5,0.13021561346686208,796.9,1.0
unit,watts_strogatz,150,35,dominating,0.25,none,DWG,30,979.0333333333333,982.5,0.5556929757667604,13947.133333333333,1.0
unit,watts_strogatz,150,35,dominating,0.25,none,MS-RG-WT,30,945.0,943.0,0.4815239813999748,11141.466666666667,1.0
unit,watts_strogatz,150,35,dominating,0.5,none,CARE-DS,30,1075.3666666666666,1086.5,0.3248802258331731,795.2,1.0
unit,watts_strogatz,150,35,dominating,0.5,none,D-EAA-ER,30,1021.6666666666666,1019.5,0.12023559720018961,731.4333333333333,1.0
unit,watts_strogatz,150,35,dominating,0.5,none,DWG,30,816.8666666666667,819.5,0.47440820726660604,11672.866666666667,1.0
unit,watts_strogatz,150,35,dominating,0.5,none,MS-RG-WT,30,847.2333333333333,849.5,0.4435517083334465,8698.233333333334,1.0
unit,watts_strogatz,200,15,connected,0.0,none,CARE-DS,30,413.8666666666667,411.0,1.097461508699962,9680.6,1.0
unit,watts_strogatz,200,15,connected,0.0,none,D-EAA-ER,30,368.1333333333333,367.5,0.3222576928664542,1183.3666666666666,1.0
unit,watts_strogatz,200,15,connected,0.0,none,DWG,30,453.46666666666664,450.0,0.7232563779334062,19797.533333333333,1.0
unit,watts_strogatz,200,15,connected,0.0,none,MS-RG-WT,30,413.4,412.0,0.9215900528333199,10695.433333333332,1.0
unit,watts_strogatz,200,15,connected,0.1,none,CARE-DS,30,395.93333333333334,396.0,0.9883439200999722,1902.1666666666667,1.0
unit,watts_strogatz,200,15,connected,0.1,none,D-EAA-ER,30,359.9,362.5,0.34709057890001227,1166.8666666666666,1.0
unit,watts_strogatz,200,15,connected,0.1,none,DWG,30,410.56666666666666,407.5,0.6255060421998375,17886.9,1.0
unit,watts_strogatz,200,15,connected,0.1,none,MS-RG-WT,30,386.3666666666667,387.5,0.9123502673000379,11476.833333333334,1.0
unit,watts_strogatz,200,15,connected,0.25,none,CARE-DS,30,385.1333333333333,385.5,0.6453396808666184,1405.0,1.0
unit,watts_strogatz,200,15,connected,0.25,none,D-EAA-ER,30,360.3333333333333,361.5,0.31074817016657713,1167.5333333333333,1.0
unit,watts_strogatz,200,15,connected,0.25,none,DWG,30,365.2,363.5,0.554945786266641,15849.5,1.0
unit,watts_strogatz,200,15,connected,0.25,none,MS-RG-WT,30,361.1,360.0,0.8459457105335484,9894.5,1.0
unit,watts_strogatz,200,15,connected,0.5,none,CARE-DS,30,372.3666666666667,371.0,0.8084683480665565,1239.5333333333333,1.0
unit,watts_strogatz,200,15,connected,0.5,none,D-EAA-ER,30,355.2,355.0,0.3015803212666166,1061.8,1.0
unit,watts_strogatz,200,15,connected,0.5,none,DWG,30,309.8,310.0,0.48020776270004717,13397.266666666666,1.0
unit,watts_strogatz,200,15,connected,0.5,none,MS-RG-WT,30,329.8,330.0,0.744941991599929,7983.333333333333,1.0
unit,watts_strogatz,200,15,dominating,0.0,none,CARE-DS,30,517.8666666666667,519.0,0.7986477074332773,7662.066666666667,1.0
unit,watts_strogatz,200,15,dominating,0.0,none,D-EAA-ER,30,478.8,476.5,0.05157598013350551,942.7333333333333,1.0
unit,watts_strogatz,200,15,dominating,0.0,none,DWG,30,550.4666666666667,551.0,0.5553538607665662,20280.4,1.0
unit,watts_strogatz,200,15,dominating,0.0,none,MS-RG-WT,30,511.53333333333336,508.0,0.35808778759995524,9768.266666666666,1.0
unit,watts_strogatz,200,15,dominating,0.1,none,CARE-DS,30,494.76666666666665,492.5,0.4858857352999015,1510.7333333333333,1.0
unit,watts_strogatz,200,15,dominating,0.1,none,D-EAA-ER,30,471.46666666666664,471.5,0.05750700426639616,939.3333333333334,1.0
unit,watts_strogatz,200,15,dominating,0.1,none,DWG,30,498.96666666666664,501.0,0.5372672932332837,18401.9,1.0
unit,watts_strogatz,200,15,dominating,0.1,none,MS-RG-WT,30,472.56666666666666,471.5,0.3783106061334062,11680.3,1.0
unit,watts_strogatz,200,15,dominating,0.25,none,CARE-DS,30,486.4,488.0,0.41547312056651814,1082.7666666666667,1.0
unit,watts_strogatz,200,15,dominating,0.25,none,D-EAA-ER,30,471.46666666666664,473.5,0.05775465516653635,933.7666666666667,1.0
unit,watts_strogatz,200,15,dominating,0.25,none,DWG,30,442.6333333333333,442.0,0.4801883610665755,16347.366666666667,1.0
unit,watts_strogatz,200,15,dominating,0.25,none,MS-RG-WT,30,440.3,443.0,0.3701395740000104,9924.566666666668,1.0
unit,watts_strogatz,200,15,dominating,0.5,none,CARE-DS,30,472.1333333333333,473.5,0.2728429208000307,935.7,1.0
unit,watts_strogatz,200,15,dominating,0.5,none,D-EAA-ER,30,467.3666666666667,467.0,0.06663532590003642,891.7666666666667,1.0
unit,watts_strogatz,200,15,dominating,0.5,none,DWG,30,372.8666666666667,371.5,0.46278078893355995,13791.266666666666,1.0
unit,watts_strogatz,200,15,dominating,0.5,none,MS-RG-WT,30,401.6666666666667,407.5,0.32837652576672555,7511.8,1.0
unit,watts_strogatz,200,25,connected,0.0,none,CARE-DS,30,720.0333333333333,717.0,1.4345940491666929,11232.066666666668,1.0
unit,watts_strogatz,200,25,connected,0.0,none,D-EAA-ER,30,625.7,624.5,0.6408049159664491,1180.4,1.0
unit,watts_strogatz,200,25,connected,0.0,none,DWG,30,790.1333333333333,789.5,0.9558991166333726,21549.5,1.0
unit,watts_strogatz,200,25,connected,0.0,none,MS-RG-WT,30,719.8666666666667,717.5,1.4598461589000484,14264.033333333333,1.0
unit,watts_strogatz,200,25,connected,0.1,none,CARE-DS,30,688.5333333333333,685.5,1.2303789180666171,2087.5666666666666,1.0
unit,watts_strogatz,200,25,connected,0.1,none,D-EAA-ER,30,614.0333333333333,608.0,0.6510839729999134,1189.4666666666667,1.0
unit,watts_strogatz,200,25,connected,0.1,none,DWG,30,711.5,711.0,0.8672292731000805,19345.4,1.0
unit,watts_strogatz,200,25,connected,0.1,none,MS-RG-WT,30,659.3333333333334,657.5,1.5224829588666884,13937.866666666667,1.0
unit,watts_strogatz,200,25,connected,0.25,none,CARE-DS,30,670.2333333333333,666.0,1.106985915933304,1537.3666666666666,1.0
unit,watts_strogatz,200,25,connected,0.25,none,D-EAA-ER,30,612.8333333333334,609.0,0.707851819866725,1160.8666666666666,1.0
unit,watts_strogatz,200,25,connected,0.25,none,DWG,30,628.9,627.0,0.8489869006001148,17090.333333333332,1.0
unit,watts_strogatz,200,25,connected,0.25,none,MS-RG-WT,30,608.7666666666667,611.5,1.4231458956997813,12199.666666666666,1.0
unit,watts_strogatz,200,25,connected,0.5,none,CARE-DS,30,651.8,647.5,1.0506046128332855,1294.0666666666666,1.0
unit,watts_strogatz,200,25,connected,0.5,none,D-EAA-ER,30,604.4666666666667,601.0,0.6339857662333088,1057.3,1.0
unit,watts_strogatz,200,25,connected,0.5,none,DWG,30,529.3,527.5,0.6070013725332805,14353.633333333333,1.0
unit,watts_strogatz,200,25,connected,0.5,none,MS-RG-WT,30,550.5333333333333,549.0,1.256926546233323,9774.933333333332,1.0
unit,watts_strogatz,200,25,dominating,0.0,none,CARE-DS,30,833.8666666666667,832.5,1.0285791501333128,10984.0,1.0
unit,watts_strogatz,200,25,dominating,0.0,none,D-EAA-ER,30,768.6666666666666,767.5,0.1014480598999701,1071.3333333333333,1.0
unit,watts_strogatz,200,25,dominating,0.0,none,DWG,30,894.4666666666667,892.0,0.7691785216333301,22126.233333333334,1.0
unit,watts_strogatz,200,25,dominating,0.0,none,MS-RG-WT,30,829.0,828.0,0.5298189640666654,13741.866666666667,1.0
unit,watts_strogatz,200,25,dominating,0.1,none,CARE-DS,30,796.6333333333333,795.0,0.59512699170009,1841.7333333333333,1.0
unit,watts_strogatz,200,25,dominating,0.1,none,D-EAA-ER,30,750.8666666666667,747.0,0.1060952635330977,1063.7,1.0
unit,watts_strogatz,200,25,dominating,0.1,none,DWG,30,808.1333333333333,807.5,0.6714803676664814,20003.3,1.0
unit,watts_strogatz,200,25,dominating,0.1,none,MS-RG-WT,30,754.8666666666667,755.5,0.4778873828000845,15185.066666666668,1.0
unit,watts_strogatz,200,25,dominating,0.25,none,CARE-DS,30,789.5,789.5,0.45152268016681774,1337.6666666666667,1.0
unit,watts_strogatz,200,25,dominating,0.25,none,D-EAA-ER,30,750.7,745.5,0.11379327980012019,1072.4,1.0
unit,watts_strogatz,200,25,dominating,0.25,none,DWG,30,714.3666666666667,715.5,0.6447779990667792,17707.966666666667,1.0
unit,watts_strogatz,200,25,dominating,0.25,none,MS-RG-WT,30,696.8666666666667,698.0,0.4850662084668026,12697.033333333333,1.0
unit,watts_strogatz,200,25,dominating,0.5,none,CARE-DS,30,766.3333333333334,766.5,0.3560479075003362,1103.4,1.0
unit,watts_strogatz,200,25,dominating,0.5,none,D-EAA-ER,30,743.5,741.0,0.10042129030007342,1007.2,1.0
unit,watts_strogatz,200,25,dominating,0.5,none,DWG,30,596.5666666666667,593.0,0.5117117470334052,14827.8,1.0
unit,watts_strogatz,200,25,dominating,0.5,none,MS-RG-WT,30,628.4,632.5,0.409640806366527,9792.666666666666,1.0
unit,watts_strogatz,200,35,connected,0.0,none,CARE-DS,30,1027.1333333333334,1027.5,2.6985262824334617,12950.433333333332,1.0
unit,watts_strogatz,200,35,connected,0.0,none,D-EAA-ER,30,892.4,892.5,1.128458997666712,1154.0666666666666,1.0
unit,watts_strogatz,200,35,connected,0.0,none,DWG,30,1130.7333333333333,1134.5,1.3298877146665593,22640.2,1.0
unit,watts_strogatz,200,35,connected,0.0,none,MS-RG-WT,30,1032.5333333333333,1033.5,2.287283056499897,16506.166666666668,1.0
unit,watts_strogatz,200,35,connected,0.1,none,CARE-DS,30,985.5,980.5,2.5064960195999446,2177.5,1.0
unit,watts_strogatz,200,35,connected,0.1,none,D-EAA-ER,30,877.9,875.0,1.24517260006675,1160.2,1.0
unit,watts_strogatz,200,35,connected,0.1,none,DWG,30,1017.4666666666667,1020.0,1.214135432433553,20317.6,1.0
unit,watts_strogatz,200,35,connected,0.1,none,MS-RG-WT,30,937.0333333333333,940.0,2.4265332482998927,15687.733333333334,1.0
unit,watts_strogatz,200,35,connected,0.25,none,CARE-DS,30,965.8,959.0,2.1116351445333446,1515.6,1.0
unit,watts_strogatz,200,35,connected,0.25,none,D-EAA-ER,30,876.2333333333333,873.5,1.1335496587664844,1123.5666666666666,1.0
unit,watts_strogatz,200,35,connected,0.25,none,DWG,30,897.1666666666666,901.0,1.05190067883359,17899.266666666666,1.0
unit,watts_strogatz,200,35,connected,0.25,none,MS-RG-WT,30,859.2333333333333,862.5,2.4687071952000528,13774.933333333332,1.0
unit,watts_strogatz,200,35,connected,0.5,none,CARE-DS,30,942.5666666666667,943.0,1.725831239400001,1251.8,1.0
unit,watts_strogatz,200,35,connected,0.5,none,D-EAA-ER,30,864.9666666666667,862.0,1.2833049812998676,1009.8,1.0
unit,watts_strogatz,200,35,connected,0.5,none,DWG,30,751.5333333333333,750.5,1.0927212403335338,15019.433333333332,1.0
unit,watts_strogatz,200,35,connected,0.5,none,MS-RG-WT,30,765.0,767.5,2.5299277387667343,11061.4,1.0
unit,watts_strogatz,200,35,dominating,0.0,none,CARE-DS,30,1134.7666666666667,1132.5,1.46649122266687,11815.166666666666,1.0
unit,watts_strogatz,200,35,dominating,0.0,none,D-EAA-ER,30,1039.1666666666667,1038.0,0.15730425583345392,1120.0333333333333,1.0
unit,watts_strogatz,200,35,dominating,0.0,none,DWG,30,1227.1666666666667,1228.0,0.972571153933374,23186.0,1.0
unit,watts_strogatz,200,35,dominating,0.0,none,MS-RG-WT,30,1141.5333333333333,1143.0,0.6817933720334016,16788.933333333334,1.0
unit,watts_strogatz,200,35,dominating,0.1,none,CARE-DS,30,1091.9666666666667,1093.5,0.7041987960001885,1940.2666666666667,1.0
unit,watts_strogatz,200,35,dominating,0.1,none,D-EAA-ER,30,1022.3,1027.5,0.1826489559668213,1103.9666666666667,1.0
unit,watts_strogatz,200,35,dominating,0.1,none,DWG,30,1109.2666666666667,1109.5,1.045253875333401,20995.966666666667,1.0
unit,watts_strogatz,200,35,dominating,0.1,none,MS-RG-WT,30,1030.2666666666667,1033.5,0.7089895363666073,17061.9,1.0
unit,watts_strogatz,200,35,dominating,0.25,none,CARE-DS,30,1080.6,1080.0,0.5655592956999196,1414.6333333333334,1.0
unit,watts_strogatz,200,35,dominating,0.25,none,D-EAA-ER,30,1021.4333333333333,1026.0,0.15744477409977356,1075.6666666666667,1.0
unit,watts_strogatz,200,35,dominating,0.25,none,DWG,30,977.9333333333333,979.5,0.8388202273334779,18526.033333333333,1.0
unit,watts_strogatz,200,35,dominating,0.25,none,MS-RG-WT,30,938.9333333333333,942.0,0.6765936515000551,14590.566666666668,1.0
unit,watts_strogatz,200,35,dominating,0.5,none,CARE-DS,30,1054.8,1052.0,0.4254781534335658,1145.6666666666667,1.0
unit,watts_strogatz,200,35,dominating,0.5,none,D-EAA-ER,30,1013.0,1013.0,0.15818101140012,995.6333333333333,1.0
unit,watts_strogatz,200,35,dominating,0.5,none,DWG,30,814.3666666666667,817.0,0.7387888225998419,15478.633333333333,1.0
unit,watts_strogatz,200,35,dominating,0.5,none,MS-RG-WT,30,841.5666666666667,846.0,0.5554245614999066,11265.666666666666,1.0
unit,watts_strogatz,250,15,connected,0.0,none,CARE-DS,30,412.3666666666667,410.5,1.1728402304334244,10892.533333333333,1.0
unit,watts_strogatz,250,15,connected,0.0,none,D-EAA-ER,30,365.06666666666666,363.5,0.4885129804332488,1460.9,1.0
unit,watts_strogatz,250,15,connected,0.0,none,DWG,30,451.43333333333334,452.0,0.9375500450335797,24662.066666666666,1.0
unit,watts_strogatz,250,15,connected,0.0,none,MS-RG-WT,30,414.8,413.0,1.2518757612331077,13375.2,1.0
unit,watts_strogatz,250,15,connected,0.1,none,CARE-DS,30,395.06666666666666,394.5,1.0584293995666485,2467.0,1.0
unit,watts_strogatz,250,15,connected,0.1,none,D-EAA-ER,30,357.6333333333333,362.0,0.5020555996334224,1461.7333333333333,1.0
unit,watts_strogatz,250,15,connected,0.1,none,DWG,30,409.03333333333336,411.0,0.8673540437666816,22286.433333333334,1.0
unit,watts_strogatz,250,15,connected,0.1,none,MS-RG-WT,30,385.1666666666667,384.0,1.2510732811999332,14551.1,1.0
unit,watts_strogatz,250,15,connected,0.25,none,CARE-DS,30,383.7,381.0,0.9763067455332324,1785.7,1.0
unit,watts_strogatz,250,15,connected,0.25,none,D-EAA-ER,30,356.56666666666666,358.0,0.5030360192999676,1417.5333333333333,1.0
unit,watts_strogatz,250,15,connected,0.25,none,DWG,30,363.5,363.5,0.7756653930001751,19804.733333333334,1.0
unit,watts_strogatz,250,15,connected,0.25,none,MS-RG-WT,30,357.3333333333333,359.0,1.172721200733516,12193.966666666667,1.0
unit,watts_strogatz,250,15,connected,0.5,none,CARE-DS,30,371.8666666666667,373.0,0.912576109299971,1591.4666666666667,1.0
unit,watts_strogatz,250,15,connected,0.5,none,D-EAA-ER,30,351.9,354.0,0.49279305300012005,1326.1,1.0
unit,watts_strogatz,250,15,connected,0.5,none,DWG,30,308.3,308.5,0.6627972743333885,16764.633333333335,1.0
unit,watts_strogatz,250,15,connected,0.5,none,MS-RG-WT,30,328.56666666666666,330.0,1.1151560479998808,9968.1,1.0
unit,watts_strogatz,250,15,dominating,0.0,none,CARE-DS,30,513.8666666666667,513.5,1.0051002594665988,9333.733333333334,1.0
unit,watts_strogatz,250,15,dominating,0.0,none,D-EAA-ER,30,469.2,470.5,0.06485634973353925,1144.8666666666666,1.0
unit,watts_strogatz,250,15,dominating,0.0,none,DWG,30,543.6,544.5,0.7352974612334947,24922.9,1.0
unit,watts_strogatz,250,15,dominating,0.0,none,MS-RG-WT,30,505.96666666666664,507.5,0.48064457883344097,11674.266666666666,1.0
unit,watts_strogatz,250,15,dominating,0.1,none,CARE-DS,30,490.6666666666667,488.5,0.6125253441331855,1753.8666666666666,1.0
unit,watts_strogatz,250,15,dominating,0.1,none,D-EAA-ER,30,462.43333333333334,463.5,0.06909272396666585,1169.7333333333333,1.0
unit,watts_strogatz,250,15,dominating,0.1,none,DWG,30,491.9,493.0,0.6757967459999539,22570.2,1.0
unit,watts_strogatz,250,15,dominating,0.1,none,MS-RG-WT,30,469.76666666666665,466.5,0.45694069606658255,14444.266666666666,1.0
unit,watts_strogatz,250,15,dominating,0.25,none,CARE-DS,30,482.8333333333333,487.5,0.44245268623338535,1368.8,1.0
unit,watts_strogatz,250,15,dominating,0.25,none,D-EAA-ER,30,461.8666666666667,463.5,0.07035681450003414,1157.6666666666667,1.0
unit,watts_strogatz,250,15,dominating,0.25,none,DWG,30,436.6,439.5,0.5933023324333893,20031.266666666666,1.0
unit,watts_strogatz,250,15,dominating,0.25,none,MS-RG-WT,30,433.3333333333333,437.5,0.3992838835333411,11500.9,1.0
unit,watts_strogatz,250,15,dominating,0.5,none,CARE-DS,30,466.03333333333336,464.5,0.3606876777665699,1183.0,1.0
unit,watts_strogatz,250,15,dominating,0.5,none,D-EAA-ER,30,458.2,459.0,0.07004524786667991,1115.5,1.0
unit,watts_strogatz,250,15,dominating,0.5,none,DWG,30,367.73333333333335,368.5,0.5184449816997585,16874.833333333332,1.0
unit,watts_strogatz,250,15,dominating,0.5,none,MS-RG-WT,30,392.8,387.5,0.3733470457998919,9064.733333333334,1.0
unit,watts_strogatz,250,25,connected,0.0,none,CARE-DS,30,720.0333333333333,726.5,2.2848747884664893,14492.733333333334,1.0
unit,watts_strogatz,250,25,connected,0.0,none,D-EAA-ER,30,622.5666666666667,624.0,1.1150552292332576,1518.5333333333333,1.0
unit,watts_strogatz,250,25,connected,0.0,none,DWG,30,791.7666666666667,796.5,1.3425672804999218,27074.366666666665,1.0
unit,watts_strogatz,250,25,connected,0.0,none,MS-RG-WT,30,720.5,725.0,2.406777306366651,17787.4,1.0
unit,watts_strogatz,250,25,connected,0.1,none,CARE-DS,30,687.8333333333334,692.0,2.0158254120333368,2804.0666666666666,1.0
unit,watts_strogatz,250,25,connected,0.1,none,D-EAA-ER,30,609.5,613.0,1.0923456783667764,1497.5,1.0
unit,watts_strogatz,250,25,connected,0.1,none,DWG,30,713.8,721.0,1.240684572966711,24332.766666666666,1.0
unit,watts_strogatz,250,25,connected,0.1,none,MS-RG-WT,30,661.1,667.5,2.3465836156334867,17562.5,1.0
unit,watts_strogatz,250,25,connected,0.25,none,CARE-DS,30,673.4,675.0,1.8499234126000375,1971.8,1.0
unit,watts_strogatz,250,25,connected,0.25,none,D-EAA-ER,30,608.1333333333333,609.5,1.1599103274668474,1471.6666666666667,1.0
unit,watts_strogatz,250,25,connected,0.25,none,DWG,30,630.7,637.0,1.1327151795668517,21475.933333333334,1.0
unit,watts_strogatz,250,25,connected,0.25,none,MS-RG-WT,30,608.9333333333333,614.0,2.292719472533463,15228.266666666666,1.0
unit,watts_strogatz,250,25,connected,0.5,none,CARE-DS,30,650.0666666666667,658.5,1.7107231745999647,1701.6,1.0
unit,watts_strogatz,250,25,connected,0.5,none,D-EAA-ER,30,601.7666666666667,604.0,1.0805407929334252,1353.2666666666667,1.0
unit,watts_strogatz,250,25,connected,0.5,none,DWG,30,529.6666666666666,535.5,0.9201937791328721,18030.833333333332,1.0
unit,watts_strogatz,250,25,connected,0.5,none,MS-RG-WT,30,550.5666666666667,557.5,2.0205735195665815,12014.966666666667,1.0
unit,watts_strogatz,250,25,dominating,0.0,none,CARE-DS,30,836.0,843.5,1.4221949124666935,12822.066666666668,1.0
unit,watts_strogatz,250,25,dominating,0.0,none,D-EAA-ER,30,775.8333333333334,784.5,0.13413330663358158,1387.7,1.0
unit,watts_strogatz,250,25,dominating,0.0,none,DWG,30,902.0,909.0,1.096152852000038,27797.6,1.0
unit,watts_strogatz,250,25,dominating,0.0,none,MS-RG-WT,30,834.5,836.0,0.7522536293666539,16495.066666666666,1.0
unit,watts_strogatz,250,25,dominating,0.1,none,CARE-DS,30,805.2333333333333,812.5,0.8157861902998168,2341.633333333333,1.0
unit,watts_strogatz,250,25,dominating,0.1,none,D-EAA-ER,30,756.1333333333333,762.5,0.14693248310001458,1351.4333333333334,1.0
unit,watts_strogatz,250,25,dominating,0.1,none,DWG,30,815.3,825.0,0.9786142647667172,25168.4,1.0
unit,watts_strogatz,250,25,dominating,0.1,none,MS-RG-WT,30,763.7,764.5,0.6365634182334058,18953.366666666665,1.0
unit,watts_strogatz,250,25,dominating,0.25,none,CARE-DS,30,789.5,794.5,0.5848548568332262,1693.2,1.0
unit,watts_strogatz,250,25,dominating,0.25,none,D-EAA-ER,30,755.1666666666666,759.0,0.14021617466660244,1340.0666666666666,1.0
unit,watts_strogatz,250,25,dominating,0.25,none,DWG,30,719.9666666666667,728.5,0.8820553418332565,22249.333333333332,1.0
unit,watts_strogatz,250,25,dominating,0.25,none,MS-RG-WT,30,697.6,704.0,0.6094532528667211,15817.966666666667,1.0
unit,watts_strogatz,250,25,dominating,0.5,none,CARE-DS,30,770.1,776.0,0.48749974410008384,1404.8666666666666,1.0
unit,watts_strogatz,250,25,dominating,0.5,none,D-EAA-ER,30,749.0333333333333,751.0,0.13915987733313762,1267.8333333333333,1.0
unit,watts_strogatz,250,25,dominating,0.5,none,DWG,30,602.2666666666667,606.5,0.7239263916667066,18660.633333333335,1.0
unit,watts_strogatz,250,25,dominating,0.5,none,MS-RG-WT,30,631.1333333333333,633.0,0.5539338188998955,12050.366666666667,1.0
unit,watts_strogatz,250,35,connected,0.0,none,CARE-DS,30,1016.9333333333333,1019.0,3.2927740481000303,16386.5,1.0
unit,watts_strogatz,250,35,connected,0.0,none,D-EAA-ER,30,870.8,869.5,1.9907596764666475,1457.2,1.0
unit,watts_strogatz,250,35,connected,0.0,none,DWG,30,1121.2,1123.5,2.218801476766506,28126.366666666665,1.0
unit,watts_strogatz,250,35,connected,0.0,none,MS-RG-WT,30,1017.6666666666666,1021.0,4.342063372933201,19875.5,1.0
unit,watts_strogatz,250,35,connected,0.1,none,CARE-DS,30,974.0,978.0,2.743631592766572,2826.4666666666667,1.0
unit,watts_strogatz,250,35,connected,0.1,none,D-EAA-ER,30,856.9666666666667,862.0,1.7488480999998501,1476.1,1.0
unit,watts_strogatz,250,35,connected,0.1,none,DWG,30,1008.6333333333333,1011.0,1.617679117233274,25220.766666666666,1.0
unit,watts_strogatz,250,35,connected,0.1,none,MS-RG-WT,30,928.1333333333333,930.5,3.7383471405331874,19433.9,1.0
unit,watts_strogatz,250,35,connected,0.25,none,CARE-DS,30,953.9666666666667,954.5,2.458671681866781,2025.0666666666666,1.0
unit,watts_strogatz,250,35,connected,0.25,none,D-EAA-ER,30,854.6,856.5,2.0309148823999448,1435.8333333333333,1.0
unit,watts_strogatz,250,35,connected,0.25,none,DWG,30,890.1,891.0,1.463835267566598,22245.4,1.0
unit,watts_strogatz,250,35,connected,0.25,none,MS-RG-WT,30,848.7,852.5,3.463854040866681,16758.8,1.0
unit,watts_strogatz,250,35,connected,0.5,none,CARE-DS,30,922.2,922.5,2.3504820336332766,1672.6666666666667,1.0
unit,watts_strogatz,250,35,connected,0.5,none,D-EAA-ER,30,845.0333333333333,846.5,1.6024828817332795,1282.5666666666666,1.0
unit,watts_strogatz,250,35,connected,0.5,none,DWG,30,745.9333333333333,748.5,1.212156866666798,18643.866666666665,1.0
unit,watts_strogatz,250,35,connected,0.5,none,MS-RG-WT,30,760.2,764.0,3.0617442575666547,13570.7,1.0
unit,watts_strogatz,250,35,dominating,0.0,none,CARE-DS,30,1129.5666666666666,1131.5,2.037206907766692,14470.533333333333,1.0
unit,watts_strogatz,250,35,dominating,0.0,none,D-EAA-ER,30,1031.5666666666666,1029.5,0.18167542126654246,1404.0333333333333,1.0
unit,watts_strogatz,250,35,dominating,0.0,none,DWG,30,1224.1333333333334,1226.0,1.309247372666626,28873.466666666667,1.0
unit,watts_strogatz,250,35,dominating,0.0,none,MS-RG-WT,30,1135.0333333333333,1140.5,1.080101780266826,19629.066666666666,1.0
unit,watts_strogatz,250,35,dominating,0.1,none,CARE-DS,30,1088.2,1089.0,1.0083235409666789,2560.3333333333335,1.0
unit,watts_strogatz,250,35,dominating,0.1,none,D-EAA-ER,30,1021.7,1027.5,0.22861696653338484,1426.4,1.0
unit,watts_strogatz,250,35,dominating,0.1,none,DWG,30,1105.3333333333333,1106.5,1.412235597366392,26071.666666666668,1.0
unit,watts_strogatz,250,35,dominating,0.1,none,MS-RG-WT,30,1023.0333333333333,1025.5,0.9888132858667329,20981.666666666668,1.0
unit,watts_strogatz,250,35,dominating,0.25,none,CARE-DS,30,1067.7333333333333,1067.5,0.8156305208998674,1810.6,1.0
unit,watts_strogatz,250,35,dominating,0.25,none,D-EAA-ER,30,1021.3333333333334,1023.5,0.2075951161334766,1399.6666666666667,1.0
unit,watts_strogatz,250,35,dominating,0.25,none,DWG,30,973.9333333333333,975.0,1.0895712270666384,23042.4,1.0
unit,watts_strogatz,250,35,dominating,0.25,none,MS-RG-WT,30,938.2666666666667,939.5,0.778251367133392,17623.1,1.0
unit,watts_strogatz,250,35,dominating,0.5,none,CARE-DS,30,1041.5,1040.5,0.6026900925667481,1442.5666666666666,1.0
unit,watts_strogatz,250,35,dominating,0.5,none,D-EAA-ER,30,1009.8,1008.0,0.24298975486641813,1288.7,1.0
unit,watts_strogatz,250,35,dominating,0.5,none,DWG,30,813.4333333333333,815.5,1.0395154822334614,19301.633333333335,1.0
unit,watts_strogatz,250,35,dominating,0.5,none,MS-RG-WT,30,842.5666666666667,845.5,0.8180128362667044,13691.8,1.0
unit,watts_strogatz,500,15,connected,0.0,none,CARE-DS,30,405.4,405.5,5.452668784299991,23202.666666666668,1.0
unit,watts_strogatz,500,15,connected,0.0,none,D-EAA-ER,30,361.6333333333333,362.0,2.865724458099976,3167.766666666667,1.0
unit,watts_strogatz,500,15,connected,0.0,none,DWG,30,440.8,443.0,2.894763272633342,47865.933333333334,1.0
unit,watts_strogatz,500,15,connected,0.0,none,MS-RG-WT,30,401.7,404.0,5.386351342766708,25671.833333333332,1.0
unit,watts_strogatz,500,15,connected,0.1,none,CARE-DS,30,386.73333333333335,387.0,5.118541116999889,5099.766666666666,1.0
unit,watts_strogatz,500,15,connected,0.1,none,D-EAA-ER,30,353.43333333333334,351.5,3.670405875166701,3160.0333333333333,1.0
unit,watts_strogatz,500,15,connected,0.1,none,DWG,30,399.23333333333335,400.0,2.890332335933393,43182.5,1.0
unit,watts_strogatz,500,15,connected,0.1,none,MS-RG-WT,30,377.76666666666665,381.0,5.993488060333038,28061.4,1.0
unit,watts_strogatz,500,15,connected,0.25,none,CARE-DS,30,373.1666666666667,371.0,4.900869633833372,3790.0666666666666,1.0
unit,watts_strogatz,500,15,connected,0.25,none,D-EAA-ER,30,353.7,354.0,3.3267121123664767,3177.4,1.0
unit,watts_strogatz,500,15,connected,0.25,none,DWG,30,356.4,358.5,2.5372083872667646,38529.76666666667,1.0
unit,watts_strogatz,500,15,connected,0.25,none,MS-RG-WT,30,349.76666666666665,353.5,5.538482629266764,24782.0,1.0
unit,watts_strogatz,500,15,connected,0.5,none,CARE-DS,30,360.1666666666667,361.0,4.639746048399896,3371.133333333333,1.0
unit,watts_strogatz,500,15,connected,0.5,none,D-EAA-ER,30,348.1666666666667,348.0,2.566493319000074,2937.766666666667,1.0
unit,watts_strogatz,500,15,connected,0.5,none,DWG,30,301.43333333333334,302.5,2.1248965755333,32501.333333333332,1.0
unit,watts_strogatz,500,15,connected,0.5,none,MS-RG-WT,30,316.96666666666664,317.0,5.302870162866506,19663.0,1.0
unit,watts_strogatz,500,15,dominating,0.0,none,CARE-DS,30,498.3,501.5,2.1965440507001404,17789.9,1.0
unit,watts_strogatz,500,15,dominating,0.0,none,D-EAA-ER,30,467.43333333333334,472.5,0.16035239009991828,2474.633333333333,1.0
unit,watts_strogatz,500,15,dominating,0.0,none,DWG,30,524.4,525.5,2.1132519846666886,48017.73333333333,1.0
unit,watts_strogatz,500,15,dominating,0.0,none,MS-RG-WT,30,485.6666666666667,484.5,1.1995882371667297,20746.533333333333,1.0
unit,watts_strogatz,500,15,dominating,0.1,none,CARE-DS,30,475.46666666666664,480.5,1.3664203516665414,3882.5333333333333,1.0
unit,watts_strogatz,500,15,dominating,0.1,none,D-EAA-ER,30,459.06666666666666,466.0,0.14460466586673038,2419.2,1.0
unit,watts_strogatz,500,15,dominating,0.1,none,DWG,30,475.5,476.0,1.6724763837333134,43602.833333333336,1.0
unit,watts_strogatz,500,15,dominating,0.1,none,MS-RG-WT,30,454.56666666666666,457.5,1.0239563157001006,26489.166666666668,1.0
unit,watts_strogatz,500,15,dominating,0.25,none,CARE-DS,30,466.8333333333333,468.5,1.093344618999739,3044.3333333333335,1.0
unit,watts_strogatz,500,15,dominating,0.25,none,D-EAA-ER,30,458.6333333333333,466.0,0.1466745069667619,2404.133333333333,1.0
unit,watts_strogatz,500,15,dominating,0.25,none,DWG,30,421.8,426.0,1.523371666333272,38748.96666666667,1.0
unit,watts_strogatz,500,15,dominating,0.25,none,MS-RG-WT,30,421.7,423.0,0.9504467798332068,22473.0,1.0
unit,watts_strogatz,500,15,dominating,0.5,none,CARE-DS,30,456.3666666666667,458.5,0.8742978441000256,2539.8,1.0
unit,watts_strogatz,500,15,dominating,0.5,none,D-EAA-ER,30,455.03333333333336,462.0,0.14170685226678564,2334.233333333333,1.0
unit,watts_strogatz,500,15,dominating,0.5,none,DWG,30,356.03333333333336,357.0,1.2966166480668107,32726.233333333334,1.0
unit,watts_strogatz,500,15,dominating,0.5,none,MS-RG-WT,30,385.1666666666667,387.0,0.8495998132001963,17148.833333333332,1.0
unit,watts_strogatz,500,25,connected,0.0,none,CARE-DS,30,702.4333333333333,701.5,10.788605919633271,28306.566666666666,1.0
unit,watts_strogatz,500,25,connected,0.0,none,D-EAA-ER,30,603.7666666666667,601.5,5.776030804600123,3221.5666666666666,1.0
unit,watts_strogatz,500,25,connected,0.0,none,DWG,30,774.9666666666667,777.0,3.576907873466492,53291.0,1.0
unit,watts_strogatz,500,25,connected,0.0,none,MS-RG-WT,30,702.2333333333333,699.0,10.959586063866725,32251.8,1.0
unit,watts_strogatz,500,25,connected,0.1,none,CARE-DS,30,669.1666666666666,666.5,9.995639109733263,5936.033333333334,1.0
unit,watts_strogatz,500,25,connected,0.1,none,D-EAA-ER,30,593.0333333333333,590.5,5.703898513366706,3254.133333333333,1.0
unit,watts_strogatz,500,25,connected,0.1,none,DWG,30,697.6333333333333,697.5,3.148013479366697,47777.666666666664,1.0
unit,watts_strogatz,500,25,connected,0.1,none,MS-RG-WT,30,646.0666666666667,644.5,10.351145485033582,34022.0,1.0
unit,watts_strogatz,500,25,connected,0.25,none,CARE-DS,30,649.7333333333333,648.5,10.671590585333403,4445.933333333333,1.0
unit,watts_strogatz,500,25,connected,0.25,none,D-EAA-ER,30,591.7,589.0,5.6868222281331935,3122.6666666666665,1.0
unit,watts_strogatz,500,25,connected,0.25,none,DWG,30,617.9,620.0,2.8762887082000814,42315.53333333333,1.0
unit,watts_strogatz,500,25,connected,0.25,none,MS-RG-WT,30,595.8333333333334,596.0,10.427246899399991,29697.766666666666,1.0
unit,watts_strogatz,500,25,connected,0.5,none,CARE-DS,30,623.6,621.0,8.992053522733265,3763.8,1.0
unit,watts_strogatz,500,25,connected,0.5,none,D-EAA-ER,30,583.8666666666667,582.0,5.42636841033321,2871.5666666666666,1.0
unit,watts_strogatz,500,25,connected,0.5,none,DWG,30,520.0333333333333,522.0,2.4821838302668158,35639.8,1.0
unit,watts_strogatz,500,25,connected,0.5,none,MS-RG-WT,30,539.0,542.5,9.44385861540001,23575.666666666668,1.0
unit,watts_strogatz,500,25,dominating,0.0,none,CARE-DS,30,817.3333333333334,819.5,3.108046194833393,24071.833333333332,1.0
unit,watts_strogatz,500,25,dominating,0.0,none,D-EAA-ER,30,750.3666666666667,746.0,0.2793356260001019,2788.3,1.0
unit,watts_strogatz,500,25,dominating,0.0,none,DWG,30,881.5333333333333,882.5,2.8792336747666316,54214.4,1.0
unit,watts_strogatz,500,25,dominating,0.0,none,MS-RG-WT,30,810.3,808.5,1.751918891033347,28654.133333333335,1.0
unit,watts_strogatz,500,25,dominating,0.1,none,CARE-DS,30,781.7333333333333,782.5,2.0330728514666894,4973.633333333333,1.0
unit,watts_strogatz,500,25,dominating,0.1,none,D-EAA-ER,30,737.7,738.5,0.2819460884664901,2808.8,1.0
unit,watts_strogatz,500,25,dominating,0.1,none,DWG,30,794.7333333333333,795.5,2.6077986856664817,48927.13333333333,1.0
unit,watts_strogatz,500,25,dominating,0.1,none,MS-RG-WT,30,741.9333333333333,735.5,1.5624892627000009,34870.066666666666,1.0
unit,watts_strogatz,500,25,dominating,0.25,none,CARE-DS,30,764.3666666666667,760.0,1.5038955747998746,3647.366666666667,1.0
unit,watts_strogatz,500,25,dominating,0.25,none,D-EAA-ER,30,735.6,734.5,0.29827599766655716,2798.6666666666665,1.0
unit,watts_strogatz,500,25,dominating,0.25,none,DWG,30,702.9666666666667,701.0,2.371168872233405,43330.46666666667,1.0
unit,watts_strogatz,500,25,dominating,0.25,none,MS-RG-WT,30,686.5333333333333,692.0,1.4070407278667214,28774.9,1.0
unit,watts_strogatz,500,25,dominating,0.5,none,CARE-DS,30,746.2,744.5,1.3359644078331863,3136.633333333333,1.0
unit,watts_strogatz,500,25,dominating,0.5,none,D-EAA-ER,30,724.9666666666667,725.5,0.2697397651667416,2564.2,1.0
unit,watts_strogatz,500,25,dominating,0.5,none,DWG,30,589.5333333333333,590.0,1.9347223307335903,36449.2,1.0
unit,watts_strogatz,500,25,dominating,0.5,none,MS-RG-WT,30,625.7333333333333,623.5,1.282962913166557,21953.7,1.0
unit,watts_strogatz,500,35,connected,0.0,none,CARE-DS,30,979.8,980.5,17.23644742490008,31229.9,1.0
unit,watts_strogatz,500,35,connected,0.0,none,D-EAA-ER,30,834.2333333333333,836.0,9.684580644200105,3122.4,1.0
unit,watts_strogatz,500,35,connected,0.0,none,DWG,30,1084.6333333333334,1088.0,5.0223645981997835,55152.36666666667,1.0
unit,watts_strogatz,500,35,connected,0.0,none,MS-RG-WT,30,980.1,984.0,18.79267653736691,37072.6,1.0
unit,watts_strogatz,500,35,connected,0.1,none,CARE-DS,30,936.6666666666666,938.5,15.775806939233371,6238.433333333333,1.0
unit,watts_strogatz,500,35,connected,0.1,none,D-EAA-ER,30,819.2333333333333,820.5,9.92047664823355,3187.5666666666666,1.0
unit,watts_strogatz,500,35,connected,0.1,none,DWG,30,976.3333333333334,976.5,4.5193347851,49515.53333333333,1.0
unit,watts_strogatz,500,35,connected,0.1,none,MS-RG-WT,30,897.7666666666667,897.0,18.151059671633387,37470.1,1.0
unit,watts_strogatz,500,35,connected,0.25,none,CARE-DS,30,909.9,907.5,15.449793613866525,4647.0,1.0
unit,watts_strogatz,500,35,connected,0.25,none,D-EAA-ER,30,817.5,817.5,10.01972655290004,3076.266666666667,1.0
unit,watts_strogatz,500,35,connected,0.25,none,DWG,30,860.7666666666667,863.5,4.0452432365332545,43676.53333333333,1.0
unit,watts_strogatz,500,35,connected,0.25,none,MS-RG-WT,30,823.2,824.0,17.78307575569979,32311.033333333333,1.0
unit,watts_strogatz,500,35,connected,0.5,none,CARE-DS,30,875.5666666666667,877.0,14.249220890666766,3934.7,1.0
unit,watts_strogatz,500,35,connected,0.5,none,D-EAA-ER,30,805.2,803.5,9.176838737899804,2721.7,1.0
unit,watts_strogatz,500,35,connected,0.5,none,DWG,30,721.1,720.5,3.47181912253321,36624.86666666667,1.0
unit,watts_strogatz,500,35,connected,0.5,none,MS-RG-WT,30,737.6666666666666,744.0,16.19677332186687,25977.4,1.0
unit,watts_strogatz,500,35,dominating,0.0,none,CARE-DS,30,1095.8333333333333,1095.0,4.115188196633001,27479.566666666666,1.0
unit,watts_strogatz,500,35,dominating,0.0,none,D-EAA-ER,30,1011.7666666666667,1018.5,0.4521894678332198,2977.9666666666667,1.0
unit,watts_strogatz,500,35,dominating,0.0,none,DWG,30,1196.5666666666666,1194.0,3.975752177033367,56189.9,1.0
unit,watts_strogatz,500,35,dominating,0.0,none,MS-RG-WT,30,1102.8,1103.5,2.5533005407668194,33188.23333333333,1.0
unit,watts_strogatz,500,35,dominating,0.1,none,CARE-DS,30,1056.0666666666666,1057.0,2.7225192478997995,5482.366666666667,1.0
unit,watts_strogatz,500,35,dominating,0.1,none,D-EAA-ER,30,992.5333333333333,993.5,0.4757388916332881,2943.8333333333335,1.0
unit,watts_strogatz,500,35,dominating,0.1,none,DWG,30,1079.3666666666666,1078.5,3.6148199136667243,50705.76666666667,1.0
unit,watts_strogatz,500,35,dominating,0.1,none,MS-RG-WT,30,1000.1333333333333,1002.0,2.1832638966669036,39100.36666666667,1.0
unit,watts_strogatz,500,35,dominating,0.25,none,CARE-DS,30,1034.3666666666666,1036.5,2.075805689933198,4065.6,1.0
unit,watts_strogatz,500,35,dominating,0.25,none,D-EAA-ER,30,991.2,994.0,0.4510079365666873,2925.3,1.0
unit,watts_strogatz,500,35,dominating,0.25,none,DWG,30,952.2666666666667,950.0,3.203897436466832,44867.13333333333,1.0
unit,watts_strogatz,500,35,dominating,0.25,none,MS-RG-WT,30,919.0333333333333,917.0,2.0980065074332743,32826.433333333334,1.0
unit,watts_strogatz,500,35,dominating,0.5,none,CARE-DS,30,1010.3,1011.5,1.7971586853002008,3356.366666666667,1.0
unit,watts_strogatz,500,35,dominating,0.5,none,D-EAA-ER,30,981.2666666666667,983.0,0.4437508695667323,2635.8333333333335,1.0
unit,watts_strogatz,500,35,dominating,0.5,none,DWG,30,794.1,795.5,2.6704105066664243,37513.0,1.0
unit,watts_strogatz,500,35,dominating,0.5,none,MS-RG-WT,30,830.5666666666667,828.5,1.845352725300048,25337.566666666666,1.0
radio,barabasi_albert,100,15,connected,0.0,none,CARE-DS,10,490.3,462.5,1.2764486783003122,3206.0,1.0
radio,barabasi_albert,100,15,connected,0.0,none,D-EAA-ER,10,441.8,424.0,0.11144179709990562,501.6,1.0
radio,barabasi_albert,100,15,connected,0.0,none,DWG,10,488.2,490.0,0.43735533010003563,8889.8,1.0
radio,barabasi_albert,100,15,connected,0.0,none,MS-RG-WT,10,508.2,487.5,0.38044433490003937,7559.4,1.0
radio,barabasi_albert,100,15,connected,0.0001,none,CARE-DS,10,476.9,455.5,0.8551175360998059,455.0,1.0
radio,barabasi_albert,100,15,connected,0.0001,none,D-EAA-ER,10,439.0,423.5,0.11868245239988932,481.6,1.0
radio,barabasi_albert,100,15,connected,0.0001,none,DWG,10,458.2,462.5,0.3998749624000083,8387.7,1.0
radio,barabasi_albert,100,15,connected,0.0001,none,MS-RG-WT,10,480.2,460.5,0.36226656079988967,7183.7,1.0
radio,barabasi_albert,100,15,dominating,0.0,none,CARE-DS,10,60.4,68.0,0.17958055200006123,239.5,1.0
radio,barabasi_albert,100,15,dominating,0.0,none,D-EAA-ER,10,24.6,19.5,0.006398457900013391,18.2,1.0
radio,barabasi_albert,100,15,dominating,0.0,none,DWG,10,34.7,35.5,0.02283657560019487,199.3,1.0
radio,barabasi_albert,100,15,dominating,0.0,none,EAA-static,10,31.5,27.5,0.01038385659994668,34.4,1.0
radio,barabasi_albert,100,15,dominating,0.0,none,EAAS-S4C-MAB-R,10,33.4,36.5,0.02259765380003951,953.5,1.0
radio,barabasi_albert,100,15,dominating,0.0,none,FSS-2026-R,10,38.9,39.0,0.510985941799845,30.3,1.0
radio,barabasi_albert,100,15,dominating,0.0,none,MS-RG-WT,10,37.4,41.0,0.031503720400178244,122.3,1.0
radio,barabasi_albert,100,15,dominating,0.0,none,PBIG-R,10,33.9,37.0,0.5112948669000617,43.1,1.0
radio,barabasi_albert,100,15,dominating,0.0001,none,CARE-DS,10,57.9,56.0,0.13497983369998107,49.2,1.0
radio,barabasi_albert,100,15,dominating,0.0001,none,D-EAA-ER,10,24.6,19.5,0.00567626359988931,18.2,1.0
radio,barabasi_albert,100,15,dominating,0.0001,none,DWG,10,34.7,36.5,0.02080672749989384,198.4,1.0
radio,barabasi_albert,100,15,dominating,0.0001,none,MS-RG-WT,10,39.2,40.0,0.03868961729995131,139.5,1.0
radio,barabasi_albert,100,25,connected,0.0,none,CARE-DS,10,778.3,774.5,1.9499223891999464,4908.4,1.0
radio,barabasi_albert,100,25,connected,0.0,none,D-EAA-ER,10,742.0,729.0,0.22017986850000848,659.7,1.0
radio,barabasi_albert,100,25,connected,0.0,none,DWG,10,802.6,788.0,0.5834359394999865,12324.5,1.0
radio,barabasi_albert,100,25,connected,0.0,none,MS-RG-WT,10,812.0,795.5,0.5278668571999333,10542.6,1.0
radio,barabasi_albert,100,25,connected,0.0001,none,CARE-DS,10,785.1,778.0,1.2182299335000608,577.6,1.0
radio,barabasi_albert,100,25,connected,0.0001,none,D-EAA-ER,10,745.1,720.0,0.22669662069997681,682.0,1.0
radio,barabasi_albert,100,25,connected,0.0001,none,DWG,10,755.1,748.0,0.6199412468998616,11670.0,1.0
radio,barabasi_albert,100,25,connected,0.0001,none,MS-RG-WT,10,770.6,764.5,0.5357593337000253,9748.6,1.0
radio,barabasi_albert,100,25,dominating,0.0,none,CARE-DS,10,126.3,138.0,0.24842987430010907,343.6,1.0
radio,barabasi_albert,100,25,dominating,0.0,none,D-EAA-ER,10,27.4,26.0,0.01019075250023884,14.8,1.0
radio,barabasi_albert,100,25,dominating,0.0,none,DWG,10,52.9,57.5,0.05517104119990104,338.1,1.0
radio,barabasi_albert,100,25,dominating,0.0,none,EAA-static,10,53.1,49.0,0.032370119899860536,45.8,1.0
radio,barabasi_albert,100,25,dominating,0.0,none,EAAS-S4C-MAB-R,10,54.4,57.5,0.07936575739995527,1206.6,1.0
radio,barabasi_albert,100,25,dominating,0.0,none,FSS-2026-R,10,106.0,97.5,0.5524935147998804,45.3,1.0
radio,barabasi_albert,100,25,dominating,0.0,none,MS-RG-WT,10,99.9,102.5,0.09469781970001345,277.6,1.0
radio,barabasi_albert,100,25,dominating,0.0,none,PBIG-R,10,83.9,76.5,0.5365940366999894,39.7,1.0
radio,barabasi_albert,100,25,dominating,0.0001,none,CARE-DS,10,111.0,122.0,0.14789097970005965,53.6,1.0
radio,barabasi_albert,100,25,dominating,0.0001,none,D-EAA-ER,10,27.4,26.0,0.010325410299901661,14.8,1.0
radio,barabasi_albert,100,25,dominating,0.0001,none,DWG,10,54.9,58.0,0.059825849499975416,366.3,1.0
radio,barabasi_albert,100,25,dominating,0.0001,none,MS-RG-WT,10,77.9,77.0,0.09430607720005352,226.8,1.0
radio,barabasi_albert,100,35,connected,0.0,none,CARE-DS,10,1452.0,1479.0,3.5933744528999343,7239.1,1.0
radio,barabasi_albert,100,35,connected,0.0,none,D-EAA-ER,10,1322.7,1347.0,0.45915287079992595,813.0,1.0
radio,barabasi_albert,100,35,connected,0.0,none,DWG,10,1516.5,1543.5,1.0437853568999345,18414.8,1.0
radio,barabasi_albert,100,35,connected,0.0,none,MS-RG-WT,10,1474.2,1515.5,0.9345228324998971,14503.5,1.0
radio,barabasi_albert,100,35,connected,0.0001,none,CARE-DS,10,1404.5,1453.5,2.318252202399981,670.9,1.0
radio,barabasi_albert,100,35,connected,0.0001,none,D-EAA-ER,10,1311.8,1317.5,0.4591823837999073,812.7,1.0
radio,barabasi_albert,100,35,connected,0.0001,none,DWG,10,1378.0,1401.5,0.9714787217000321,16732.0,1.0
radio,barabasi_albert,100,35,connected,0.0001,none,MS-RG-WT,10,1366.8,1405.5,0.945011660299997,13457.2,1.0
radio,barabasi_albert,100,35,dominating,0.0,none,CARE-DS,10,235.3,213.0,0.4454816989001301,375.1,1.0
radio,barabasi_albert,100,35,dominating,0.0,none,D-EAA-ER,10,75.1,97.0,0.01670843959991539,24.3,1.0
radio,barabasi_albert,100,35,dominating,0.0,none,DWG,10,118.0,125.5,0.08621847320000593,954.7,1.0
radio,barabasi_albert,100,35,dominating,0.0,none,EAA-static,10,117.2,111.0,0.0664854641999227,49.8,1.0
radio,barabasi_albert,100,35,dominating,0.0,none,EAAS-S4C-MAB-R,10,125.0,124.0,0.15036545439998006,2154.5,1.0
radio,barabasi_albert,100,35,dominating,0.0,none,FSS-2026-R,10,172.0,190.0,0.5836609862999467,43.6,1.0
radio,barabasi_albert,100,35,dominating,0.0,none,MS-RG-WT,10,178.3,144.5,0.11735219480005976,691.5,1.0
radio,barabasi_albert,100,35,dominating,0.0,none,PBIG-R,10,159.8,160.5,0.5914629881001019,49.5,1.0
radio,barabasi_albert,100,35,dominating,0.0001,none,CARE-DS,10,214.0,222.0,0.20069681719996874,69.1,1.0
radio,barabasi_albert,100,35,dominating,0.0001,none,D-EAA-ER,10,75.1,97.0,0.01465326709976576,24.3,1.0
radio,barabasi_albert,100,35,dominating,0.0001,none,DWG,10,114.1,119.5,0.10281696279980675,934.6,1.0
radio,barabasi_albert,100,35,dominating,0.0001,none,MS-RG-WT,10,170.8,145.0,0.12824610350007784,712.9,1.0
radio,barabasi_albert,250,15,connected,0.0,none,CARE-DS,10,386.2,380.5,5.471031785199921,7035.7,1.0
radio,barabasi_albert,250,15,connected,0.0,none,D-EAA-ER,10,365.4,363.5,0.5943475574998501,1589.1,1.0
radio,barabasi_albert,250,15,connected,0.0,none,DWG,10,401.6,395.0,1.0496615628000654,18496.9,1.0
radio,barabasi_albert,250,15,connected,0.0,none,MS-RG-WT,10,394.0,383.5,1.3015748232999158,15694.5,1.0
radio,barabasi_albert,250,15,connected,0.0001,none,CARE-DS,10,376.9,366.0,4.127971761000299,1664.2,1.0
radio,barabasi_albert,250,15,connected,0.0001,none,D-EAA-ER,10,357.6,358.5,0.6354684237998753,1535.3,1.0
radio,barabasi_albert,250,15,connected,0.0001,none,DWG,10,380.4,378.0,1.0244971492999866,17450.5,1.0
radio,barabasi_albert,250,15,connected,0.0001,none,MS-RG-WT,10,384.3,387.0,1.4458907507999357,15402.8,1.0
radio,barabasi_albert,250,15,dominating,0.0,none,CARE-DS,10,20.1,18.5,0.3514036612999917,111.5,1.0
radio,barabasi_albert,250,15,dominating,0.0,none,D-EAA-ER,10,7.5,7.0,0.018433128800097582,12.9,1.0
radio,barabasi_albert,250,15,dominating,0.0,none,DWG,10,15.0,14.5,0.052963850099786144,125.1,1.0
radio,barabasi_albert,250,15,dominating,0.0,none,EAA-static,10,11.0,10.0,0.04229165299993832,59.5,1.0
radio,barabasi_albert,250,15,dominating,0.0,none,EAAS-S4C-MAB-R,10,11.7,10.5,0.047170407499834185,793.6,1.0
radio,barabasi_albert,250,15,dominating,0.0,none,FSS-2026-R,10,16.6,17.5,0.530655247300001,24.1,1.0
radio,barabasi_albert,250,15,dominating,0.0,none,MS-RG-WT,10,16.3,17.5,0.10993599969988277,91.0,1.0
radio,barabasi_albert,250,15,dominating,0.0,none,PBIG-R,10,17.0,15.5,0.5471632341999794,28.6,1.0
radio,barabasi_albert,250,15,dominating,0.0001,none,CARE-DS,10,19.4,16.0,0.3548857887001759,35.0,1.0
radio,barabasi_albert,250,15,dominating,0.0001,none,D-EAA-ER,10,7.5,7.0,0.019184438500178598,12.9,1.0
radio,barabasi_albert,250,15,dominating,0.0001,none,DWG,10,14.2,13.5,0.03829504929990428,118.3,1.0
radio,barabasi_albert,250,15,dominating,0.0001,none,MS-RG-WT,10,18.4,19.5,0.126860637899972,124.0,1.0
radio,barabasi_albert,250,25,connected,0.0,none,CARE-DS,10,629.8,650.0,7.173339486999976,10780.5,1.0
radio,barabasi_albert,250,25,connected,0.0,none,D-EAA-ER,10,583.0,584.5,1.4148312549001276,2084.4,1.0
radio,barabasi_albert,250,25,connected,0.0,none,DWG,10,623.5,634.0,1.6940467023999646,24726.7,1.0
radio,barabasi_albert,250,25,connected,0.0,none,MS-RG-WT,10,629.2,637.5,2.227795449899986,22350.9,1.0
radio,barabasi_albert,250,25,connected,0.0001,none,CARE-DS,10,608.1,608.5,5.546894335599973,2228.4,1.0
radio,barabasi_albert,250,25,connected,0.0001,none,D-EAA-ER,10,581.3,596.5,1.4070675505000962,2201.5,1.0
radio,barabasi_albert,250,25,connected,0.0001,none,DWG,10,589.3,590.5,1.475608911900008,23319.1,1.0
radio,barabasi_albert,250,25,connected,0.0001,none,MS-RG-WT,10,607.7,604.5,2.2332035837000603,21192.9,1.0
radio,barabasi_albert,250,25,dominating,0.0,none,CARE-DS,10,37.0,37.5,0.2930424212999242,118.0,1.0
radio,barabasi_albert,250,25,dominating,0.0,none,D-EAA-ER,10,13.6,13.5,0.013311848599823812,17.2,1.0
radio,barabasi_albert,250,25,dominating,0.0,none,DWG,10,24.3,23.5,0.04419291849981159,213.7,1.0
radio,barabasi_albert,250,25,dominating,0.0,none,EAA-static,10,22.9,19.0,0.03637943189969513,79.8,1.0
radio,barabasi_albert,250,25,dominating,0.0,none,EAAS-S4C-MAB-R,10,23.2,21.5,0.0589303582999491,1309.6,1.0
radio,barabasi_albert,250,25,dominating,0.0,none,FSS-2026-R,10,31.3,28.0,0.5325888041998951,65.4,1.0
radio,barabasi_albert,250,25,dominating,0.0,none,MS-RG-WT,10,26.9,23.5,0.09524012179990674,121.2,1.0
radio,barabasi_albert,250,25,dominating,0.0,none,PBIG-R,10,27.2,25.5,0.5388099361998684,75.9,1.0
radio,barabasi_albert,250,25,dominating,0.0001,none,CARE-DS,10,36.7,37.0,0.24228363410011294,68.2,1.0
radio,barabasi_albert,250,25,dominating,0.0001,none,D-EAA-ER,10,13.5,13.5,0.01363505670005902,15.0,1.0
radio,barabasi_albert,250,25,dominating,0.0001,none,DWG,10,24.5,22.5,0.047630898100123845,228.7,1.0
radio,barabasi_albert,250,25,dominating,0.0001,none,MS-RG-WT,10,28.1,23.0,0.09441477479995222,154.7,1.0
radio,barabasi_albert,250,35,connected,0.0,none,CARE-DS,10,1024.8,1042.0,10.658195733899992,15878.2,1.0
radio,barabasi_albert,250,35,connected,0.0,none,D-EAA-ER,10,919.1,933.0,3.0444479214000695,2654.0,1.0
radio,barabasi_albert,250,35,connected,0.0,none,DWG,10,1044.3,1082.5,2.5508615284000826,32946.2,1.0
radio,barabasi_albert,250,35,connected,0.0,none,MS-RG-WT,10,1040.2,1064.0,3.790138719700008,28588.2,1.0
radio,barabasi_albert,250,35,connected,0.0001,none,CARE-DS,10,998.9,1007.5,9.199779853000019,2722.3,1.0
radio,barabasi_albert,250,35,connected,0.0001,none,D-EAA-ER,10,923.0,931.5,3.152829721499984,2752.1,1.0
radio,barabasi_albert,250,35,connected,0.0001,none,DWG,10,978.0,1021.0,2.467187221599943,30966.6,1.0
radio,barabasi_albert,250,35,connected,0.0001,none,MS-RG-WT,10,985.3,1007.5,3.706362033300138,26568.6,1.0
radio,barabasi_albert,250,35,dominating,0.0,none,CARE-DS,10,61.9,63.0,0.30832486099980083,242.0,1.0
radio,barabasi_albert,250,35,dominating,0.0,none,D-EAA-ER,10,15.7,15.0,0.017308112400132768,25.1,1.0
radio,barabasi_albert,250,35,dominating,0.0,none,DWG,10,31.4,35.0,0.04955184700011154,264.8,1.0
radio,barabasi_albert,250,35,dominating,0.0,none,EAA-static,10,32.7,28.0,0.04792350780007833,83.6,1.0
radio,barabasi_albert,250,35,dominating,0.0,none,EAAS-S4C-MAB-R,10,34.2,31.5,0.09609016410004181,1527.6,1.0
radio,barabasi_albert,250,35,dominating,0.0,none,FSS-2026-R,10,51.3,48.5,0.553417981199982,82.5,1.0
radio,barabasi_albert,250,35,dominating,0.0,none,MS-RG-WT,10,46.5,40.5,0.0839290335999976,129.6,1.0
radio,barabasi_albert,250,35,dominating,0.0,none,PBIG-R,10,48.1,44.5,0.5548801664997882,73.8,1.0
radio,barabasi_albert,250,35,dominating,0.0001,none,CARE-DS,10,75.4,74.0,0.2724757992000377,55.9,1.0
radio,barabasi_albert,250,35,dominating,0.0001,none,D-EAA-ER,10,15.7,15.0,0.01792938509997834,25.1,1.0
radio,barabasi_albert,250,35,dominating,0.0001,none,DWG,10,31.1,33.5,0.05019420620010345,260.4,1.0
radio,barabasi_albert,250,35,dominating,0.0001,none,MS-RG-WT,10,36.5,32.0,0.09187395660001126,136.1,1.0
radio,barabasi_albert,500,15,connected,0.0,none,CARE-DS,10,330.4,339.5,20.267204457000027,14623.2,1.0
radio,barabasi_albert,500,15,connected,0.0,none,D-EAA-ER,10,308.0,311.5,3.216701059499974,3190.9,1.0
radio,barabasi_albert,500,15,connected,0.0,none,DWG,10,326.0,318.5,2.629900770499944,29841.4,1.0
radio,barabasi_albert,500,15,connected,0.0,none,MS-RG-WT,10,325.7,333.5,5.703916500599962,27392.5,1.0
radio,barabasi_albert,500,15,connected,0.0001,none,CARE-DS,10,321.0,334.0,16.66915881570021,3973.3,1.0
radio,barabasi_albert,500,15,connected,0.0001,none,D-EAA-ER,10,309.3,317.0,2.9096438107999347,3237.3,1.0
radio,barabasi_albert,500,15,connected,0.0001,none,DWG,10,311.0,306.5,2.388418842700048,28213.4,1.0
radio,barabasi_albert,500,15,connected,0.0001,none,MS-RG-WT,10,319.0,327.0,6.313128451499961,26474.9,1.0
radio,barabasi_albert,500,15,dominating,0.0,none,CARE-DS,10,9.9,8.0,0.6891103003999888,77.0,1.0
radio,barabasi_albert,500,15,dominating,0.0,none,D-EAA-ER,10,4.9,5.0,0.03631949350001372,11.7,1.0
radio,barabasi_albert,500,15,dominating,0.0,none,DWG,10,7.6,7.5,0.05784355169998885,113.0,1.0
radio,barabasi_albert,500,15,dominating,0.0,none,EAA-static,10,5.4,5.0,0.07192876089993656,15.1,1.0
radio,barabasi_albert,500,15,dominating,0.0,none,EAAS-S4C-MAB-R,10,4.7,5.0,0.1011310955000226,558.4,1.0
radio,barabasi_albert,500,15,dominating,0.0,none,FSS-2026-R,10,7.9,9.0,0.5773388265998619,27.8,1.0
radio,barabasi_albert,500,15,dominating,0.0,none,MS-RG-WT,10,7.6,6.5,0.2609629348001362,122.2,1.0
radio,barabasi_albert,500,15,dominating,0.0,none,PBIG-R,10,8.1,6.0,0.6798045509000076,33.7,1.0
radio,barabasi_albert,500,15,dominating,0.0001,none,CARE-DS,10,10.5,9.5,0.7911672785999144,57.9,1.0
radio,barabasi_albert,500,15,dominating,0.0001,none,D-EAA-ER,10,4.9,5.0,0.037849615200138895,11.7,1.0
radio,barabasi_albert,500,15,dominating,0.0001,none,DWG,10,7.6,7.5,0.062030309000147055,113.5,1.0
radio,barabasi_albert,500,15,dominating,0.0001,none,MS-RG-WT,10,7.6,6.5,0.25827034959984296,79.2,1.0
radio,barabasi_albert,500,25,connected,0.0,none,CARE-DS,10,534.8,546.0,30.516078289600046,19939.9,1.0
radio,barabasi_albert,500,25,connected,0.0,none,D-EAA-ER,10,504.2,485.0,6.920872464100012,4989.3,1.0
radio,barabasi_albert,500,25,connected,0.0,none,DWG,10,533.7,537.5,3.949914119100049,42630.1,1.0
radio,barabasi_albert,500,25,connected,0.0,none,MS-RG-WT,10,543.3,558.5,9.823085965300061,40315.9,1.0
radio,barabasi_albert,500,25,connected,0.0001,none,CARE-DS,10,530.0,530.5,29.630322087899913,5360.4,1.0
radio,barabasi_albert,500,25,connected,0.0001,none,D-EAA-ER,10,493.6,471.5,6.7302023548000305,4865.6,1.0
radio,barabasi_albert,500,25,connected,0.0001,none,DWG,10,509.5,510.5,3.869346247700014,40655.4,1.0
radio,barabasi_albert,500,25,connected,0.0001,none,MS-RG-WT,10,519.7,519.5,8.757940869800041,38375.8,1.0
radio,barabasi_albert,500,25,dominating,0.0,none,CARE-DS,10,16.3,14.0,0.6828584364000563,94.0,1.0
radio,barabasi_albert,500,25,dominating,0.0,none,D-EAA-ER,10,5.9,5.5,0.04599433140010656,21.4,1.0
radio,barabasi_albert,500,25,dominating,0.0,none,DWG,10,10.2,8.0,0.0632324557000174,137.4,1.0
radio,barabasi_albert,500,25,dominating,0.0,none,EAA-static,10,7.3,6.0,0.08958010229998759,22.9,1.0
radio,barabasi_albert,500,25,dominating,0.0,none,EAAS-S4C-MAB-R,10,7.3,7.0,0.15612892520011878,741.1,1.0
radio,barabasi_albert,500,25,dominating,0.0,none,FSS-2026-R,10,19.7,20.5,0.5974541403998955,50.1,1.0
radio,barabasi_albert,500,25,dominating,0.0,none,MS-RG-WT,10,10.3,9.0,0.24151028079986642,151.7,1.0
radio,barabasi_albert,500,25,dominating,0.0,none,PBIG-R,10,11.3,10.0,0.6671513793999111,46.4,1.0
radio,barabasi_albert,500,25,dominating,0.0001,none,CARE-DS,10,16.0,15.0,0.5704191215998435,45.2,1.0
radio,barabasi_albert,500,25,dominating,0.0001,none,D-EAA-ER,10,5.9,5.5,0.0473266566999882,21.4,1.0
radio,barabasi_albert,500,25,dominating,0.0001,none,DWG,10,10.1,8.0,0.0608975586997985,139.2,1.0
radio,barabasi_albert,500,25,dominating,0.0001,none,MS-RG-WT,10,11.1,10.5,0.2290725380998083,176.2,1.0
radio,barabasi_albert,500,35,connected,0.0,none,CARE-DS,10,923.4,911.5,44.6247878187999,31014.6,1.0
radio,barabasi_albert,500,35,connected,0.0,none,D-EAA-ER,10,825.8,839.0,16.07021894510003,6433.0,1.0
radio,barabasi_albert,500,35,connected,0.0,none,DWG,10,931.1,919.0,6.66380693400024,60971.1,1.0
radio,barabasi_albert,500,35,connected,0.0,none,MS-RG-WT,10,927.9,940.5,15.461530483599972,54660.1,1.0
radio,barabasi_albert,500,35,connected,0.0001,none,CARE-DS,10,898.9,906.0,37.018295759400004,6850.6,1.0
radio,barabasi_albert,500,35,connected,0.0001,none,D-EAA-ER,10,823.1,805.0,15.663226245199985,6695.3,1.0
radio,barabasi_albert,500,35,connected,0.0001,none,DWG,10,868.7,890.0,6.206277518500156,56659.2,1.0
radio,barabasi_albert,500,35,connected,0.0001,none,MS-RG-WT,10,876.4,878.0,15.361446646399827,51145.5,1.0
radio,barabasi_albert,500,35,dominating,0.0,none,CARE-DS,10,22.2,22.5,0.5992085315000623,95.5,1.0
radio,barabasi_albert,500,35,dominating,0.0,none,D-EAA-ER,10,9.2,9.5,0.07271626570018266,33.2,1.0
radio,barabasi_albert,500,35,dominating,0.0,none,DWG,10,16.1,15.0,0.14960548449998895,198.8,1.0
radio,barabasi_albert,500,35,dominating,0.0,none,EAA-static,10,15.1,15.0,0.22531980170015226,112.1,1.0
radio,barabasi_albert,500,35,dominating,0.0,none,EAAS-S4C-MAB-R,10,16.9,18.0,0.40111870310011,1490.4,1.0
radio,barabasi_albert,500,35,dominating,0.0,none,FSS-2026-R,10,28.7,27.0,0.9352113076000024,84.2,1.0
radio,barabasi_albert,500,35,dominating,0.0,none,MS-RG-WT,10,13.7,11.0,0.3093437718998757,122.7,1.0
radio,barabasi_albert,500,35,dominating,0.0,none,PBIG-R,10,21.9,22.0,0.9430050327997378,105.5,1.0
radio,barabasi_albert,500,35,dominating,0.0001,none,CARE-DS,10,22.0,20.5,0.5096734379000736,54.2,1.0
radio,barabasi_albert,500,35,dominating,0.0001,none,D-EAA-ER,10,9.2,9.5,0.09827710170002316,33.2,1.0
radio,barabasi_albert,500,35,dominating,0.0001,none,DWG,10,16.4,16.0,0.16090515019996016,209.9,1.0
radio,barabasi_albert,500,35,dominating,0.0001,none,MS-RG-WT,10,17.2,17.5,0.3369277123001666,167.2,1.0
radio,clustered,100,15,connected,0.0,none,CARE-DS,10,487.3,509.5,0.7549058673000217,1959.4,1.0
radio,clustered,100,15,connected,0.0,none,D-EAA-ER,10,484.7,517.5,0.043059912600028796,184.6,1.0
radio,clustered,100,15,connected,0.0,none,DWG,10,500.8,515.0,0.5544520078999767,11093.1,1.0
radio,clustered,100,15,connected,0.0,none,MS-RG-WT,10,501.1,521.0,0.332257074999984,6917.0,1.0
radio,clustered,100,15,connected,0.0001,none,CARE-DS,10,485.6,518.0,0.5883027267002034,177.6,1.0
radio,clustered,100,15,connected,0.0001,none,D-EAA-ER,10,483.9,516.5,0.05007572090000845,182.1,1.0
radio,clustered,100,15,connected,0.0001,none,DWG,10,462.5,497.5,0.50935583090004,10206.6,1.0
radio,clustered,100,15,connected,0.0001,none,MS-RG-WT,10,470.0,484.5,0.3069612238999752,5659.5,1.0
radio,clustered,100,15,dominating,0.0,none,CARE-DS,10,164.7,154.5,0.19137357120016527,211.6,1.0
radio,clustered,100,15,dominating,0.0,none,D-EAA-ER,10,89.5,87.5,0.01007051160008808,17.3,1.0
radio,clustered,100,15,dominating,0.0,none,DWG,10,116.4,104.5,0.13900415179991793,1344.3,1.0
radio,clustered,100,15,dominating,0.0,none,EAA-static,10,120.4,122.0,0.016895920900014922,16.7,1.0
radio,clustered,100,15,dominating,0.0,none,EAAS-S4C-MAB-R,10,123.0,125.5,0.04456024549995159,2737.8,1.0
radio,clustered,100,15,dominating,0.0,none,FSS-2026-R,10,136.9,125.5,0.5190577011000641,27.9,1.0
radio,clustered,100,15,dominating,0.0,none,MS-RG-WT,10,154.5,134.0,0.07779183530005859,708.7,1.0
radio,clustered,100,15,dominating,0.0,none,PBIG-R,10,130.7,117.5,0.5196600350000153,15.9,1.0
radio,clustered,100,15,dominating,0.0001,none,CARE-DS,10,172.9,168.0,0.13947356969993047,46.5,1.0
radio,clustered,100,15,dominating,0.0001,none,D-EAA-ER,10,89.5,87.5,0.01139084560004444,17.3,1.0
radio,clustered,100,15,dominating,0.0001,none,DWG,10,115.3,102.0,0.11732023519998616,1323.9,1.0
radio,clustered,100,15,dominating,0.0001,none,MS-RG-WT,10,150.1,132.0,0.09299266149992032,545.3,1.0
radio,clustered,100,25,connected,0.0,none,CARE-DS,10,1256.6,1219.5,1.8281447656999261,2353.5,1.0
radio,clustered,100,25,connected,0.0,none,D-EAA-ER,10,1248.7,1164.0,0.16934008449998142,349.4,1.0
radio,clustered,100,25,connected,0.0,none,DWG,10,1328.3,1307.5,0.9347934148999684,19401.1,1.0
radio,clustered,100,25,connected,0.0,none,MS-RG-WT,10,1349.5,1302.5,0.768592085000023,15020.8,1.0
radio,clustered,100,25,connected,0.0001,none,CARE-DS,10,1273.8,1268.0,1.3109518447001391,352.4,1.0
radio,clustered,100,25,connected,0.0001,none,D-EAA-ER,10,1248.6,1162.0,0.1673899785999765,357.3,1.0
radio,clustered,100,25,connected,0.0001,none,DWG,10,1171.1,1142.0,0.855337958899986,17114.5,1.0
radio,clustered,100,25,connected,0.0001,none,MS-RG-WT,10,1210.0,1158.0,0.7345297598000343,12826.6,1.0
radio,clustered,100,25,dominating,0.0,none,CARE-DS,10,306.8,300.5,0.3169633331998739,268.2,1.0
radio,clustered,100,25,dominating,0.0,none,D-EAA-ER,10,120.2,95.0,0.01492571080007106,15.1,1.0
radio,clustered,100,25,dominating,0.0,none,DWG,10,145.4,148.5,0.10163599920001613,1374.7,1.0
radio,clustered,100,25,dominating,0.0,none,EAA-static,10,274.8,286.0,0.0643403224000394,29.0,1.0
radio,clustered,100,25,dominating,0.0,none,EAAS-S4C-MAB-R,10,279.4,272.5,0.19194501399992983,3650.6,1.0
radio,clustered,100,25,dominating,0.0,none,FSS-2026-R,10,288.6,301.0,0.5822428553999088,40.9,1.0
radio,clustered,100,25,dominating,0.0,none,MS-RG-WT,10,280.1,275.5,0.11652796630010012,1057.1,1.0
radio,clustered,100,25,dominating,0.0,none,PBIG-R,10,287.4,304.5,0.5951081810999312,34.7,1.0
radio,clustered,100,25,dominating,0.0001,none,CARE-DS,10,324.6,319.0,0.20030311300015452,64.3,1.0
radio,clustered,100,25,dominating,0.0001,none,D-EAA-ER,10,121.7,95.0,0.01292103970004059,16.3,1.0
radio,clustered,100,25,dominating,0.0001,none,DWG,10,142.8,146.0,0.09788131919990514,1366.1,1.0
radio,clustered,100,25,dominating,0.0001,none,MS-RG-WT,10,279.6,255.5,0.13313790319989488,977.2,1.0
radio,clustered,100,35,connected,0.0,none,CARE-DS,10,2253.2,2152.5,2.9447117013000024,3117.7,1.0
radio,clustered,100,35,connected,0.0,none,D-EAA-ER,10,2365.0,2191.5,0.4296890803000224,492.7,1.0
radio,clustered,100,35,connected,0.0,none,DWG,10,2370.0,2253.0,1.487447654300081,23872.8,1.0
radio,clustered,100,35,connected,0.0,none,MS-RG-WT,10,2476.5,2313.5,1.4615541527000004,19071.2,1.0
radio,clustered,100,35,connected,0.0001,none,CARE-DS,10,2281.3,2191.0,1.9352749428998322,450.3,1.0
radio,clustered,100,35,connected,0.0001,none,D-EAA-ER,10,2358.9,2205.0,0.4079297393000161,486.7,1.0
radio,clustered,100,35,connected,0.0001,none,DWG,10,2096.5,2007.0,1.3119244735000166,21164.5,1.0
radio,clustered,100,35,connected,0.0001,none,MS-RG-WT,10,2251.9,2115.0,1.4308378018999974,16934.4,1.0
radio,clustered,100,35,dominating,0.0,none,CARE-DS,10,527.9,541.5,0.4066054904998964,365.7,1.0
radio,clustered,100,35,dominating,0.0,none,D-EAA-ER,10,209.2,207.0,0.01762267840008458,22.1,1.0
radio,clustered,100,35,dominating,0.0,none,DWG,10,231.5,231.0,0.1059407524000107,1810.9,1.0
radio,clustered,100,35,dominating,0.0,none,EAA-static,10,532.8,545.5,0.21533881620007378,45.3,1.0
radio,clustered,100,35,dominating,0.0,none,EAAS-S4C-MAB-R,10,535.6,536.5,0.5023027678000289,4905.0,1.0
radio,clustered,100,35,dominating,0.0,none,FSS-2026-R,10,456.1,482.5,0.6690414525999586,40.2,1.0
radio,clustered,100,35,dominating,0.0,none,MS-RG-WT,10,440.5,360.0,0.12364075659997972,1602.1,1.0
radio,clustered,100,35,dominating,0.0,none,PBIG-R,10,543.0,546.0,0.7312687712000298,45.0,1.0
radio,clustered,100,35,dominating,0.0001,none,CARE-DS,10,527.1,540.5,0.2630924745000811,72.4,1.0
radio,clustered,100,35,dominating,0.0001,none,D-EAA-ER,10,209.0,207.0,0.020110997300071133,22.1,1.0
radio,clustered,100,35,dominating,0.0001,none,DWG,10,214.6,216.0,0.10567560959998441,1670.9,1.0
radio,clustered,100,35,dominating,0.0001,none,MS-RG-WT,10,404.5,396.0,0.13161433510003914,1474.6,1.0
radio,clustered,250,15,connected,0.0,none,CARE-DS,10,305.7,302.5,2.570922528099982,3309.3,1.0
radio,clustered,250,15,connected,0.0,none,D-EAA-ER,10,283.7,282.5,0.1395193854999206,213.0,1.0
radio,clustered,250,15,connected,0.0,none,DWG,10,304.0,308.5,1.4986308842000198,15449.1,1.0
radio,clustered,250,15,connected,0.0,none,MS-RG-WT,10,307.9,299.0,1.180500973600033,7467.9,1.0
radio,clustered,250,15,connected,0.0001,none,CARE-DS,10,300.0,272.5,2.277067522000016,274.6,1.0
radio,clustered,250,15,connected,0.0001,none,D-EAA-ER,10,283.3,282.0,0.14848137209994544,209.4,1.0
radio,clustered,250,15,connected,0.0001,none,DWG,10,274.6,269.0,1.4229458625000233,13588.8,1.0
radio,clustered,250,15,connected,0.0001,none,MS-RG-WT,10,288.3,268.5,1.2061437406999858,6006.9,1.0
radio,clustered,250,15,dominating,0.0,none,CARE-DS,10,100.7,106.5,0.47221701899998153,888.9,1.0
radio,clustered,250,15,dominating,0.0,none,D-EAA-ER,10,69.9,67.5,0.01841043400008853,16.5,1.0
radio,clustered,250,15,dominating,0.0,none,DWG,10,87.7,77.5,0.34868215360006616,1874.7,1.0
radio,clustered,250,15,dominating,0.0,none,EAA-static,10,95.1,77.5,0.02300472409997378,29.7,1.0
radio,clustered,250,15,dominating,0.0,none,EAAS-S4C-MAB-R,10,95.9,89.5,0.04492579380007553,4721.2,1.0
radio,clustered,250,15,dominating,0.0,none,FSS-2026-R,10,91.6,88.5,0.5182963356000073,31.6,1.0
radio,clustered,250,15,dominating,0.0,none,MS-RG-WT,10,93.5,83.0,0.19439619879995002,233.5,1.0
radio,clustered,250,15,dominating,0.0,none,PBIG-R,10,88.0,75.0,0.5354992855001001,35.7,1.0
radio,clustered,250,15,dominating,0.0001,none,CARE-DS,10,105.6,106.0,0.31825633389971697,69.0,1.0
radio,clustered,250,15,dominating,0.0001,none,D-EAA-ER,10,69.9,67.5,0.02171683649994515,16.5,1.0
radio,clustered,250,15,dominating,0.0001,none,DWG,10,87.3,78.0,0.39474250379998915,1908.4,1.0
radio,clustered,250,15,dominating,0.0001,none,MS-RG-WT,10,91.0,80.5,0.25195471329998326,197.3,1.0
radio,clustered,250,25,connected,0.0,none,CARE-DS,10,824.2,806.0,8.358371296199948,7462.6,1.0
radio,clustered,250,25,connected,0.0,none,D-EAA-ER,10,759.6,798.5,0.5176048508000122,498.5,1.0
radio,clustered,250,25,connected,0.0,none,DWG,10,813.8,786.5,3.439454492300024,34711.6,1.0
radio,clustered,250,25,connected,0.0,none,MS-RG-WT,10,806.3,759.0,3.094664473500006,21712.7,1.0
radio,clustered,250,25,connected,0.0001,none,CARE-DS,10,809.0,730.5,6.1795164243001635,583.6,1.0
radio,clustered,250,25,connected,0.0001,none,D-EAA-ER,10,757.9,796.5,0.46828473889997896,488.9,1.0
radio,clustered,250,25,connected,0.0001,none,DWG,10,687.1,695.5,2.739014442000007,29188.9,1.0
radio,clustered,250,25,connected,0.0001,none,MS-RG-WT,10,719.5,693.5,2.543271517099993,17603.6,1.0
radio,clustered,250,25,dominating,0.0,none,CARE-DS,10,226.3,210.5,0.9460721715000545,754.8,1.0
radio,clustered,250,25,dominating,0.0,none,D-EAA-ER,10,130.0,124.5,0.12340373979995996,48.3,1.0
radio,clustered,250,25,dominating,0.0,none,DWG,10,166.6,172.5,0.9627735491000748,3862.8,1.0
radio,clustered,250,25,dominating,0.0,none,EAA-static,10,154.0,140.0,0.08027369960000211,57.3,1.0
radio,clustered,250,25,dominating,0.0,none,EAAS-S4C-MAB-R,10,159.1,158.0,0.3698599097000169,5781.6,1.0
radio,clustered,250,25,dominating,0.0,none,FSS-2026-R,10,144.9,143.0,0.6067291504999502,47.6,1.0
radio,clustered,250,25,dominating,0.0,none,MS-RG-WT,10,222.2,234.5,0.5093336835000173,1850.7,1.0
radio,clustered,250,25,dominating,0.0,none,PBIG-R,10,148.6,143.0,0.7123391337000612,47.0,1.0
radio,clustered,250,25,dominating,0.0001,none,CARE-DS,10,215.1,224.0,0.7524239414999101,126.4,1.0
radio,clustered,250,25,dominating,0.0001,none,D-EAA-ER,10,130.0,124.5,0.06502590230006713,48.5,1.0
radio,clustered,250,25,dominating,0.0001,none,DWG,10,161.7,159.0,1.0266067435999957,3746.3,1.0
radio,clustered,250,25,dominating,0.0001,none,MS-RG-WT,10,209.2,216.0,0.4059157461000268,1510.9,1.0
radio,clustered,250,35,connected,0.0,none,CARE-DS,10,1251.4,1413.5,14.430743779099885,5372.2,1.0
radio,clustered,250,35,connected,0.0,none,D-EAA-ER,10,1045.3,1116.0,0.7638807615999668,533.0,1.0
radio,clustered,250,35,connected,0.0,none,DWG,10,1155.6,1255.0,4.860928715600039,39433.4,1.0
radio,clustered,250,35,connected,0.0,none,MS-RG-WT,10,1174.1,1293.0,4.806430493899984,28210.0,1.0
radio,clustered,250,35,connected,0.0001,none,CARE-DS,10,1205.5,1291.0,8.782122178399913,645.1,1.0
radio,clustered,250,35,connected,0.0001,none,D-EAA-ER,10,1038.9,1110.5,0.7916595280000138,522.7,1.0
radio,clustered,250,35,connected,0.0001,none,DWG,10,923.9,991.0,4.135647118600036,31305.0,1.0
radio,clustered,250,35,connected,0.0001,none,MS-RG-WT,10,1000.4,1122.0,4.496003215700012,21198.7,1.0
radio,clustered,250,35,dominating,0.0,none,CARE-DS,10,309.9,319.0,1.5515946668999276,617.7,1.0
radio,clustered,250,35,dominating,0.0,none,D-EAA-ER,10,126.1,116.0,0.03438536539988485,34.0,1.0
radio,clustered,250,35,dominating,0.0,none,DWG,10,172.5,187.5,0.4948760153000421,3377.6,1.0
radio,clustered,250,35,dominating,0.0,none,EAA-static,10,193.4,177.0,0.07791018190005157,42.8,1.0
radio,clustered,250,35,dominating,0.0,none,EAAS-S4C-MAB-R,10,220.9,233.5,0.16405448760006033,6396.2,1.0
radio,clustered,250,35,dominating,0.0,none,FSS-2026-R,10,164.1,161.5,0.5456302917000813,46.1,1.0
radio,clustered,250,35,dominating,0.0,none,MS-RG-WT,10,271.7,317.5,0.34343143829996736,2120.8,1.0
radio,clustered,250,35,dominating,0.0,none,PBIG-R,10,214.7,205.0,0.5967702689998987,53.0,1.0
radio,clustered,250,35,dominating,0.0001,none,CARE-DS,10,306.2,304.0,1.0440897022999707,149.9,1.0
radio,clustered,250,35,dominating,0.0001,none,D-EAA-ER,10,126.0,116.0,0.03058643789995581,34.0,1.0
radio,clustered,250,35,dominating,0.0001,none,DWG,10,163.6,182.5,0.46517589010004484,3216.3,1.0
radio,clustered,250,35,dominating,0.0001,none,MS-RG-WT,10,271.6,299.0,0.3401987400000507,2046.3,1.0
radio,clustered,500,15,connected,0.0,none,CARE-DS,10,173.9,154.0,9.404033766899829,4472.1,1.0
radio,clustered,500,15,connected,0.0,none,D-EAA-ER,10,173.6,152.5,0.5097859865999907,199.5,1.0
radio,clustered,500,15,connected,0.0,none,DWG,10,172.1,152.5,4.215320642200004,14048.8,1.0
radio,clustered,500,15,connected,0.0,none,MS-RG-WT,10,174.3,153.5,3.8041321264000088,5481.7,1.0
radio,clustered,500,15,connected,0.0001,none,CARE-DS,10,174.1,154.0,9.386499204899973,232.1,1.0
radio,clustered,500,15,connected,0.0001,none,D-EAA-ER,10,173.6,152.5,0.4883924592000085,199.4,1.0
radio,clustered,500,15,connected,0.0001,none,DWG,10,172.2,152.5,3.972371042199961,14236.2,1.0
radio,clustered,500,15,connected,0.0001,none,MS-RG-WT,10,174.1,153.0,3.613467775900017,4594.8,1.0
radio,clustered,500,15,dominating,0.0,none,CARE-DS,10,75.0,66.0,1.1833056617999318,667.5,1.0
radio,clustered,500,15,dominating,0.0,none,D-EAA-ER,10,53.8,58.0,0.07287052940009739,26.3,1.0
radio,clustered,500,15,dominating,0.0,none,DWG,10,69.0,65.0,1.1492768049999995,2818.9,1.0
radio,clustered,500,15,dominating,0.0,none,EAA-static,10,66.1,64.5,0.060159254999962254,38.2,1.0
radio,clustered,500,15,dominating,0.0,none,EAAS-S4C-MAB-R,10,71.7,72.5,0.12378614460003515,6067.8,1.0
radio,clustered,500,15,dominating,0.0,none,FSS-2026-R,10,69.0,64.0,0.5646644254999955,56.8,1.0
radio,clustered,500,15,dominating,0.0,none,MS-RG-WT,10,64.2,63.5,0.5672688597000615,186.5,1.0
radio,clustered,500,15,dominating,0.0,none,PBIG-R,10,62.1,63.5,0.6744246868000119,37.7,1.0
radio,clustered,500,15,dominating,0.0001,none,CARE-DS,10,60.4,64.0,0.846487098200123,42.5,1.0
radio,clustered,500,15,dominating,0.0001,none,D-EAA-ER,10,53.8,58.0,0.069316421799931,26.3,1.0
radio,clustered,500,15,dominating,0.0001,none,DWG,10,68.6,65.0,1.3278021048000028,2770.6,1.0
radio,clustered,500,15,dominating,0.0001,none,MS-RG-WT,10,63.0,63.0,0.9654175621000377,183.4,1.0
radio,clustered,500,25,connected,0.0,none,CARE-DS,10,388.6,329.5,17.58775506439979,3255.9,1.0
radio,clustered,500,25,connected,0.0,none,D-EAA-ER,10,366.0,324.5,1.3126256218999515,423.3,1.0
radio,clustered,500,25,connected,0.0,none,DWG,10,392.9,322.0,7.195474039200031,30900.7,1.0
radio,clustered,500,25,connected,0.0,none,MS-RG-WT,10,401.6,329.0,9.249258053599965,14130.6,1.0
radio,clustered,500,25,connected,0.0001,none,CARE-DS,10,395.4,329.5,17.585339450300033,566.5,1.0
radio,clustered,500,25,connected,0.0001,none,D-EAA-ER,10,366.7,324.5,1.2492274037000244,436.8,1.0
radio,clustered,500,25,connected,0.0001,none,DWG,10,362.4,294.0,6.481009497300056,28340.7,1.0
radio,clustered,500,25,connected,0.0001,none,MS-RG-WT,10,378.2,321.0,8.520462651099933,11317.1,1.0
radio,clustered,500,25,dominating,0.0,none,CARE-DS,10,117.8,105.5,1.4708726508000836,880.0,1.0
radio,clustered,500,25,dominating,0.0,none,D-EAA-ER,10,92.1,99.0,0.08584690300017424,75.2,1.0
radio,clustered,500,25,dominating,0.0,none,DWG,10,101.5,107.5,3.318828931299913,4407.6,1.0
radio,clustered,500,25,dominating,0.0,none,EAA-static,10,106.8,101.0,0.08691621180009858,75.4,1.0
radio,clustered,500,25,dominating,0.0,none,EAAS-S4C-MAB-R,10,114.9,116.5,0.19725873740021593,7919.4,1.0
radio,clustered,500,25,dominating,0.0,none,FSS-2026-R,10,106.3,108.0,0.5712362313999165,75.1,1.0
radio,clustered,500,25,dominating,0.0,none,MS-RG-WT,10,111.6,103.0,0.7450070943997616,772.5,1.0
radio,clustered,500,25,dominating,0.0,none,PBIG-R,10,104.6,104.5,0.7479632947000028,49.5,1.0
radio,clustered,500,25,dominating,0.0001,none,CARE-DS,10,120.1,110.0,1.1502055275998828,127.1,1.0
radio,clustered,500,25,dominating,0.0001,none,D-EAA-ER,10,92.1,99.0,0.09739599750018893,75.2,1.0
radio,clustered,500,25,dominating,0.0001,none,DWG,10,98.5,104.5,1.6625389507998534,4237.7,1.0
radio,clustered,500,25,dominating,0.0001,none,MS-RG-WT,10,105.0,107.0,1.2677223457998934,541.1,1.0
radio,clustered,500,35,connected,0.0,none,CARE-DS,10,476.4,487.0,24.287159699400036,6469.3,1.0
radio,clustered,500,35,connected,0.0,none,D-EAA-ER,10,457.3,488.0,1.8969672465000258,423.7,1.0
radio,clustered,500,35,connected,0.0,none,DWG,10,462.6,490.0,9.587505106399977,29361.0,1.0
radio,clustered,500,35,connected,0.0,none,MS-RG-WT,10,478.5,521.0,12.014148850499941,13817.0,1.0
radio,clustered,500,35,connected,0.0001,none,CARE-DS,10,462.7,437.5,24.76215565580005,446.0,1.0
radio,clustered,500,35,connected,0.0001,none,D-EAA-ER,10,456.7,488.5,1.8635293545000422,425.8,1.0
radio,clustered,500,35,connected,0.0001,none,DWG,10,424.9,453.0,8.573115691700014,26878.1,1.0
radio,clustered,500,35,connected,0.0001,none,MS-RG-WT,10,447.5,475.5,11.43855777150004,11153.3,1.0
radio,clustered,500,35,dominating,0.0,none,CARE-DS,10,143.7,151.5,1.4835507267001957,1612.3,1.0
radio,clustered,500,35,dominating,0.0,none,D-EAA-ER,10,79.6,80.0,0.05776810780007504,32.7,1.0
radio,clustered,500,35,dominating,0.0,none,DWG,10,119.9,118.5,1.2117471706000287,4611.2,1.0
radio,clustered,500,35,dominating,0.0,none,EAA-static,10,105.9,103.0,0.05847570249998165,45.8,1.0
radio,clustered,500,35,dominating,0.0,none,EAAS-S4C-MAB-R,10,106.4,109.5,0.14078666609993884,5427.5,1.0
radio,clustered,500,35,dominating,0.0,none,FSS-2026-R,10,108.4,118.5,0.5673999497001205,33.1,1.0
radio,clustered,500,35,dominating,0.0,none,MS-RG-WT,10,131.4,135.0,0.636546796500079,568.9,1.0
radio,clustered,500,35,dominating,0.0,none,PBIG-R,10,119.0,120.5,0.7496046162999846,44.0,1.0
radio,clustered,500,35,dominating,0.0001,none,CARE-DS,10,138.9,142.5,1.3623470629999246,113.8,1.0
radio,clustered,500,35,dominating,0.0001,none,D-EAA-ER,10,79.6,80.0,0.06013572110005039,32.7,1.0
radio,clustered,500,35,dominating,0.0001,none,DWG,10,118.7,119.5,1.1786393831001079,4568.2,1.0
radio,clustered,500,35,dominating,0.0001,none,MS-RG-WT,10,142.0,154.0,0.6559373271999902,771.9,1.0
radio,er,100,15,connected,0.0,none,CARE-DS,10,548.2,536.0,1.5290944436003884,3731.3,1.0
radio,er,100,15,connected,0.0,none,D-EAA-ER,10,450.9,447.0,0.12220361810004757,566.8,1.0
radio,er,100,15,connected,0.0,none,DWG,10,500.1,513.5,0.41074178220001156,10421.5,1.0
radio,er,100,15,connected,0.0,none,MS-RG-WT,10,553.9,539.5,0.38692096729996595,8892.8,1.0
radio,er,100,15,connected,0.0001,none,CARE-DS,10,527.3,521.0,1.097692053800165,613.4,1.0
radio,er,100,15,connected,0.0001,none,D-EAA-ER,10,454.7,459.5,0.12421738619996173,587.8,1.0
radio,er,100,15,connected,0.0001,none,DWG,10,472.4,488.0,0.3834269652999637,9841.3,1.0
radio,er,100,15,connected,0.0001,none,MS-RG-WT,10,511.0,507.5,0.3600595309000255,8108.4,1.0
radio,er,100,15,dominating,0.0,none,CARE-DS,10,118.6,102.5,0.3004288151999389,631.5,1.0
radio,er,100,15,dominating,0.0,none,D-EAA-ER,10,38.6,28.0,0.00785562010005372,27.9,1.0
radio,er,100,15,dominating,0.0,none,DWG,10,72.0,70.5,0.065244008800073,851.2,1.0
radio,er,100,15,dominating,0.0,none,EAA-static,10,55.7,54.0,0.01360205470000434,75.6,1.0
radio,er,100,15,dominating,0.0,none,EAAS-S4C-MAB-R,10,64.9,63.0,0.03522320599995505,1831.3,1.0
radio,er,100,15,dominating,0.0,none,FSS-2026-R,10,70.1,65.0,0.5203828261999661,78.1,1.0
radio,er,100,15,dominating,0.0,none,MS-RG-WT,10,127.0,119.0,0.08392582409996974,755.2,1.0
radio,er,100,15,dominating,0.0,none,PBIG-R,10,61.0,63.5,0.515386421400035,66.8,1.0
radio,er,100,15,dominating,0.0001,none,CARE-DS,10,123.3,113.5,0.25054011580014046,145.1,1.0
radio,er,100,15,dominating,0.0001,none,D-EAA-ER,10,38.6,28.0,0.00755738340021702,27.9,1.0
radio,er,100,15,dominating,0.0001,none,DWG,10,70.3,67.5,0.05663875539994473,831.8,1.0
radio,er,100,15,dominating,0.0001,none,MS-RG-WT,10,125.4,125.5,0.09167753469982923,797.6,1.0
radio,er,100,25,connected,0.0,none,CARE-DS,10,1010.5,1032.0,3.3028054487999725,5286.6,1.0
radio,er,100,25,connected,0.0,none,D-EAA-ER,10,884.0,932.5,0.2940211691000058,807.0,1.0
radio,er,100,25,connected,0.0,none,DWG,10,1009.5,1048.0,0.6021173605000285,14559.0,1.0
radio,er,100,25,connected,0.0,none,MS-RG-WT,10,1010.1,1063.0,0.5769170247999227,12196.3,1.0
radio,er,100,25,connected,0.0001,none,CARE-DS,10,975.2,1003.5,2.6199852709997686,732.2,1.0
radio,er,100,25,connected,0.0001,none,D-EAA-ER,10,870.7,898.0,0.28866331260003336,798.2,1.0
radio,er,100,25,connected,0.0001,none,DWG,10,931.7,963.0,0.55782670039996,13489.0,1.0
radio,er,100,25,connected,0.0001,none,MS-RG-WT,10,939.8,986.0,0.6033842284000002,11168.0,1.0
radio,er,100,25,dominating,0.0,none,CARE-DS,10,180.4,186.0,0.4389639654999883,372.9,1.0
radio,er,100,25,dominating,0.0,none,D-EAA-ER,10,80.0,78.5,0.0537656338997294,43.8,1.0
radio,er,100,25,dominating,0.0,none,DWG,10,99.9,107.5,0.16796364420033566,1021.7,1.0
radio,er,100,25,dominating,0.0,none,EAA-static,10,114.3,107.5,0.03945617029994533,87.1,1.0
radio,er,100,25,dominating,0.0,none,EAAS-S4C-MAB-R,10,132.3,125.5,0.6302249332999054,2559.4,1.0
radio,er,100,25,dominating,0.0,none,FSS-2026-R,10,154.9,151.0,0.9370432523000091,88.2,1.0
radio,er,100,25,dominating,0.0,none,MS-RG-WT,10,193.5,187.5,0.2183577061000505,1088.4,1.0
radio,er,100,25,dominating,0.0,none,PBIG-R,10,136.6,115.5,0.6350552753999181,80.4,1.0
radio,er,100,25,dominating,0.0001,none,CARE-DS,10,195.7,200.0,0.2328983195000546,123.4,1.0
radio,er,100,25,dominating,0.0001,none,D-EAA-ER,10,80.0,78.5,0.014311315700160709,43.8,1.0
radio,er,100,25,dominating,0.0001,none,DWG,10,95.8,106.0,0.05572039979997493,1013.3,1.0
radio,er,100,25,dominating,0.0001,none,MS-RG-WT,10,173.9,177.5,0.08799710120001686,947.8,1.0
radio,er,100,35,connected,0.0,none,CARE-DS,10,1748.1,1836.0,4.053560221500083,7118.4,1.0
radio,er,100,35,connected,0.0,none,D-EAA-ER,10,1515.9,1569.5,0.6256234362000441,886.9,1.0
radio,er,100,35,connected,0.0,none,DWG,10,1869.5,1966.5,1.0861593850000417,19129.0,1.0
radio,er,100,35,connected,0.0,none,MS-RG-WT,10,1728.9,1801.0,1.1639676842999962,15340.0,1.0
radio,er,100,35,connected,0.0001,none,CARE-DS,10,1734.2,1764.0,2.5620616147001782,779.8,1.0
radio,er,100,35,connected,0.0001,none,D-EAA-ER,10,1506.2,1539.5,0.6084744886999942,900.1,1.0
radio,er,100,35,connected,0.0001,none,DWG,10,1691.4,1772.0,0.9421805575999542,17320.2,1.0
radio,er,100,35,connected,0.0001,none,MS-RG-WT,10,1582.4,1645.0,1.0613371717000064,14010.1,1.0
radio,er,100,35,dominating,0.0,none,CARE-DS,10,291.7,292.0,0.4155235800001719,414.8,1.0
radio,er,100,35,dominating,0.0,none,D-EAA-ER,10,101.3,90.0,0.012457058100062531,37.6,1.0
radio,er,100,35,dominating,0.0,none,DWG,10,83.0,79.0,0.03753949910014849,692.0,1.0
radio,er,100,35,dominating,0.0,none,EAA-static,10,164.3,164.0,0.06125107690004365,71.0,1.0
radio,er,100,35,dominating,0.0,none,EAAS-S4C-MAB-R,10,189.8,188.5,0.15400372359999887,2803.3,1.0
radio,er,100,35,dominating,0.0,none,FSS-2026-R,10,221.9,213.0,0.5847818577998624,74.6,1.0
radio,er,100,35,dominating,0.0,none,MS-RG-WT,10,181.5,162.0,0.06534442560005113,1005.4,1.0
radio,er,100,35,dominating,0.0,none,PBIG-R,10,200.4,206.0,0.5733401609000793,79.4,1.0
radio,er,100,35,dominating,0.0001,none,CARE-DS,10,221.6,213.5,0.19031133630005564,88.8,1.0
radio,er,100,35,dominating,0.0001,none,D-EAA-ER,10,96.3,90.0,0.01307887430011755,34.6,1.0
radio,er,100,35,dominating,0.0001,none,DWG,10,81.5,79.5,0.03891722829985153,693.5,1.0
radio,er,100,35,dominating,0.0001,none,MS-RG-WT,10,184.9,173.5,0.08338422930009978,964.9,1.0
radio,er,250,15,connected,0.0,none,CARE-DS,10,481.3,478.5,5.738937948999956,9093.2,1.0
radio,er,250,15,connected,0.0,none,D-EAA-ER,10,410.0,404.0,0.7109962879000022,1722.6,1.0
radio,er,250,15,connected,0.0,none,DWG,10,446.4,443.0,1.1533817396000359,23813.0,1.0
radio,er,250,15,connected,0.0,none,MS-RG-WT,10,463.9,453.0,1.7470226723999986,19057.4,1.0
radio,er,250,15,connected,0.0001,none,CARE-DS,10,458.9,447.0,4.859328204900066,2345.1,1.0
radio,er,250,15,connected,0.0001,none,D-EAA-ER,10,390.0,390.5,0.6839390972000274,1517.9,1.0
radio,er,250,15,connected,0.0001,none,DWG,10,417.8,416.0,1.0347292891000734,22270.8,1.0
radio,er,250,15,connected,0.0001,none,MS-RG-WT,10,446.9,441.5,1.644749300799981,18121.6,1.0
radio,er,250,15,dominating,0.0,none,CARE-DS,10,43.4,41.5,0.4823722427999201,464.5,1.0
radio,er,250,15,dominating,0.0,none,D-EAA-ER,10,20.6,23.0,0.02145259669996444,56.8,1.0
radio,er,250,15,dominating,0.0,none,DWG,10,31.4,31.0,0.1272556181002073,819.0,1.0
radio,er,250,15,dominating,0.0,none,EAA-static,10,28.3,26.0,0.027856782699745907,163.2,1.0
radio,er,250,15,dominating,0.0,none,EAAS-S4C-MAB-R,10,34.2,33.0,0.05352219189990132,2463.1,1.0
radio,er,250,15,dominating,0.0,none,FSS-2026-R,10,36.1,34.0,0.5339368306000324,156.1,1.0
radio,er,250,15,dominating,0.0,none,MS-RG-WT,10,51.7,51.5,0.23777636330014498,568.7,1.0
radio,er,250,15,dominating,0.0,none,PBIG-R,10,32.8,35.0,0.5425436970001101,163.0,1.0
radio,er,250,15,dominating,0.0001,none,CARE-DS,10,51.8,53.5,0.5373633884999436,248.8,1.0
radio,er,250,15,dominating,0.0001,none,D-EAA-ER,10,20.6,23.0,0.02522304890017036,56.8,1.0
radio,er,250,15,dominating,0.0001,none,DWG,10,34.0,31.0,0.13761023059996655,868.2,1.0
radio,er,250,15,dominating,0.0001,none,MS-RG-WT,10,46.5,47.0,0.20763027169996345,546.2,1.0
radio,er,250,25,connected,0.0,none,CARE-DS,10,806.7,837.5,7.9920643495997865,10620.3,1.0
radio,er,250,25,connected,0.0,none,D-EAA-ER,10,735.5,752.5,2.2727609679000125,2812.5,1.0
radio,er,250,25,connected,0.0,none,DWG,10,862.7,908.5,1.825828591000004,32691.5,1.0
radio,er,250,25,connected,0.0,none,MS-RG-WT,10,821.6,839.0,2.916454430800036,26710.4,1.0
radio,er,250,25,connected,0.0001,none,CARE-DS,10,801.0,834.5,6.979070318299819,2889.7,1.0
radio,er,250,25,connected,0.0001,none,D-EAA-ER,10,730.2,747.5,2.203333267499988,2896.9,1.0
radio,er,250,25,connected,0.0001,none,DWG,10,807.2,833.5,1.6633628978999695,30613.7,1.0
radio,er,250,25,connected,0.0001,none,MS-RG-WT,10,780.8,796.5,2.7380349174999994,25177.6,1.0
radio,er,250,25,dominating,0.0,none,CARE-DS,10,109.7,114.5,0.6161533428999973,471.7,1.0
radio,er,250,25,dominating,0.0,none,D-EAA-ER,10,49.3,48.5,0.03940222130004255,101.0,1.0
radio,er,250,25,dominating,0.0,none,DWG,10,63.1,60.0,0.19657135580009705,1575.3,1.0
radio,er,250,25,dominating,0.0,none,EAA-static,10,59.5,62.5,0.07351400879997524,205.7,1.0
radio,er,250,25,dominating,0.0,none,EAAS-S4C-MAB-R,10,70.4,71.5,0.14899319549995194,3600.0,1.0
radio,er,250,25,dominating,0.0,none,FSS-2026-R,10,75.0,73.0,0.5666727519001142,184.3,1.0
radio,er,250,25,dominating,0.0,none,MS-RG-WT,10,137.3,132.0,0.3570032829999036,1747.6,1.0
radio,er,250,25,dominating,0.0,none,PBIG-R,10,72.0,69.5,0.5774325534001946,227.1,1.0
radio,er,250,25,dominating,0.0001,none,CARE-DS,10,105.3,101.5,0.5039804682000067,296.5,1.0
radio,er,250,25,dominating,0.0001,none,D-EAA-ER,10,45.7,45.0,0.02915190089979655,89.9,1.0
radio,er,250,25,dominating,0.0001,none,DWG,10,68.1,65.5,0.2074774901998353,1782.2,1.0
radio,er,250,25,dominating,0.0001,none,MS-RG-WT,10,112.8,103.5,0.28111519350004527,1630.3,1.0
radio,er,250,35,connected,0.0,none,CARE-DS,10,1229.3,1248.0,15.348524544400153,14646.3,1.0
radio,er,250,35,connected,0.0,none,D-EAA-ER,10,1054.7,1042.5,4.157158709200007,3170.4,1.0
radio,er,250,35,connected,0.0,none,DWG,10,1348.5,1378.0,2.597606584800019,38803.5,1.0
radio,er,250,35,connected,0.0,none,MS-RG-WT,10,1216.5,1221.0,4.815746432599963,31774.9,1.0
radio,er,250,35,connected,0.0001,none,CARE-DS,10,1193.8,1209.0,12.985268228100358,3307.4,1.0
radio,er,250,35,connected,0.0001,none,D-EAA-ER,10,1058.5,1039.5,4.258614218200023,3111.4,1.0
radio,er,250,35,connected,0.0001,none,DWG,10,1252.0,1280.0,2.5653085194999905,36046.1,1.0
radio,er,250,35,connected,0.0001,none,MS-RG-WT,10,1146.1,1150.0,4.928924760600035,29831.6,1.0
radio,er,250,35,dominating,0.0,none,CARE-DS,10,155.5,165.0,0.7797367706999466,496.2,1.0
radio,er,250,35,dominating,0.0,none,D-EAA-ER,10,63.8,60.0,0.03067946959990873,92.0,1.0
radio,er,250,35,dominating,0.0,none,DWG,10,69.0,66.5,0.1464044812999418,1458.2,1.0
radio,er,250,35,dominating,0.0,none,EAA-static,10,93.7,92.0,0.08649355010002176,221.9,1.0
radio,er,250,35,dominating,0.0,none,EAAS-S4C-MAB-R,10,105.8,105.0,0.2002835282000887,4196.0,1.0
radio,er,250,35,dominating,0.0,none,FSS-2026-R,10,113.7,105.5,0.5949490975000117,213.4,1.0
radio,er,250,35,dominating,0.0,none,MS-RG-WT,10,144.1,149.0,0.2054568213999118,2087.0,1.0
radio,er,250,35,dominating,0.0,none,PBIG-R,10,115.5,114.0,0.6164062777999788,221.8,1.0
radio,er,250,35,dominating,0.0001,none,CARE-DS,10,146.3,148.0,0.5473132104000797,296.4,1.0
radio,er,250,35,dominating,0.0001,none,D-EAA-ER,10,61.2,59.5,0.03091466669984579,92.4,1.0
radio,er,250,35,dominating,0.0001,none,DWG,10,68.0,69.0,0.14180203600008096,1424.4,1.0
radio,er,250,35,dominating,0.0001,none,MS-RG-WT,10,170.6,170.0,0.26806801269995045,1953.4,1.0
radio,er,500,15,connected,0.0,none,CARE-DS,10,369.5,381.5,23.678832158900242,12619.3,1.0
radio,er,500,15,connected,0.0,none,D-EAA-ER,10,301.4,313.5,3.027014981899947,2390.4,1.0
radio,er,500,15,connected,0.0,none,DWG,10,342.9,368.5,2.430663869199975,35445.6,1.0
radio,er,500,15,connected,0.0,none,MS-RG-WT,10,376.8,389.5,7.759917328100028,29837.3,1.0
radio,er,500,15,connected,0.0001,none,CARE-DS,10,361.4,378.5,22.787411162800073,4103.2,1.0
radio,er,500,15,connected,0.0001,none,D-EAA-ER,10,306.3,317.0,2.9807908960000304,2523.8,1.0
radio,er,500,15,connected,0.0001,none,DWG,10,328.9,354.5,2.379166367700054,34040.5,1.0
radio,er,500,15,connected,0.0001,none,MS-RG-WT,10,361.3,364.0,6.808149897600037,27543.7,1.0
radio,er,500,15,dominating,0.0,none,CARE-DS,10,32.0,29.0,1.7553774772000907,582.8,1.0
radio,er,500,15,dominating,0.0,none,D-EAA-ER,10,15.1,15.5,0.07783323500007094,93.3,1.0
radio,er,500,15,dominating,0.0,none,DWG,10,31.1,30.0,0.45675278229982724,1827.5,1.0
radio,er,500,15,dominating,0.0,none,EAA-static,10,22.5,21.5,0.09170139500010913,253.8,1.0
radio,er,500,15,dominating,0.0,none,EAAS-S4C-MAB-R,10,24.8,23.5,0.16520941179987852,3478.2,1.0
radio,er,500,15,dominating,0.0,none,FSS-2026-R,10,25.1,24.0,0.615267026499987,318.7,1.0
radio,er,500,15,dominating,0.0,none,MS-RG-WT,10,26.9,27.5,0.45858395409995867,571.0,1.0
radio,er,500,15,dominating,0.0,none,PBIG-R,10,24.8,26.0,0.7890775878000568,273.0,1.0
radio,er,500,15,dominating,0.0001,none,CARE-DS,10,28.5,27.0,1.5147472845000265,411.9,1.0
radio,er,500,15,dominating,0.0001,none,D-EAA-ER,10,15.1,15.5,0.06906329950006687,93.5,1.0
radio,er,500,15,dominating,0.0001,none,DWG,10,28.6,29.0,0.4280953911999859,1685.4,1.0
radio,er,500,15,dominating,0.0001,none,MS-RG-WT,10,32.3,32.0,0.635303051900064,752.1,1.0
radio,er,500,25,connected,0.0,none,CARE-DS,10,842.2,854.5,49.074856388399894,30626.7,1.0
radio,er,500,25,connected,0.0,none,D-EAA-ER,10,734.5,740.0,15.733868476899966,6899.8,1.0
radio,er,500,25,connected,0.0,none,DWG,10,894.6,914.5,5.6632954641000195,68333.6,1.0
radio,er,500,25,connected,0.0,none,MS-RG-WT,10,838.1,827.0,17.937440246400023,55081.1,1.0
radio,er,500,25,connected,0.0001,none,CARE-DS,10,820.6,813.5,47.3372428882999,8719.3,1.0
radio,er,500,25,connected,0.0001,none,D-EAA-ER,10,731.5,731.0,16.473609487700013,6833.9,1.0
radio,er,500,25,connected,0.0001,none,DWG,10,841.5,848.5,5.588492563999966,64468.8,1.0
radio,er,500,25,connected,0.0001,none,MS-RG-WT,10,794.3,788.5,18.176165211599958,52213.1,1.0
radio,er,500,25,dominating,0.0,none,CARE-DS,10,73.1,74.0,2.059626054799992,1044.6,1.0
radio,er,500,25,dominating,0.0,none,D-EAA-ER,10,37.1,36.5,0.07681348610012714,168.1,1.0
radio,er,500,25,dominating,0.0,none,DWG,10,50.0,49.5,0.5246321630000239,2470.5,1.0
radio,er,500,25,dominating,0.0,none,EAA-static,10,41.4,40.0,0.1482979152001462,325.0,1.0
radio,er,500,25,dominating,0.0,none,EAAS-S4C-MAB-R,10,50.3,50.5,0.2771434269000565,5137.9,1.0
radio,er,500,25,dominating,0.0,none,FSS-2026-R,10,55.5,51.0,0.6753200674001164,380.3,1.0
radio,er,500,25,dominating,0.0,none,MS-RG-WT,10,70.8,73.0,0.6147685753999212,1671.2,1.0
radio,er,500,25,dominating,0.0,none,PBIG-R,10,48.1,45.5,0.7492531211998539,313.5,1.0
radio,er,500,25,dominating,0.0001,none,CARE-DS,10,72.1,71.5,1.7263426054000774,539.1,1.0
radio,er,500,25,dominating,0.0001,none,D-EAA-ER,10,37.5,38.0,0.08491982670011562,167.3,1.0
radio,er,500,25,dominating,0.0001,none,DWG,10,48.2,50.0,0.5083137202999751,2371.5,1.0
radio,er,500,25,dominating,0.0001,none,MS-RG-WT,10,72.5,70.0,0.7404391777000455,1609.3,1.0
radio,er,500,35,connected,0.0,none,CARE-DS,10,1111.1,1102.0,74.66219883050016,28586.1,1.0
radio,er,500,35,connected,0.0,none,D-EAA-ER,10,947.4,957.0,28.237574300500047,7313.7,1.0
radio,er,500,35,connected,0.0,none,DWG,10,1223.1,1201.0,8.140968331400018,71988.6,1.0
radio,er,500,35,connected,0.0,none,MS-RG-WT,10,1097.4,1087.0,28.280921496300017,58973.7,1.0
radio,er,500,35,connected,0.0001,none,CARE-DS,10,1090.6,1089.5,66.71572026230005,8646.3,1.0
radio,er,500,35,connected,0.0001,none,D-EAA-ER,10,944.4,949.5,27.14138322770009,6970.5,1.0
radio,er,500,35,connected,0.0001,none,DWG,10,1151.7,1143.0,7.509147076299996,67917.6,1.0
radio,er,500,35,connected,0.0001,none,MS-RG-WT,10,1042.9,1037.0,28.26216904999992,54876.7,1.0
radio,er,500,35,dominating,0.0,none,CARE-DS,10,126.2,128.5,2.246823755500009,1400.5,1.0
radio,er,500,35,dominating,0.0,none,D-EAA-ER,10,48.3,48.0,0.100124203100222,186.3,1.0
radio,er,500,35,dominating,0.0,none,DWG,10,88.9,90.0,0.9810433246001594,4091.3,1.0
radio,er,500,35,dominating,0.0,none,EAA-static,10,62.2,61.5,0.21018091330015518,374.0,1.0
radio,er,500,35,dominating,0.0,none,EAAS-S4C-MAB-R,10,76.0,74.5,0.47242070570009675,6238.8,1.0
radio,er,500,35,dominating,0.0,none,FSS-2026-R,10,77.5,77.0,0.7857142993001617,382.1,1.0
radio,er,500,35,dominating,0.0,none,MS-RG-WT,10,118.0,116.5,1.1618127677000303,2759.2,1.0
radio,er,500,35,dominating,0.0,none,PBIG-R,10,80.7,76.0,0.8507780806999108,431.8,1.0
radio,er,500,35,dominating,0.0001,none,CARE-DS,10,133.7,132.0,2.3489292555000247,834.6,1.0
radio,er,500,35,dominating,0.0001,none,D-EAA-ER,10,47.4,48.0,0.11200632130003212,185.6,1.0
radio,er,500,35,dominating,0.0001,none,DWG,10,80.0,84.5,0.9037128720001419,3647.6,1.0
radio,er,500,35,dominating,0.0001,none,MS-RG-WT,10,130.8,132.5,0.9594659227999728,3227.7,1.0
radio,rgg,100,15,connected,0.0,none,CARE-DS,10,847.2,841.0,1.3250170801000423,2676.8,1.0
radio,rgg,100,15,connected,0.0,none,D-EAA-ER,10,794.0,807.0,0.07815326640000532,331.9,1.0
radio,rgg,100,15,connected,0.0,none,DWG,10,826.7,821.5,0.7433459425999956,18492.9,1.0
radio,rgg,100,15,connected,0.0,none,MS-RG-WT,10,850.5,857.0,0.4597779797000044,13661.9,1.0
radio,rgg,100,15,connected,0.0001,none,CARE-DS,10,832.1,853.5,0.9740358772000036,348.4,1.0
radio,rgg,100,15,connected,0.0001,none,D-EAA-ER,10,791.8,804.0,0.07716931999999013,336.5,1.0
radio,rgg,100,15,connected,0.0001,none,DWG,10,729.9,738.0,0.6856557757999951,16260.3,1.0
radio,rgg,100,15,connected,0.0001,none,MS-RG-WT,10,769.7,767.5,0.454220465100002,11467.8,1.0
radio,rgg,100,15,dominating,0.0,none,CARE-DS,10,204.5,195.0,0.257752634299959,477.9,1.0
radio,rgg,100,15,dominating,0.0,none,D-EAA-ER,10,156.9,157.5,0.01123274879987543,32.7,1.0
radio,rgg,100,15,dominating,0.0,none,DWG,10,136.1,140.0,0.1040332886999749,1543.4,1.0
radio,rgg,100,15,dominating,0.0,none,EAA-static,10,167.9,167.0,0.03499641439989313,34.4,1.0
radio,rgg,100,15,dominating,0.0,none,EAAS-S4C-MAB-R,10,178.0,185.5,0.06830564260012575,3460.7,1.0
radio,rgg,100,15,dominating,0.0,none,FSS-2026-R,10,159.6,156.0,0.5247158576000857,28.5,1.0
radio,rgg,100,15,dominating,0.0,none,MS-RG-WT,10,184.7,177.5,0.07985294140003132,1025.6,1.0
radio,rgg,100,15,dominating,0.0,none,PBIG-R,10,172.3,173.5,0.5307236293000187,40.9,1.0
radio,rgg,100,15,dominating,0.0001,none,CARE-DS,10,194.7,179.5,0.1710442499000237,55.4,1.0
radio,rgg,100,15,dominating,0.0001,none,D-EAA-ER,10,156.8,157.0,0.014320283000051831,32.7,1.0
radio,rgg,100,15,dominating,0.0001,none,DWG,10,133.2,136.0,0.10234972930011277,1530.4,1.0
radio,rgg,100,15,dominating,0.0001,none,MS-RG-WT,10,209.2,218.5,0.10527623630009653,1095.5,1.0
radio,rgg,100,25,connected,0.0,none,CARE-DS,10,1505.3,1603.0,2.674961741000061,5105.4,1.0
radio,rgg,100,25,connected,0.0,none,D-EAA-ER,10,1469.3,1537.0,0.208660778300009,458.4,1.0
radio,rgg,100,25,connected,0.0,none,DWG,10,1539.1,1582.5,1.1981494320000081,22775.4,1.0
radio,rgg,100,25,connected,0.0,none,MS-RG-WT,10,1570.4,1591.0,1.0022039918000076,17488.0,1.0
radio,rgg,100,25,connected,0.0001,none,CARE-DS,10,1518.5,1562.0,1.7274643917001413,501.5,1.0
radio,rgg,100,25,connected,0.0001,none,D-EAA-ER,10,1466.1,1530.5,0.23028650749998286,455.4,1.0
radio,rgg,100,25,connected,0.0001,none,DWG,10,1341.2,1376.0,1.1581700058000024,19823.7,1.0
radio,rgg,100,25,connected,0.0001,none,MS-RG-WT,10,1410.4,1426.0,1.068640760400001,14975.1,1.0
radio,rgg,100,25,dominating,0.0,none,CARE-DS,10,297.9,278.5,0.3357825611000408,265.7,1.0
radio,rgg,100,25,dominating,0.0,none,D-EAA-ER,10,178.6,170.5,0.01562074590001426,32.2,1.0
radio,rgg,100,25,dominating,0.0,none,DWG,10,143.7,128.5,0.0771006622000186,1301.6,1.0
radio,rgg,100,25,dominating,0.0,none,EAA-static,10,283.6,307.5,0.06729259590006219,38.1,1.0
radio,rgg,100,25,dominating,0.0,none,EAAS-S4C-MAB-R,10,305.6,305.0,0.16909143679995392,3972.2,1.0
radio,rgg,100,25,dominating,0.0,none,FSS-2026-R,10,286.2,298.0,0.5687895571999434,40.9,1.0
radio,rgg,100,25,dominating,0.0,none,MS-RG-WT,10,298.7,285.0,0.092094483999881,1235.7,1.0
radio,rgg,100,25,dominating,0.0,none,PBIG-R,10,272.0,291.5,0.5645948766000402,37.7,1.0
radio,rgg,100,25,dominating,0.0001,none,CARE-DS,10,324.2,308.0,0.23707749470013367,61.9,1.0
radio,rgg,100,25,dominating,0.0001,none,D-EAA-ER,10,178.3,169.5,0.0158963590999519,30.9,1.0
radio,rgg,100,25,dominating,0.0001,none,DWG,10,139.6,129.0,0.0825834230000964,1263.2,1.0
radio,rgg,100,25,dominating,0.0001,none,MS-RG-WT,10,259.0,268.5,0.09683571390005451,989.2,1.0
radio,rgg,100,35,connected,0.0,none,CARE-DS,10,2083.5,2171.0,3.7489687813998898,3383.4,1.0
radio,rgg,100,35,connected,0.0,none,D-EAA-ER,10,1950.6,2022.5,0.31508570410000514,464.6,1.0
radio,rgg,100,35,connected,0.0,none,DWG,10,2006.0,2141.0,1.2879190970999956,21633.9,1.0
radio,rgg,100,35,connected,0.0,none,MS-RG-WT,10,2061.5,2170.0,1.2981443900000103,17689.4,1.0
radio,rgg,100,35,connected,0.0001,none,CARE-DS,10,2060.3,2176.5,2.4948132164000527,496.4,1.0
radio,rgg,100,35,connected,0.0001,none,D-EAA-ER,10,1952.5,2038.0,0.32677685379999843,465.3,1.0
radio,rgg,100,35,connected,0.0001,none,DWG,10,1765.9,1869.0,1.157514421900015,19035.1,1.0
radio,rgg,100,35,connected,0.0001,none,MS-RG-WT,10,1839.9,1894.0,1.222550056800003,15610.2,1.0
radio,rgg,100,35,dominating,0.0,none,CARE-DS,10,444.9,450.5,0.49314327719985157,208.7,1.0
radio,rgg,100,35,dominating,0.0,none,D-EAA-ER,10,144.3,143.0,0.01238673069992724,19.3,1.0
radio,rgg,100,35,dominating,0.0,none,DWG,10,204.2,196.0,0.10410238069998738,1699.3,1.0
radio,rgg,100,35,dominating,0.0,none,EAA-static,10,383.2,394.0,0.1255832008000197,41.6,1.0
radio,rgg,100,35,dominating,0.0,none,EAAS-S4C-MAB-R,10,417.1,407.5,0.32112556819997734,4141.4,1.0
radio,rgg,100,35,dominating,0.0,none,FSS-2026-R,10,401.6,407.0,0.6222752572999071,48.6,1.0
radio,rgg,100,35,dominating,0.0,none,MS-RG-WT,10,402.4,419.5,0.1223114298000382,1674.9,1.0
radio,rgg,100,35,dominating,0.0,none,PBIG-R,10,404.9,443.0,0.6270722454000406,42.0,1.0
radio,rgg,100,35,dominating,0.0001,none,CARE-DS,10,430.4,411.5,0.29539938200005056,72.4,1.0
radio,rgg,100,35,dominating,0.0001,none,D-EAA-ER,10,144.1,143.0,0.01377889859986676,18.7,1.0
radio,rgg,100,35,dominating,0.0001,none,DWG,10,200.3,195.0,0.11036751940000608,1694.8,1.0
radio,rgg,100,35,dominating,0.0001,none,MS-RG-WT,10,406.7,406.0,0.14274431289995843,1510.6,1.0
radio,rgg,250,15,connected,0.0,none,CARE-DS,10,852.4,874.0,5.302170861099967,9909.3,1.0
radio,rgg,250,15,connected,0.0,none,D-EAA-ER,10,830.8,857.0,0.4696598447999918,963.8,1.0
radio,rgg,250,15,connected,0.0,none,DWG,10,901.2,960.5,3.156081598200001,52445.3,1.0
radio,rgg,250,15,connected,0.0,none,MS-RG-WT,10,876.7,911.5,2.4312755288000063,34366.5,1.0
radio,rgg,250,15,connected,0.0001,none,CARE-DS,10,865.3,900.5,4.350406950800152,1053.1,1.0
radio,rgg,250,15,connected,0.0001,none,D-EAA-ER,10,829.0,856.5,0.42586707790002265,975.7,1.0
radio,rgg,250,15,connected,0.0001,none,DWG,10,783.3,794.5,2.4907442561000037,45460.5,1.0
radio,rgg,250,15,connected,0.0001,none,MS-RG-WT,10,777.2,774.5,2.068027633399981,29106.1,1.0
radio,rgg,250,15,dominating,0.0,none,CARE-DS,10,198.8,193.0,0.7243844466999689,1112.5,1.0
radio,rgg,250,15,dominating,0.0,none,D-EAA-ER,10,122.8,110.5,0.02695573670002882,53.5,1.0
radio,rgg,250,15,dominating,0.0,none,DWG,10,166.1,164.5,0.5070519235000119,5065.9,1.0
radio,rgg,250,15,dominating,0.0,none,EAA-static,10,141.4,143.5,0.04348991789997849,67.7,1.0
radio,rgg,250,15,dominating,0.0,none,EAAS-S4C-MAB-R,10,146.9,149.0,0.09681810790002597,7373.4,1.0
radio,rgg,250,15,dominating,0.0,none,FSS-2026-R,10,131.1,133.5,0.5410579502000019,57.2,1.0
radio,rgg,250,15,dominating,0.0,none,MS-RG-WT,10,197.4,199.5,0.24652822579992056,1715.7,1.0
radio,rgg,250,15,dominating,0.0,none,PBIG-R,10,153.0,150.0,0.5611568490000082,71.7,1.0
radio,rgg,250,15,dominating,0.0001,none,CARE-DS,10,181.2,192.0,0.5247775227999227,154.7,1.0
radio,rgg,250,15,dominating,0.0001,none,D-EAA-ER,10,120.9,110.5,0.02598341400002933,49.4,1.0
radio,rgg,250,15,dominating,0.0001,none,DWG,10,157.5,162.5,0.5620081940999626,4751.2,1.0
radio,rgg,250,15,dominating,0.0001,none,MS-RG-WT,10,201.7,196.5,0.3555337504999897,1712.1,1.0
radio,rgg,250,25,connected,0.0,none,CARE-DS,10,1964.4,2028.5,12.301915351400021,17389.0,1.0
radio,rgg,250,25,connected,0.0,none,D-EAA-ER,10,1865.8,1961.0,1.3580064599000026,1711.7,1.0
radio,rgg,250,25,connected,0.0,none,DWG,10,2052.5,2156.0,5.537514969099982,82006.5,1.0
radio,rgg,250,25,connected,0.0,none,MS-RG-WT,10,1993.3,2077.0,5.60637753530001,56792.2,1.0
radio,rgg,250,25,connected,0.0001,none,CARE-DS,10,1990.4,2046.0,9.217136385499998,2006.0,1.0
radio,rgg,250,25,connected,0.0001,none,D-EAA-ER,10,1846.3,1978.0,1.2979083601999832,1624.4,1.0
radio,rgg,250,25,connected,0.0001,none,DWG,10,1723.7,1846.5,4.017960739200009,68789.8,1.0
radio,rgg,250,25,connected,0.0001,none,MS-RG-WT,10,1760.6,1844.5,4.586056347600026,47058.6,1.0
radio,rgg,250,25,dominating,0.0,none,CARE-DS,10,264.9,243.5,0.8756667643000583,895.5,1.0
radio,rgg,250,25,dominating,0.0,none,D-EAA-ER,10,153.8,163.0,0.03851787969997526,59.5,1.0
radio,rgg,250,25,dominating,0.0,none,DWG,10,181.8,185.5,0.5170964723999987,4151.0,1.0
radio,rgg,250,25,dominating,0.0,none,EAA-static,10,222.0,221.5,0.1761357367001437,92.3,1.0
radio,rgg,250,25,dominating,0.0,none,EAAS-S4C-MAB-R,10,263.2,295.0,0.3881305762999545,8941.8,1.0
radio,rgg,250,25,dominating,0.0,none,FSS-2026-R,10,239.0,253.5,0.6460644522999701,98.7,1.0
radio,rgg,250,25,dominating,0.0,none,MS-RG-WT,10,262.0,265.5,0.3545647516999907,2090.7,1.0
radio,rgg,250,25,dominating,0.0,none,PBIG-R,10,220.3,218.0,0.6805460547999701,98.2,1.0
radio,rgg,250,25,dominating,0.0001,none,CARE-DS,10,270.8,249.0,0.6157322557000043,136.4,1.0
radio,rgg,250,25,dominating,0.0001,none,D-EAA-ER,10,148.2,163.0,0.04057313240004982,56.1,1.0
radio,rgg,250,25,dominating,0.0001,none,DWG,10,173.4,176.5,0.49738326540000344,3964.4,1.0
radio,rgg,250,25,dominating,0.0001,none,MS-RG-WT,10,276.3,266.5,0.390111681100052,2069.4,1.0
radio,rgg,250,35,connected,0.0,none,CARE-DS,10,2661.5,2804.5,19.714660757500134,16549.3,1.0
radio,rgg,250,35,connected,0.0,none,D-EAA-ER,10,2534.7,2607.5,2.5393195029000024,1813.4,1.0
radio,rgg,250,35,connected,0.0,none,DWG,10,2729.9,2887.0,6.541229225199993,80276.1,1.0
radio,rgg,250,35,connected,0.0,none,MS-RG-WT,10,2676.0,2773.5,8.228836792700019,57540.4,1.0
radio,rgg,250,35,connected,0.0001,none,CARE-DS,10,2637.0,2790.5,14.592238900099982,1938.3,1.0
radio,rgg,250,35,connected,0.0001,none,D-EAA-ER,10,2512.5,2580.5,2.4175266868000107,1729.6,1.0
radio,rgg,250,35,connected,0.0001,none,DWG,10,2288.1,2389.0,5.373382621799999,67157.3,1.0
radio,rgg,250,35,connected,0.0001,none,MS-RG-WT,10,2352.6,2429.0,7.3595277087000115,48351.8,1.0
radio,rgg,250,35,dominating,0.0,none,CARE-DS,10,359.4,375.0,1.217041236499972,673.3,1.0
radio,rgg,250,35,dominating,0.0,none,D-EAA-ER,10,183.8,188.0,0.03479311840001168,51.3,1.0
radio,rgg,250,35,dominating,0.0,none,DWG,10,210.8,233.0,0.432807888600064,3998.5,1.0
radio,rgg,250,35,dominating,0.0,none,EAA-static,10,311.7,308.0,0.18118542770007476,107.2,1.0
radio,rgg,250,35,dominating,0.0,none,EAAS-S4C-MAB-R,10,337.3,331.5,0.40727816449989407,8324.6,1.0
radio,rgg,250,35,dominating,0.0,none,FSS-2026-R,10,293.3,304.0,0.64820399489995,94.6,1.0
radio,rgg,250,35,dominating,0.0,none,MS-RG-WT,10,343.1,374.5,0.32078332229998524,2119.6,1.0
radio,rgg,250,35,dominating,0.0,none,PBIG-R,10,294.6,284.0,0.690735709799992,78.0,1.0
radio,rgg,250,35,dominating,0.0001,none,CARE-DS,10,372.5,346.0,0.8249306660999537,158.7,1.0
radio,rgg,250,35,dominating,0.0001,none,D-EAA-ER,10,183.8,188.0,0.03678162239998524,51.3,1.0
radio,rgg,250,35,dominating,0.0001,none,DWG,10,190.7,204.5,0.3957705323999562,3606.4,1.0
radio,rgg,250,35,dominating,0.0001,none,MS-RG-WT,10,338.1,321.5,0.3677380379000169,2255.5,1.0
radio,rgg,500,15,connected,0.0,none,CARE-DS,10,834.0,864.5,22.791120408799905,24628.2,1.0
radio,rgg,500,15,connected,0.0,none,D-EAA-ER,10,787.0,781.0,1.844102817499993,1560.7,1.0
radio,rgg,500,15,connected,0.0,none,DWG,10,852.6,857.0,10.158712968299994,96672.7,1.0
radio,rgg,500,15,connected,0.0,none,MS-RG-WT,10,835.4,832.5,10.333379573200023,63540.8,1.0
radio,rgg,500,15,connected,0.0001,none,CARE-DS,10,809.3,847.5,17.59090610700023,1896.5,1.0
radio,rgg,500,15,connected,0.0001,none,D-EAA-ER,10,780.8,778.5,1.9107188316999895,1496.6,1.0
radio,rgg,500,15,connected,0.0001,none,DWG,10,703.9,734.5,8.620633337000026,78854.2,1.0
radio,rgg,500,15,connected,0.0001,none,MS-RG-WT,10,741.0,745.5,8.604566927500013,48174.1,1.0
radio,rgg,500,15,dominating,0.0,none,CARE-DS,10,150.3,154.5,1.3537134643002902,2894.6,1.0
radio,rgg,500,15,dominating,0.0,none,D-EAA-ER,10,95.0,92.5,0.052874248899888655,77.9,1.0
radio,rgg,500,15,dominating,0.0,none,DWG,10,126.8,137.0,1.207363446099953,6925.6,1.0
radio,rgg,500,15,dominating,0.0,none,EAA-static,10,126.8,128.5,0.08935989260003221,124.9,1.0
radio,rgg,500,15,dominating,0.0,none,EAAS-S4C-MAB-R,10,135.9,142.0,0.21552939960006365,13287.0,1.0
radio,rgg,500,15,dominating,0.0,none,FSS-2026-R,10,119.2,113.5,0.589961258600033,121.5,1.0
radio,rgg,500,15,dominating,0.0,none,MS-RG-WT,10,156.4,162.0,0.6112322565999421,2968.3,1.0
radio,rgg,500,15,dominating,0.0,none,PBIG-R,10,122.0,121.5,0.7238476844999241,129.0,1.0
radio,rgg,500,15,dominating,0.0001,none,CARE-DS,10,167.2,166.5,1.3522167022999383,271.9,1.0
radio,rgg,500,15,dominating,0.0001,none,D-EAA-ER,10,95.0,92.5,0.051353659699952856,77.9,1.0
radio,rgg,500,15,dominating,0.0001,none,DWG,10,121.4,125.0,1.141839695200042,6574.4,1.0
radio,rgg,500,15,dominating,0.0001,none,MS-RG-WT,10,153.9,150.5,0.6136973821999163,2121.7,1.0
radio,rgg,500,25,connected,0.0,none,CARE-DS,10,1735.2,1953.5,47.136406661,23519.6,1.0
radio,rgg,500,25,connected,0.0,none,D-EAA-ER,10,1603.7,1764.5,5.4997451677000075,2413.6,1.0
radio,rgg,500,25,connected,0.0,none,DWG,10,1774.3,1980.5,15.244040774899997,139264.7,1.0
radio,rgg,500,25,connected,0.0,none,MS-RG-WT,10,1732.5,1958.0,23.753209310599992,99811.2,1.0
radio,rgg,500,25,connected,0.0001,none,CARE-DS,10,1682.5,1909.0,40.263929858900156,2709.9,1.0
radio,rgg,500,25,connected,0.0001,none,D-EAA-ER,10,1584.8,1715.0,5.571540328299989,2353.5,1.0
radio,rgg,500,25,connected,0.0001,none,DWG,10,1427.2,1589.0,12.40922100219998,111525.0,1.0
radio,rgg,500,25,connected,0.0001,none,MS-RG-WT,10,1478.8,1683.5,20.35281294639999,77253.8,1.0
radio,rgg,500,25,dominating,0.0,none,CARE-DS,10,276.3,274.0,2.177844011399884,1522.9,1.0
radio,rgg,500,25,dominating,0.0,none,D-EAA-ER,10,160.7,158.0,0.07519459969994383,123.8,1.0
radio,rgg,500,25,dominating,0.0,none,DWG,10,205.5,198.5,1.6832330102000015,9770.9,1.0
radio,rgg,500,25,dominating,0.0,none,EAA-static,10,204.4,209.5,0.2013526834000913,154.5,1.0
radio,rgg,500,25,dominating,0.0,none,EAAS-S4C-MAB-R,10,245.7,241.5,0.5183549387999392,15908.7,1.0
radio,rgg,500,25,dominating,0.0,none,FSS-2026-R,10,189.4,194.5,0.6966493568999794,161.5,1.0
radio,rgg,500,25,dominating,0.0,none,MS-RG-WT,10,294.4,323.0,0.9001060946999587,4555.7,1.0
radio,rgg,500,25,dominating,0.0,none,PBIG-R,10,172.3,161.5,0.8729390864000379,179.0,1.0
radio,rgg,500,25,dominating,0.0001,none,CARE-DS,10,272.9,282.5,1.546915590899971,323.8,1.0
radio,rgg,500,25,dominating,0.0001,none,D-EAA-ER,10,151.0,151.0,0.07994650449995784,115.3,1.0
radio,rgg,500,25,dominating,0.0001,none,DWG,10,192.2,164.0,1.5377068406000034,9123.3,1.0
radio,rgg,500,25,dominating,0.0001,none,MS-RG-WT,10,276.2,313.5,0.8535146855999756,4411.1,1.0
radio,rgg,500,35,connected,0.0,none,CARE-DS,10,3125.6,3227.5,85.71988710849992,33454.7,1.0
radio,rgg,500,35,connected,0.0,none,D-EAA-ER,10,3081.5,3170.5,18.557962349099977,4897.5,1.0
radio,rgg,500,35,connected,0.0,none,DWG,10,3354.5,3483.5,23.626111491500023,199474.9,1.0
radio,rgg,500,35,connected,0.0,none,MS-RG-WT,10,3197.1,3302.5,49.332524725599946,139166.8,1.0
radio,rgg,500,35,connected,0.0001,none,CARE-DS,10,3138.0,3182.5,81.15151335009978,5086.6,1.0
radio,rgg,500,35,connected,0.0001,none,D-EAA-ER,10,3060.3,3146.0,17.608102256499954,4661.3,1.0
radio,rgg,500,35,connected,0.0001,none,DWG,10,2719.3,2834.0,20.4797265615,161388.6,1.0
radio,rgg,500,35,connected,0.0001,none,MS-RG-WT,10,2795.8,2878.0,42.76334663969999,114931.4,1.0
radio,rgg,500,35,dominating,0.0,none,CARE-DS,10,319.2,300.5,2.4641721627998776,983.0,1.0
radio,rgg,500,35,dominating,0.0,none,D-EAA-ER,10,167.7,172.0,0.07912893789994083,86.5,1.0
radio,rgg,500,35,dominating,0.0,none,DWG,10,224.9,223.5,2.075195920500073,8599.2,1.0
radio,rgg,500,35,dominating,0.0,none,EAA-static,10,280.5,270.0,0.6222592299999633,185.4,1.0
radio,rgg,500,35,dominating,0.0,none,EAAS-S4C-MAB-R,10,313.4,327.5,1.0183079605999865,15682.9,1.0
radio,rgg,500,35,dominating,0.0,none,FSS-2026-R,10,269.1,265.5,0.9286381140000686,179.3,1.0
radio,rgg,500,35,dominating,0.0,none,MS-RG-WT,10,322.3,354.5,0.8760417992999919,4436.2,1.0
radio,rgg,500,35,dominating,0.0,none,PBIG-R,10,281.0,305.0,1.162308218799899,175.8,1.0
radio,rgg,500,35,dominating,0.0001,none,CARE-DS,10,306.8,299.5,1.8377929842999037,278.9,1.0
radio,rgg,500,35,dominating,0.0001,none,D-EAA-ER,10,166.8,172.0,0.08387635509993738,82.2,1.0
radio,rgg,500,35,dominating,0.0001,none,DWG,10,207.8,204.0,1.5686222706000081,7907.0,1.0
radio,rgg,500,35,dominating,0.0001,none,MS-RG-WT,10,295.1,315.0,0.9019459303000076,3998.0,1.0
radio,watts_strogatz,100,15,connected,0.0,none,CARE-DS,10,977.7,976.0,2.4383896470000765,7518.1,1.0
radio,watts_strogatz,100,15,connected,0.0,none,D-EAA-ER,10,956.3,972.0,0.22500946600007404,888.2,1.0
radio,watts_strogatz,100,15,connected,0.0,none,DWG,10,956.8,957.0,0.9229203049999797,20654.9,1.0
radio,watts_strogatz,100,15,connected,0.0,none,MS-RG-WT,10,1006.1,992.5,0.6829010486000697,13946.5,1.0
radio,watts_strogatz,100,15,connected,0.0001,none,CARE-DS,10,956.1,930.0,1.591666311500012,866.7,1.0
radio,watts_strogatz,100,15,connected,0.0001,none,D-EAA-ER,10,954.0,970.5,0.23516968450003328,887.7,1.0
radio,watts_strogatz,100,15,connected,0.0001,none,DWG,10,865.5,862.0,0.8681805271999565,18589.2,1.0
radio,watts_strogatz,100,15,connected,0.0001,none,MS-RG-WT,10,947.0,956.0,0.6387010217000352,12852.8,1.0
radio,watts_strogatz,100,15,dominating,0.0,none,CARE-DS,10,272.1,267.0,0.49715896180023267,1045.7,1.0
radio,watts_strogatz,100,15,dominating,0.0,none,D-EAA-ER,10,100.9,95.5,0.0108663955000338,36.2,1.0
radio,watts_strogatz,100,15,dominating,0.0,none,DWG,10,110.9,112.0,0.0903260526000849,1229.1,1.0
radio,watts_strogatz,100,15,dominating,0.0,none,EAA-static,10,185.9,192.5,0.05003240569994882,97.7,1.0
radio,watts_strogatz,100,15,dominating,0.0,none,EAAS-S4C-MAB-R,10,216.5,228.5,0.14230927209991928,4795.1,1.0
radio,watts_strogatz,100,15,dominating,0.0,none,FSS-2026-R,10,185.3,171.5,0.561702520399922,97.6,1.0
radio,watts_strogatz,100,15,dominating,0.0,none,MS-RG-WT,10,269.2,265.5,0.13271787459998446,1287.0,1.0
radio,watts_strogatz,100,15,dominating,0.0,none,PBIG-R,10,181.5,173.5,0.5545558575999167,100.5,1.0
radio,watts_strogatz,100,15,dominating,0.0001,none,CARE-DS,10,278.4,271.5,0.3275488916999165,160.5,1.0
radio,watts_strogatz,100,15,dominating,0.0001,none,D-EAA-ER,10,100.7,95.0,0.01236379250012755,36.2,1.0
radio,watts_strogatz,100,15,dominating,0.0001,none,DWG,10,116.6,121.0,0.1014308614998299,1338.0,1.0
radio,watts_strogatz,100,15,dominating,0.0001,none,MS-RG-WT,10,269.0,270.5,0.15002428030011283,1276.1,1.0
radio,watts_strogatz,100,25,connected,0.0,none,CARE-DS,10,1434.9,1447.5,2.632592493700031,6966.6,1.0
radio,watts_strogatz,100,25,connected,0.0,none,D-EAA-ER,10,1378.8,1400.0,0.37609485459993264,792.8,1.0
radio,watts_strogatz,100,25,connected,0.0,none,DWG,10,1330.2,1326.0,0.913832721000017,18084.3,1.0
radio,watts_strogatz,100,25,connected,0.0,none,MS-RG-WT,10,1450.0,1462.0,0.9772252560999277,14543.8,1.0
radio,watts_strogatz,100,25,connected,0.0001,none,CARE-DS,10,1366.8,1342.0,1.5432182980999642,718.3,1.0
radio,watts_strogatz,100,25,connected,0.0001,none,D-EAA-ER,10,1398.7,1396.0,0.4596946731999651,842.4,1.0
radio,watts_strogatz,100,25,connected,0.0001,none,DWG,10,1221.7,1229.5,0.9089185902999362,16603.0,1.0
radio,watts_strogatz,100,25,connected,0.0001,none,MS-RG-WT,10,1357.0,1381.5,0.9319415037999533,13839.9,1.0
radio,watts_strogatz,100,25,dominating,0.0,none,CARE-DS,10,440.9,421.5,0.5324191261999658,1631.6,1.0
radio,watts_strogatz,100,25,dominating,0.0,none,D-EAA-ER,10,136.5,134.0,0.0164145115000792,36.8,1.0
radio,watts_strogatz,100,25,dominating,0.0,none,DWG,10,177.7,185.0,0.10427016510002426,1778.8,1.0
radio,watts_strogatz,100,25,dominating,0.0,none,EAA-static,10,311.4,300.5,0.14547635029994122,121.4,1.0
radio,watts_strogatz,100,25,dominating,0.0,none,EAAS-S4C-MAB-R,10,348.3,357.5,0.33226644679998574,5239.8,1.0
radio,watts_strogatz,100,25,dominating,0.0,none,FSS-2026-R,10,299.9,297.0,0.6359253813000578,121.4,1.0
radio,watts_strogatz,100,25,dominating,0.0,none,MS-RG-WT,10,475.2,459.0,0.17582416669984008,2550.7,1.0
radio,watts_strogatz,100,25,dominating,0.0,none,PBIG-R,10,309.2,323.0,0.6310140194002087,115.0,1.0
radio,watts_strogatz,100,25,dominating,0.0001,none,CARE-DS,10,445.9,400.0,0.28979485959989687,172.2,1.0
radio,watts_strogatz,100,25,dominating,0.0001,none,D-EAA-ER,10,135.9,134.0,0.015103775599891331,38.0,1.0
radio,watts_strogatz,100,25,dominating,0.0001,none,DWG,10,168.5,196.0,0.08807909080014718,1701.7,1.0
radio,watts_strogatz,100,25,dominating,0.0001,none,MS-RG-WT,10,445.8,410.0,0.1799474377001388,2599.4,1.0
radio,watts_strogatz,100,35,connected,0.0,none,CARE-DS,10,1808.8,1784.5,4.1289541807000205,5983.6,1.0
radio,watts_strogatz,100,35,connected,0.0,none,D-EAA-ER,10,1707.1,1719.5,0.5989629736999632,721.0,1.0
radio,watts_strogatz,100,35,connected,0.0,none,DWG,10,1633.4,1621.5,1.136186818899978,16465.9,1.0
radio,watts_strogatz,100,35,connected,0.0,none,MS-RG-WT,10,1812.1,1818.5,1.3283052103000046,15290.2,1.0
radio,watts_strogatz,100,35,connected,0.0001,none,CARE-DS,10,1725.4,1721.0,2.2821690184000545,653.0,1.0
radio,watts_strogatz,100,35,connected,0.0001,none,D-EAA-ER,10,1734.0,1749.5,0.601414847200067,730.2,1.0
radio,watts_strogatz,100,35,connected,0.0001,none,DWG,10,1518.7,1512.0,1.0608015640999837,15264.0,1.0
radio,watts_strogatz,100,35,connected,0.0001,none,MS-RG-WT,10,1707.1,1718.0,1.2802680813999814,14396.1,1.0
radio,watts_strogatz,100,35,dominating,0.0,none,CARE-DS,10,723.8,751.0,0.8486917341000663,2177.4,1.0
radio,watts_strogatz,100,35,dominating,0.0,none,D-EAA-ER,10,286.4,238.0,0.02482204210000413,76.5,1.0
radio,watts_strogatz,100,35,dominating,0.0,none,DWG,10,236.2,223.0,0.09106318579979412,2008.6,1.0
radio,watts_strogatz,100,35,dominating,0.0,none,EAA-static,10,395.4,375.0,0.17004040029996756,104.8,1.0
radio,watts_strogatz,100,35,dominating,0.0,none,EAAS-S4C-MAB-R,10,433.3,411.5,0.4167650641999899,4899.5,1.0
radio,watts_strogatz,100,35,dominating,0.0,none,FSS-2026-R,10,452.7,438.5,0.7273339508999925,133.3,1.0
radio,watts_strogatz,100,35,dominating,0.0,none,MS-RG-WT,10,713.1,717.5,0.21504395040001323,3477.9,1.0
radio,watts_strogatz,100,35,dominating,0.0,none,PBIG-R,10,470.3,486.0,0.7230919773001006,128.7,1.0
radio,watts_strogatz,100,35,dominating,0.0001,none,CARE-DS,10,712.4,696.5,0.42961465139978827,215.0,1.0
radio,watts_strogatz,100,35,dominating,0.0001,none,D-EAA-ER,10,306.3,237.5,0.030964876899997707,82.6,1.0
radio,watts_strogatz,100,35,dominating,0.0001,none,DWG,10,224.0,200.5,0.08902195439995916,1924.7,1.0
radio,watts_strogatz,100,35,dominating,0.0001,none,MS-RG-WT,10,680.7,674.5,0.21644927700008335,3603.0,1.0
radio,watts_strogatz,250,15,connected,0.0,none,CARE-DS,10,1003.6,1002.5,7.04326634199997,22040.0,1.0
radio,watts_strogatz,250,15,connected,0.0,none,D-EAA-ER,10,951.7,961.5,1.4086842546999834,3271.1,1.0
radio,watts_strogatz,250,15,connected,0.0,none,DWG,10,974.5,1000.0,2.918152206100058,51439.7,1.0
radio,watts_strogatz,250,15,connected,0.0,none,MS-RG-WT,10,1014.3,1056.5,2.771053001900009,38882.3,1.0
radio,watts_strogatz,250,15,connected,0.0001,none,CARE-DS,10,967.0,964.0,5.877569403399957,3407.8,1.0
radio,watts_strogatz,250,15,connected,0.0001,none,D-EAA-ER,10,938.1,939.0,1.5284215946999666,3169.5,1.0
radio,watts_strogatz,250,15,connected,0.0001,none,DWG,10,880.9,900.5,2.6969134760999625,46563.7,1.0
radio,watts_strogatz,250,15,connected,0.0001,none,MS-RG-WT,10,942.0,956.5,2.7741825622999388,35980.7,1.0
radio,watts_strogatz,250,15,dominating,0.0,none,CARE-DS,10,204.5,184.0,0.7128827661002106,1225.4,1.0
radio,watts_strogatz,250,15,dominating,0.0,none,D-EAA-ER,10,57.4,56.0,0.023671397599991862,38.8,1.0
radio,watts_strogatz,250,15,dominating,0.0,none,DWG,10,62.6,51.0,0.1854153641000266,1438.8,1.0
radio,watts_strogatz,250,15,dominating,0.0,none,EAA-static,10,151.0,137.5,0.0750823349000711,221.1,1.0
radio,watts_strogatz,250,15,dominating,0.0,none,EAAS-S4C-MAB-R,10,166.4,152.5,0.21440442900002377,9139.7,1.0
radio,watts_strogatz,250,15,dominating,0.0,none,FSS-2026-R,10,161.4,171.5,0.6057186843000636,211.0,1.0
radio,watts_strogatz,250,15,dominating,0.0,none,MS-RG-WT,10,189.0,180.0,0.2828390100999058,1752.1,1.0
radio,watts_strogatz,250,15,dominating,0.0,none,PBIG-R,10,160.4,155.5,0.5987226561000171,217.7,1.0
radio,watts_strogatz,250,15,dominating,0.0001,none,CARE-DS,10,257.2,256.5,0.7172729591999086,309.1,1.0
radio,watts_strogatz,250,15,dominating,0.0001,none,D-EAA-ER,10,57.3,56.0,0.02918547100007341,38.8,1.0
radio,watts_strogatz,250,15,dominating,0.0001,none,DWG,10,67.0,63.5,0.24503984990005848,1591.4,1.0
radio,watts_strogatz,250,15,dominating,0.0001,none,MS-RG-WT,10,212.2,213.0,0.4560604225000134,1872.0,1.0
radio,watts_strogatz,250,25,connected,0.0,none,CARE-DS,10,1649.1,1661.5,11.81979389929993,26841.7,1.0
radio,watts_strogatz,250,25,connected,0.0,none,D-EAA-ER,10,1549.9,1553.5,3.60140562079996,3427.3,1.0
radio,watts_strogatz,250,25,connected,0.0,none,DWG,10,1624.6,1651.5,3.882442629900106,55813.4,1.0
radio,watts_strogatz,250,25,connected,0.0,none,MS-RG-WT,10,1635.5,1633.0,5.43019781389994,44142.9,1.0
radio,watts_strogatz,250,25,connected,0.0001,none,CARE-DS,10,1591.4,1622.5,9.504704199900061,3256.0,1.0
radio,watts_strogatz,250,25,connected,0.0001,none,D-EAA-ER,10,1559.8,1560.5,3.289715862200046,3451.3,1.0
radio,watts_strogatz,250,25,connected,0.0001,none,DWG,10,1459.7,1484.0,3.162578159699933,50099.8,1.0
radio,watts_strogatz,250,25,connected,0.0001,none,MS-RG-WT,10,1508.5,1521.5,4.62429917329996,41574.5,1.0
radio,watts_strogatz,250,25,dominating,0.0,none,CARE-DS,10,583.0,597.0,1.6027085564998742,4197.4,1.0
radio,watts_strogatz,250,25,dominating,0.0,none,D-EAA-ER,10,173.7,179.5,0.11628341850009745,125.0,1.0
radio,watts_strogatz,250,25,dominating,0.0,none,DWG,10,128.8,96.0,0.7143997140002284,2794.3,1.0
radio,watts_strogatz,250,25,dominating,0.0,none,EAA-static,10,282.0,271.0,0.3174167241001669,321.6,1.0
radio,watts_strogatz,250,25,dominating,0.0,none,EAAS-S4C-MAB-R,10,334.6,329.5,1.4585207781999998,12264.3,1.0
radio,watts_strogatz,250,25,dominating,0.0,none,FSS-2026-R,10,289.2,284.0,0.8730643007002982,288.2,1.0
radio,watts_strogatz,250,25,dominating,0.0,none,MS-RG-WT,10,592.7,546.5,1.1290972413998133,6336.7,1.0
radio,watts_strogatz,250,25,dominating,0.0,none,PBIG-R,10,326.8,324.0,1.005716238700097,309.3,1.0
radio,watts_strogatz,250,25,dominating,0.0001,none,CARE-DS,10,511.5,515.5,0.8731115972000225,529.7,1.0
radio,watts_strogatz,250,25,dominating,0.0001,none,D-EAA-ER,10,175.0,175.0,0.08841809209989146,130.3,1.0
radio,watts_strogatz,250,25,dominating,0.0001,none,DWG,10,112.5,90.5,0.26110020979995163,2461.4,1.0
radio,watts_strogatz,250,25,dominating,0.0001,none,MS-RG-WT,10,559.4,562.0,0.5967325092001374,5530.0,1.0
radio,watts_strogatz,250,35,connected,0.0,none,CARE-DS,10,2070.7,2077.5,18.587117512400074,26570.7,1.0
radio,watts_strogatz,250,35,connected,0.0,none,D-EAA-ER,10,1970.5,2025.0,5.175357975299903,3057.0,1.0
radio,watts_strogatz,250,35,connected,0.0,none,DWG,10,1976.4,1978.5,3.8371474286000646,49934.2,1.0
radio,watts_strogatz,250,35,connected,0.0,none,MS-RG-WT,10,2024.4,2018.5,7.714538020300006,44262.1,1.0
radio,watts_strogatz,250,35,connected,0.0001,none,CARE-DS,10,1995.2,1969.5,13.220852167700013,2850.9,1.0
radio,watts_strogatz,250,35,connected,0.0001,none,D-EAA-ER,10,1957.6,2013.0,5.354812356000002,3044.6,1.0
radio,watts_strogatz,250,35,connected,0.0001,none,DWG,10,1786.4,1782.5,3.779270177300032,45131.8,1.0
radio,watts_strogatz,250,35,connected,0.0001,none,MS-RG-WT,10,1892.9,1896.5,7.363229485300008,41021.9,1.0
radio,watts_strogatz,250,35,dominating,0.0,none,CARE-DS,10,810.1,854.0,2.4785093558999507,5130.7,1.0
radio,watts_strogatz,250,35,dominating,0.0,none,D-EAA-ER,10,284.3,293.0,0.06450549580013099,176.7,1.0
radio,watts_strogatz,250,35,dominating,0.0,none,DWG,10,236.4,198.0,0.396382582699789,4702.3,1.0
radio,watts_strogatz,250,35,dominating,0.0,none,EAA-static,10,400.6,407.5,0.3692250116998366,334.1,1.0
radio,watts_strogatz,250,35,dominating,0.0,none,EAAS-S4C-MAB-R,10,501.6,507.5,0.9365009814002405,14278.9,1.0
radio,watts_strogatz,250,35,dominating,0.0,none,FSS-2026-R,10,440.7,424.0,0.89462680000006,333.5,1.0
radio,watts_strogatz,250,35,dominating,0.0,none,MS-RG-WT,10,789.2,832.5,0.6494666716999745,8428.2,1.0
radio,watts_strogatz,250,35,dominating,0.0,none,PBIG-R,10,417.4,408.0,0.8953671361999114,337.8,1.0
radio,watts_strogatz,250,35,dominating,0.0001,none,CARE-DS,10,815.0,837.0,1.5898837560000174,645.0,1.0
radio,watts_strogatz,250,35,dominating,0.0001,none,D-EAA-ER,10,298.4,333.0,0.08314280829990817,181.7,1.0
radio,watts_strogatz,250,35,dominating,0.0001,none,DWG,10,281.4,251.0,0.5225656107998475,5741.5,1.0
radio,watts_strogatz,250,35,dominating,0.0001,none,MS-RG-WT,10,827.4,863.0,0.9150876112001243,8429.8,1.0
radio,watts_strogatz,500,15,connected,0.0,none,CARE-DS,10,1045.4,1068.0,34.72012024099995,53084.4,1.0
radio,watts_strogatz,500,15,connected,0.0,none,D-EAA-ER,10,1020.8,1068.5,10.036406369599899,9192.3,1.0
radio,watts_strogatz,500,15,connected,0.0,none,DWG,10,1035.3,1039.5,9.17282987690005,110833.4,1.0
radio,watts_strogatz,500,15,connected,0.0,none,MS-RG-WT,10,1055.8,1065.0,13.561397974000055,88341.5,1.0
radio,watts_strogatz,500,15,connected,0.0001,none,CARE-DS,10,1040.0,1060.5,32.23239889460001,11181.2,1.0
radio,watts_strogatz,500,15,connected,0.0001,none,D-EAA-ER,10,1031.8,1070.0,10.81342852089997,9803.4,1.0
radio,watts_strogatz,500,15,connected,0.0001,none,DWG,10,921.9,930.0,8.128194000299981,98715.8,1.0
radio,watts_strogatz,500,15,connected,0.0001,none,MS-RG-WT,10,985.1,1005.0,13.249045393699953,81604.5,1.0
radio,watts_strogatz,500,15,dominating,0.0,none,CARE-DS,10,229.4,246.0,1.7017926307999005,2667.7,1.0
radio,watts_strogatz,500,15,dominating,0.0,none,D-EAA-ER,10,80.1,72.5,0.0585430299999643,128.1,1.0
radio,watts_strogatz,500,15,dominating,0.0,none,DWG,10,87.8,72.5,1.1273591794001732,4836.9,1.0
radio,watts_strogatz,500,15,dominating,0.0,none,EAA-static,10,143.6,147.5,0.18165491969984937,395.5,1.0
radio,watts_strogatz,500,15,dominating,0.0,none,EAAS-S4C-MAB-R,10,166.2,172.5,0.45799418389988206,18244.1,1.0
radio,watts_strogatz,500,15,dominating,0.0,none,FSS-2026-R,10,127.5,123.5,0.8358255711000311,377.8,1.0
radio,watts_strogatz,500,15,dominating,0.0,none,MS-RG-WT,10,210.1,210.0,1.1544188940999447,3437.5,1.0
radio,watts_strogatz,500,15,dominating,0.0,none,PBIG-R,10,138.4,126.0,0.8129728250999506,403.9,1.0
radio,watts_strogatz,500,15,dominating,0.0001,none,CARE-DS,10,220.4,218.0,1.5576105969998935,503.1,1.0
radio,watts_strogatz,500,15,dominating,0.0001,none,D-EAA-ER,10,80.0,72.5,0.05597992780003545,127.9,1.0
radio,watts_strogatz,500,15,dominating,0.0001,none,DWG,10,86.3,78.0,0.7123474288998295,4639.9,1.0
radio,watts_strogatz,500,15,dominating,0.0001,none,MS-RG-WT,10,244.7,276.0,0.8427742477002539,2784.3,1.0
radio,watts_strogatz,500,25,connected,0.0,none,CARE-DS,10,1653.8,1639.0,55.09325673349986,52866.6,1.0
radio,watts_strogatz,500,25,connected,0.0,none,D-EAA-ER,10,1582.2,1553.5,20.985915939000098,8871.6,1.0
radio,watts_strogatz,500,25,connected,0.0,none,DWG,10,1647.4,1664.5,10.608060992000038,112261.3,1.0
radio,watts_strogatz,500,25,connected,0.0,none,MS-RG-WT,10,1634.8,1630.0,25.371416871399923,94492.3,1.0
radio,watts_strogatz,500,25,connected,0.0001,none,CARE-DS,10,1634.5,1618.5,50.170401452499846,10272.4,1.0
radio,watts_strogatz,500,25,connected,0.0001,none,D-EAA-ER,10,1570.1,1577.0,20.54611683269991,8564.9,1.0
radio,watts_strogatz,500,25,connected,0.0001,none,DWG,10,1497.3,1493.5,9.191750465399945,102196.2,1.0
radio,watts_strogatz,500,25,connected,0.0001,none,MS-RG-WT,10,1511.4,1506.5,23.7132422314,87534.5,1.0
radio,watts_strogatz,500,25,dominating,0.0,none,CARE-DS,10,402.5,394.5,2.6527838956999403,4112.8,1.0
radio,watts_strogatz,500,25,dominating,0.0,none,D-EAA-ER,10,136.3,141.0,0.08892082669999576,209.0,1.0
radio,watts_strogatz,500,25,dominating,0.0,none,DWG,10,90.3,91.5,0.549080482699992,3752.6,1.0
radio,watts_strogatz,500,25,dominating,0.0,none,EAA-static,10,255.7,256.5,0.37205212029994067,519.0,1.0
radio,watts_strogatz,500,25,dominating,0.0,none,EAAS-S4C-MAB-R,10,277.8,286.0,0.936851170799946,20609.7,1.0
radio,watts_strogatz,500,25,dominating,0.0,none,FSS-2026-R,10,280.7,292.0,0.970176748599988,554.8,1.0
radio,watts_strogatz,500,25,dominating,0.0,none,MS-RG-WT,10,451.5,487.0,1.1008783078001216,6738.4,1.0
radio,watts_strogatz,500,25,dominating,0.0,none,PBIG-R,10,243.9,244.0,0.9770391115997882,528.1,1.0
radio,watts_strogatz,500,25,dominating,0.0001,none,CARE-DS,10,444.5,468.5,2.3158406526998987,843.2,1.0
radio,watts_strogatz,500,25,dominating,0.0001,none,D-EAA-ER,10,133.0,137.5,0.07753734850011819,194.1,1.0
radio,watts_strogatz,500,25,dominating,0.0001,none,DWG,10,89.1,94.5,0.5738486467999792,3764.8,1.0
radio,watts_strogatz,500,25,dominating,0.0001,none,MS-RG-WT,10,409.8,405.0,1.1663911526998163,6774.5,1.0
radio,watts_strogatz,500,35,connected,0.0,none,CARE-DS,10,2156.8,2162.5,84.9172932342999,60459.0,1.0
radio,watts_strogatz,500,35,connected,0.0,none,D-EAA-ER,10,2021.8,1986.5,38.595584749999944,7991.2,1.0
radio,watts_strogatz,500,35,connected,0.0,none,DWG,10,2149.1,2135.5,14.842109919899986,108024.1,1.0
radio,watts_strogatz,500,35,connected,0.0,none,MS-RG-WT,10,2113.6,2104.5,41.70489558929994,95934.5,1.0
radio,watts_strogatz,500,35,connected,0.0001,none,CARE-DS,10,2133.4,2137.0,76.64257138539988,9437.7,1.0
radio,watts_strogatz,500,35,connected,0.0001,none,D-EAA-ER,10,2019.1,2010.5,43.17521326799992,7875.1,1.0
radio,watts_strogatz,500,35,connected,0.0001,none,DWG,10,1928.9,1933.5,10.905563385200049,97335.7,1.0
radio,watts_strogatz,500,35,connected,0.0001,none,MS-RG-WT,10,1947.5,1947.0,33.82879883359997,88142.9,1.0
radio,watts_strogatz,500,35,dominating,0.0,none,CARE-DS,10,810.2,798.0,5.194165453000187,10139.9,1.0
radio,watts_strogatz,500,35,dominating,0.0,none,D-EAA-ER,10,291.1,291.5,0.19775631069987865,373.3,1.0
radio,watts_strogatz,500,35,dominating,0.0,none,DWG,10,188.0,158.5,1.2522452311999586,7204.3,1.0
radio,watts_strogatz,500,35,dominating,0.0,none,EAA-static,10,400.3,392.5,0.9018692614001338,676.6,1.0
radio,watts_strogatz,500,35,dominating,0.0,none,EAAS-S4C-MAB-R,10,465.2,456.0,2.4892717784999148,26282.3,1.0
radio,watts_strogatz,500,35,dominating,0.0,none,FSS-2026-R,10,404.8,374.5,1.662800750400129,652.1,1.0
radio,watts_strogatz,500,35,dominating,0.0,none,MS-RG-WT,10,776.1,758.0,2.2644542375996934,13649.4,1.0
radio,watts_strogatz,500,35,dominating,0.0,none,PBIG-R,10,403.3,392.5,1.6267873804002193,644.5,1.0
radio,watts_strogatz,500,35,dominating,0.0001,none,CARE-DS,10,794.0,836.5,3.308470614399994,1223.7,1.0
radio,watts_strogatz,500,35,dominating,0.0001,none,D-EAA-ER,10,272.6,291.0,0.18056159380003003,328.5,1.0
radio,watts_strogatz,500,35,dominating,0.0001,none,DWG,10,184.2,188.0,1.2690564247998737,7142.6,1.0
radio,watts_strogatz,500,35,dominating,0.0001,none,MS-RG-WT,10,752.6,762.0,2.1455541530998743,13129.8,1.0
failures,barabasi_albert,100,15,connected,0.25,none,CARE-DS,10,292.1,294.0,0.15488508060016098,387.9,1.0
failures,barabasi_albert,100,15,connected,0.25,none,D-EAA-ER,10,293.0,298.0,0.05344784640010397,348.0,1.0
failures,barabasi_albert,100,15,connected,0.25,none,DWG,10,274.4,270.5,0.2054080516001704,5665.8,1.0
failures,barabasi_albert,100,15,connected,0.25,none,MS-RG-WT,10,265.3,260.0,0.19591011369984696,4019.1,1.0
failures,barabasi_albert,100,15,connected,0.25,random,CARE-DS,10,294.8,293.0,0.16343204959985083,385.3,1.0
failures,barabasi_albert,100,15,connected,0.25,random,D-EAA-ER,10,290.5,291.5,0.05911933249981298,370.3,1.0
failures,barabasi_albert,100,15,connected,0.25,random,DWG,10,263.7,264.5,0.19474082109982188,5266.2,1.0
failures,barabasi_albert,100,15,connected,0.25,random,MS-RG-WT,10,259.6,259.5,0.21433984280010918,3666.8,1.0
failures,barabasi_albert,100,15,connected,0.25,targeted,CARE-DS,10,317.5,315.0,0.18830163050024562,454.5,1.0
failures,barabasi_albert,100,15,connected,0.25,targeted,D-EAA-ER,10,306.4,313.0,0.06550791689978722,373.0,1.0
failures,barabasi_albert,100,15,connected,0.25,targeted,DWG,10,285.5,283.0,0.21595740629991264,5674.3,1.0
failures,barabasi_albert,100,15,connected,0.25,targeted,MS-RG-WT,10,279.7,279.0,0.23440390479991033,4023.5,1.0
failures,barabasi_albert,100,15,dominating,0.25,none,CARE-DS,10,331.4,335.0,0.12065122290005088,488.3,1.0
failures,barabasi_albert,100,15,dominating,0.25,none,D-EAA-ER,10,328.8,326.0,0.02230160589988367,486.5,1.0
failures,barabasi_albert,100,15,dominating,0.25,none,DWG,10,305.6,302.0,0.18420632459992697,7028.0,1.0
failures,barabasi_albert,100,15,dominating,0.25,none,EAAS-S4C-MAB-R,10,179.3,178.0,0.049210250000032776,5196.4,1.0
failures,barabasi_albert,100,15,dominating,0.25,none,MS-RG-WT,10,291.0,291.0,0.11361984720006144,4671.1,1.0
failures,barabasi_albert,100,15,dominating,0.25,random,CARE-DS,10,329.5,334.5,0.11413325969997454,489.5,1.0
failures,barabasi_albert,100,15,dominating,0.25,random,D-EAA-ER,10,327.6,334.0,0.02046932860012016,460.1,1.0
failures,barabasi_albert,100,15,dominating,0.25,random,DWG,10,293.7,297.0,0.17341180840003287,6579.4,1.0
failures,barabasi_albert,100,15,dominating,0.25,random,EAAS-S4C-MAB-R,10,125.5,121.0,0.03138794530004811,3326.9,1.0
failures,barabasi_albert,100,15,dominating,0.25,random,MS-RG-WT,10,282.7,283.5,0.124561919899952,4601.4,1.0
failures,barabasi_albert,100,15,dominating,0.25,targeted,CARE-DS,10,344.9,344.0,0.1176496922999831,521.9,1.0
failures,barabasi_albert,100,15,dominating,0.25,targeted,D-EAA-ER,10,341.6,351.0,0.02167388129983005,485.4,1.0
failures,barabasi_albert,100,15,dominating,0.25,targeted,DWG,10,313.6,316.0,0.17826327920010948,6903.9,1.0
failures,barabasi_albert,100,15,dominating,0.25,targeted,EAAS-S4C-MAB-R,10,161.6,155.0,0.04211030689994001,4484.4,1.0
failures,barabasi_albert,100,15,dominating,0.25,targeted,MS-RG-WT,10,300.4,289.0,0.12010947820008366,4737.0,1.0
failures,barabasi_albert,100,25,connected,0.25,none,CARE-DS,10,472.3,476.5,0.2224793375999979,504.4,1.0
failures,barabasi_albert,100,25,connected,0.25,none,D-EAA-ER,10,468.2,459.5,0.1380293954999615,466.5,1.0
failures,barabasi_albert,100,25,connected,0.25,none,DWG,10,440.1,447.0,0.3644641974000478,7406.0,1.0
failures,barabasi_albert,100,25,connected,0.25,none,MS-RG-WT,10,421.9,422.5,0.35934060580002547,5533.9,1.0
failures,barabasi_albert,100,25,connected,0.25,random,CARE-DS,10,461.4,459.5,0.2451434484999481,501.5,1.0
failures,barabasi_albert,100,25,connected,0.25,random,D-EAA-ER,10,442.5,447.0,0.12380518859972649,435.1,1.0
failures,barabasi_albert,100,25,connected,0.25,random,DWG,10,421.0,428.5,0.330200154600061,6886.5,1.0
failures,barabasi_albert,100,25,connected,0.25,random,MS-RG-WT,10,408.8,413.5,0.38695464820002595,5291.2,1.0
failures,barabasi_albert,100,25,connected,0.25,targeted,CARE-DS,10,485.4,481.5,0.24051594259981351,521.2,1.0
failures,barabasi_albert,100,25,connected,0.25,targeted,D-EAA-ER,10,482.3,481.5,0.12994300989994367,466.3,1.0
failures,barabasi_albert,100,25,connected,0.25,targeted,DWG,10,451.7,450.0,0.3287892718001785,7278.0,1.0
failures,barabasi_albert,100,25,connected,0.25,targeted,MS-RG-WT,10,428.1,432.0,0.36916221060000676,5547.3,1.0
failures,barabasi_albert,100,25,dominating,0.25,none,CARE-DS,10,482.6,491.5,0.18883400410013562,602.9,1.0
failures,barabasi_albert,100,25,dominating,0.25,none,D-EAA-ER,10,466.6,464.0,0.039185502400050545,541.9,1.0
failures,barabasi_albert,100,25,dominating,0.25,none,DWG,10,451.6,458.0,0.2657005875000322,8329.2,1.0
failures,barabasi_albert,100,25,dominating,0.25,none,EAAS-S4C-MAB-R,10,271.7,268.5,0.10825549780010986,6376.2,1.0
failures,barabasi_albert,100,25,dominating,0.25,none,MS-RG-WT,10,424.5,429.0,0.19557740770005688,6351.0,1.0
failures,barabasi_albert,100,25,dominating,0.25,random,CARE-DS,10,469.5,473.5,0.19204778749999601,617.7,1.0
failures,barabasi_albert,100,25,dominating,0.25,random,D-EAA-ER,10,453.7,458.0,0.04211452310009914,533.9,1.0
failures,barabasi_albert,100,25,dominating,0.25,random,DWG,10,438.7,444.5,0.2846915555997839,7941.1,1.0
failures,barabasi_albert,100,25,dominating,0.25,random,EAAS-S4C-MAB-R,10,175.7,180.0,0.06950796079981951,3795.7,1.0
failures,barabasi_albert,100,25,dominating,0.25,random,MS-RG-WT,10,415.2,422.0,0.21021429799993707,5834.4,1.0
failures,barabasi_albert,100,25,dominating,0.25,targeted,CARE-DS,10,482.9,483.5,0.17625761290000808,607.6,1.0
failures,barabasi_albert,100,25,dominating,0.25,targeted,D-EAA-ER,10,474.4,476.5,0.04734152889986939,557.3,1.0
failures,barabasi_albert,100,25,dominating,0.25,targeted,DWG,10,461.0,463.0,0.2780223765000301,8054.1,1.0
failures,barabasi_albert,100,25,dominating,0.25,targeted,EAAS-S4C-MAB-R,10,217.9,223.0,0.09508945680008762,5014.5,1.0
failures,barabasi_albert,100,25,dominating,0.25,targeted,MS-RG-WT,10,437.0,436.5,0.2201497832999848,6066.4,1.0
failures,barabasi_albert,100,35,connected,0.25,none,CARE-DS,10,727.5,728.5,0.36672270439994464,576.8,1.0
failures,barabasi_albert,100,35,connected,0.25,none,D-EAA-ER,10,689.4,686.0,0.17548805080014057,471.2,1.0
failures,barabasi_albert,100,35,connected,0.25,none,DWG,10,670.3,670.5,0.38709767419995844,8413.0,1.0
failures,barabasi_albert,100,35,connected,0.25,none,MS-RG-WT,10,638.4,646.0,0.4307742776999476,6855.7,1.0
failures,barabasi_albert,100,35,connected,0.25,random,CARE-DS,10,698.4,692.0,0.4090022401999704,541.3,1.0
failures,barabasi_albert,100,35,connected,0.25,random,D-EAA-ER,10,678.3,680.5,0.1674945538999054,484.1,1.0
failures,barabasi_albert,100,35,connected,0.25,random,DWG,10,646.5,637.5,0.3756713505000334,8003.6,1.0
failures,barabasi_albert,100,35,connected,0.25,random,MS-RG-WT,10,616.8,617.5,0.42013937820001956,6502.7,1.0
failures,barabasi_albert,100,35,connected,0.25,targeted,CARE-DS,10,751.9,743.5,0.40397437880019427,573.2,1.0
failures,barabasi_albert,100,35,connected,0.25,targeted,D-EAA-ER,10,722.8,720.0,0.183417942700089,495.0,1.0
failures,barabasi_albert,100,35,connected,0.25,targeted,DWG,10,703.0,693.0,0.38770811539989153,8260.0,1.0
failures,barabasi_albert,100,35,connected,0.25,targeted,MS-RG-WT,10,657.4,645.0,0.4476869145000819,6786.8,1.0
failures,barabasi_albert,100,35,dominating,0.25,none,CARE-DS,10,669.6,670.5,0.18757469769980156,640.0,1.0
failures,barabasi_albert,100,35,dominating,0.25,none,D-EAA-ER,10,652.0,651.0,0.049849948200062444,543.7,1.0
failures,barabasi_albert,100,35,dominating,0.25,none,DWG,10,642.4,645.5,0.2801003120001951,8870.8,1.0
failures,barabasi_albert,100,35,dominating,0.25,none,EAAS-S4C-MAB-R,10,409.3,414.5,0.1787972369000272,7164.0,1.0
failures,barabasi_albert,100,35,dominating,0.25,none,MS-RG-WT,10,599.9,597.5,0.21034556539998447,7034.7,1.0
failures,barabasi_albert,100,35,dominating,0.25,random,CARE-DS,10,659.5,652.0,0.1833833644998776,617.0,1.0
failures,barabasi_albert,100,35,dominating,0.25,random,D-EAA-ER,10,626.7,632.0,0.04626526739984906,555.7,1.0
failures,barabasi_albert,100,35,dominating,0.25,random,DWG,10,620.1,616.0,0.26576584190006536,8525.8,1.0
failures,barabasi_albert,100,35,dominating,0.25,random,EAAS-S4C-MAB-R,10,309.7,315.0,0.1258967380001195,5297.0,1.0
failures,barabasi_albert,100,35,dominating,0.25,random,MS-RG-WT,10,577.6,573.5,0.2059549811999204,6876.6,1.0
failures,barabasi_albert,100,35,dominating,0.25,targeted,CARE-DS,10,687.0,689.5,0.1637489969000853,673.6,1.0
failures,barabasi_albert,100,35,dominating,0.25,targeted,D-EAA-ER,10,661.2,660.5,0.04914785929995555,559.7,1.0
failures,barabasi_albert,100,35,dominating,0.25,targeted,DWG,10,655.8,649.0,0.27269113010015644,8598.5,1.0
failures,barabasi_albert,100,35,dominating,0.25,targeted,EAAS-S4C-MAB-R,10,341.6,331.5,0.1369485618000908,5811.3,1.0
failures,barabasi_albert,100,35,dominating,0.25,targeted,MS-RG-WT,10,609.0,606.0,0.21595343329981914,6906.9,1.0
failures,barabasi_albert,250,15,connected,0.25,none,CARE-DS,10,266.9,269.0,0.7935646775001259,1065.6,1.0
failures,barabasi_albert,250,15,connected,0.25,none,D-EAA-ER,10,280.4,286.0,0.35977454190006025,1066.8,1.0
failures,barabasi_albert,250,15,connected,0.25,none,DWG,10,245.4,256.5,0.7143918955001937,12418.3,1.0
failures,barabasi_albert,250,15,connected,0.25,none,MS-RG-WT,10,230.8,237.5,1.0743060275000063,9048.6,1.0
failures,barabasi_albert,250,15,connected,0.25,random,CARE-DS,10,251.9,258.5,0.9150728429000082,1000.7,1.0
failures,barabasi_albert,250,15,connected,0.25,random,D-EAA-ER,10,261.8,265.0,0.3959236150001743,935.2,1.0
failures,barabasi_albert,250,15,connected,0.25,random,DWG,10,225.7,230.0,0.5918576906999988,10827.4,1.0
failures,barabasi_albert,250,15,connected,0.25,random,MS-RG-WT,10,219.6,225.5,1.0170671831998335,8159.1,1.0
failures,barabasi_albert,250,15,connected,0.25,targeted,CARE-DS,10,281.4,281.0,0.9740443237999898,1189.9,1.0
failures,barabasi_albert,250,15,connected,0.25,targeted,D-EAA-ER,10,290.6,289.0,0.4938112301999354,1087.4,1.0
failures,barabasi_albert,250,15,connected,0.25,targeted,DWG,10,259.2,261.0,0.6767641133000325,12746.6,1.0
failures,barabasi_albert,250,15,connected,0.25,targeted,MS-RG-WT,10,250.0,250.5,1.1150203607001459,8269.8,1.0
failures,barabasi_albert,250,15,dominating,0.25,none,CARE-DS,10,304.2,305.5,0.3660626080999464,1476.5,1.0
failures,barabasi_albert,250,15,dominating,0.25,none,D-EAA-ER,10,309.7,313.5,0.04708207579988079,1188.4,1.0
failures,barabasi_albert,250,15,dominating,0.25,none,DWG,10,278.2,277.5,0.5602962180000759,15519.4,1.0
failures,barabasi_albert,250,15,dominating,0.25,none,EAAS-S4C-MAB-R,10,147.0,147.0,0.06565967009992159,10728.2,1.0
failures,barabasi_albert,250,15,dominating,0.25,none,MS-RG-WT,10,265.2,264.5,0.29656482149994184,11060.0,1.0
failures,barabasi_albert,250,15,dominating,0.25,random,CARE-DS,10,301.3,304.5,0.3548221198000647,1411.8,1.0
failures,barabasi_albert,250,15,dominating,0.25,random,D-EAA-ER,10,301.6,309.0,0.05699072049983438,1277.9,1.0
failures,barabasi_albert,250,15,dominating,0.25,random,DWG,10,260.7,264.5,0.557881194499896,14003.0,1.0
failures,barabasi_albert,250,15,dominating,0.25,random,EAAS-S4C-MAB-R,10,61.3,59.0,0.0411662355998487,3284.7,1.0
failures,barabasi_albert,250,15,dominating,0.25,random,MS-RG-WT,10,258.7,256.0,0.3268851329002246,10124.0,1.0
failures,barabasi_albert,250,15,dominating,0.25,targeted,CARE-DS,10,326.7,325.0,0.3590830799998912,1567.0,1.0
failures,barabasi_albert,250,15,dominating,0.25,targeted,D-EAA-ER,10,322.8,322.5,0.056449089499983486,1288.4,1.0
failures,barabasi_albert,250,15,dominating,0.25,targeted,DWG,10,294.0,290.5,0.5752651898000295,15709.7,1.0
failures,barabasi_albert,250,15,dominating,0.25,targeted,EAAS-S4C-MAB-R,10,98.6,105.0,0.051378892299908274,6026.7,1.0
failures,barabasi_albert,250,15,dominating,0.25,targeted,MS-RG-WT,10,280.1,274.5,0.3285133293999024,10339.8,1.0
failures,barabasi_albert,250,25,connected,0.25,none,CARE-DS,10,421.1,419.5,1.161260351599958,1523.9,1.0
failures,barabasi_albert,250,25,connected,0.25,none,D-EAA-ER,10,418.4,423.0,0.7585619748000682,1242.3,1.0
failures,barabasi_albert,250,25,connected,0.25,none,DWG,10,397.6,398.0,1.071329556999808,17164.4,1.0
failures,barabasi_albert,250,25,connected,0.25,none,MS-RG-WT,10,379.7,383.0,1.5949900626999807,13389.8,1.0
failures,barabasi_albert,250,25,connected,0.25,random,CARE-DS,10,399.7,403.0,1.304869584899916,1399.4,1.0
failures,barabasi_albert,250,25,connected,0.25,random,D-EAA-ER,10,405.7,406.5,0.9134640502998991,1280.0,1.0
failures,barabasi_albert,250,25,connected,0.25,random,DWG,10,367.5,372.0,1.007002918499893,15431.3,1.0
failures,barabasi_albert,250,25,connected,0.25,random,MS-RG-WT,10,351.9,357.5,1.8713109664000513,11617.5,1.0
failures,barabasi_albert,250,25,connected,0.25,targeted,CARE-DS,10,434.9,430.5,1.3616024711996944,1558.5,1.0
failures,barabasi_albert,250,25,connected,0.25,targeted,D-EAA-ER,10,441.5,445.5,0.9207706802000757,1348.6,1.0
failures,barabasi_albert,250,25,connected,0.25,targeted,DWG,10,408.7,408.5,1.0606101267000667,16892.5,1.0
failures,barabasi_albert,250,25,connected,0.25,targeted,MS-RG-WT,10,392.2,396.0,1.9212977106001745,13230.0,1.0
failures,barabasi_albert,250,25,dominating,0.25,none,CARE-DS,10,448.7,450.5,0.5659138358001655,1760.3,1.0
failures,barabasi_albert,250,25,dominating,0.25,none,D-EAA-ER,10,438.9,445.5,0.0888363995998588,1422.0,1.0
failures,barabasi_albert,250,25,dominating,0.25,none,DWG,10,423.8,428.0,0.8395917391999319,19270.8,1.0
failures,barabasi_albert,250,25,dominating,0.25,none,EAAS-S4C-MAB-R,10,233.4,240.0,0.14959373329984368,13892.0,1.0
failures,barabasi_albert,250,25,dominating,0.25,none,MS-RG-WT,10,401.6,409.0,0.48266701280008417,14239.5,1.0
failures,barabasi_albert,250,25,dominating,0.25,random,CARE-DS,10,432.1,436.5,0.5033713712000463,1687.4,1.0
failures,barabasi_albert,250,25,dominating,0.25,random,D-EAA-ER,10,427.3,435.5,0.09194494400016988,1378.1,1.0
failures,barabasi_albert,250,25,dominating,0.25,random,DWG,10,403.4,403.0,0.8450316409000151,18099.0,1.0
failures,barabasi_albert,250,25,dominating,0.25,random,EAAS-S4C-MAB-R,10,104.0,101.0,0.08963117930006771,4896.6,1.0
failures,barabasi_albert,250,25,dominating,0.25,random,MS-RG-WT,10,379.4,380.5,0.4636330026001815,13159.5,1.0
failures,barabasi_albert,250,25,dominating,0.25,targeted,CARE-DS,10,458.3,462.5,0.5625968183000623,1823.4,1.0
failures,barabasi_albert,250,25,dominating,0.25,targeted,D-EAA-ER,10,452.9,456.0,0.09687662419983095,1436.2,1.0
failures,barabasi_albert,250,25,dominating,0.25,targeted,DWG,10,441.7,442.5,0.8734176515999934,19202.6,1.0
failures,barabasi_albert,250,25,dominating,0.25,targeted,EAAS-S4C-MAB-R,10,161.8,159.0,0.11256600760007127,8757.0,1.0
failures,barabasi_albert,250,25,dominating,0.25,targeted,MS-RG-WT,10,414.2,415.5,0.5138844437000444,14067.8,1.0
failures,barabasi_albert,250,35,connected,0.25,none,CARE-DS,10,611.0,610.0,2.0001151109999227,1769.9,1.0
failures,barabasi_albert,250,35,connected,0.25,none,D-EAA-ER,10,608.7,608.0,1.4948481497001012,1559.8,1.0
failures,barabasi_albert,250,35,connected,0.25,none,DWG,10,595.2,593.0,1.5090240402000745,19957.9,1.0
failures,barabasi_albert,250,35,connected,0.25,none,MS-RG-WT,10,553.3,553.5,2.4524563866998506,15694.9,1.0
failures,barabasi_albert,250,35,connected,0.25,random,CARE-DS,10,595.6,599.5,2.2970394043999476,1721.9,1.0
failures,barabasi_albert,250,35,connected,0.25,random,D-EAA-ER,10,595.3,591.0,1.5430766081998626,1500.2,1.0
failures,barabasi_albert,250,35,connected,0.25,random,DWG,10,564.9,564.5,1.401769550100107,18683.5,1.0
failures,barabasi_albert,250,35,connected,0.25,random,MS-RG-WT,10,538.5,537.5,2.7015263648001566,14641.9,1.0
failures,barabasi_albert,250,35,connected,0.25,targeted,CARE-DS,10,627.1,628.0,2.33530037549981,1853.7,1.0
failures,barabasi_albert,250,35,connected,0.25,targeted,D-EAA-ER,10,620.4,617.0,1.6432011821000743,1502.4,1.0
failures,barabasi_albert,250,35,connected,0.25,targeted,DWG,10,606.1,605.5,1.435000025500085,19299.1,1.0
failures,barabasi_albert,250,35,connected,0.25,targeted,MS-RG-WT,10,560.1,562.0,2.7376521128000606,14877.0,1.0
failures,barabasi_albert,250,35,dominating,0.25,none,CARE-DS,10,611.3,612.0,0.6726777352000681,2070.3,1.0
failures,barabasi_albert,250,35,dominating,0.25,none,D-EAA-ER,10,595.2,599.0,0.15289740170010185,1658.7,1.0
failures,barabasi_albert,250,35,dominating,0.25,none,DWG,10,597.3,597.5,1.1617391682002562,20961.4,1.0
failures,barabasi_albert,250,35,dominating,0.25,none,EAAS-S4C-MAB-R,10,355.5,358.0,0.3264867333999063,16343.4,1.0
failures,barabasi_albert,250,35,dominating,0.25,none,MS-RG-WT,10,549.6,554.0,0.6472039712001788,15981.1,1.0
failures,barabasi_albert,250,35,dominating,0.25,random,CARE-DS,10,593.3,592.5,0.6594520311999986,2049.2,1.0
failures,barabasi_albert,250,35,dominating,0.25,random,D-EAA-ER,10,577.0,572.0,0.15090640850012274,1538.0,1.0
failures,barabasi_albert,250,35,dominating,0.25,random,DWG,10,577.4,576.5,1.0938306407998426,20047.1,1.0
failures,barabasi_albert,250,35,dominating,0.25,random,EAAS-S4C-MAB-R,10,164.7,167.5,0.1504306437002924,7255.7,1.0
failures,barabasi_albert,250,35,dominating,0.25,random,MS-RG-WT,10,530.3,529.5,0.6611335826999494,15340.7,1.0
failures,barabasi_albert,250,35,dominating,0.25,targeted,CARE-DS,10,618.9,622.5,0.6834604569000475,1993.6,1.0
failures,barabasi_albert,250,35,dominating,0.25,targeted,D-EAA-ER,10,603.5,605.5,0.16833056109999228,1551.7,1.0
failures,barabasi_albert,250,35,dominating,0.25,targeted,DWG,10,607.4,610.0,1.1544610347999877,20205.2,1.0
failures,barabasi_albert,250,35,dominating,0.25,targeted,EAAS-S4C-MAB-R,10,238.1,244.0,0.21050867539997847,10611.7,1.0
failures,barabasi_albert,250,35,dominating,0.25,targeted,MS-RG-WT,10,556.5,567.0,0.714152786899831,15344.8,1.0
failures,barabasi_albert,500,15,connected,0.25,none,CARE-DS,10,255.6,256.0,4.930355924299965,2523.1,1.0
failures,barabasi_albert,500,15,connected,0.25,none,D-EAA-ER,10,267.1,272.0,2.0386620879999104,2090.0,1.0
failures,barabasi_albert,500,15,connected,0.25,none,DWG,10,232.2,232.5,2.142264212400005,22872.9,1.0
failures,barabasi_albert,500,15,connected,0.25,none,MS-RG-WT,10,223.9,223.0,5.016747253099948,17125.3,1.0
failures,barabasi_albert,500,15,connected,0.25,random,CARE-DS,10,242.4,242.0,5.597303225399992,2147.0,1.0
failures,barabasi_albert,500,15,connected,0.25,random,D-EAA-ER,10,251.1,256.0,2.6327589605999493,1898.3,1.0
failures,barabasi_albert,500,15,connected,0.25,random,DWG,10,216.1,216.5,2.095895744400059,20482.1,1.0
failures,barabasi_albert,500,15,connected,0.25,random,MS-RG-WT,10,210.5,213.0,6.368297635900035,15026.1,1.0
failures,barabasi_albert,500,15,connected,0.25,targeted,CARE-DS,10,268.9,273.5,6.107725870599916,2340.7,1.0
failures,barabasi_albert,500,15,connected,0.25,targeted,D-EAA-ER,10,281.0,280.5,3.1489619515000413,2243.6,1.0
failures,barabasi_albert,500,15,connected,0.25,targeted,DWG,10,242.0,243.0,2.0731644634999613,22981.6,1.0
failures,barabasi_albert,500,15,connected,0.25,targeted,MS-RG-WT,10,238.7,238.5,6.299846705699929,17235.2,1.0
failures,barabasi_albert,500,15,dominating,0.25,none,CARE-DS,10,300.3,304.5,1.1365359544000058,2945.5,1.0
failures,barabasi_albert,500,15,dominating,0.25,none,D-EAA-ER,10,311.2,314.0,0.15274832890017928,2756.3,1.0
failures,barabasi_albert,500,15,dominating,0.25,none,DWG,10,271.3,278.5,1.733251719799864,29484.2,1.0
failures,barabasi_albert,500,15,dominating,0.25,none,EAAS-S4C-MAB-R,10,131.5,136.5,0.15232785179996422,17945.2,1.0
failures,barabasi_albert,500,15,dominating,0.25,none,MS-RG-WT,10,260.5,270.0,0.9729835459000242,20395.9,1.0
failures,barabasi_albert,500,15,dominating,0.25,random,CARE-DS,10,290.5,279.5,1.045066501800011,2546.2,1.0
failures,barabasi_albert,500,15,dominating,0.25,random,D-EAA-ER,10,300.8,304.5,0.13578660099992698,2626.5,1.0
failures,barabasi_albert,500,15,dominating,0.25,random,DWG,10,253.8,266.5,1.615969554000094,26600.2,1.0
failures,barabasi_albert,500,15,dominating,0.25,random,EAAS-S4C-MAB-R,10,46.5,46.0,0.10084163909996273,3767.1,1.0
failures,barabasi_albert,500,15,dominating,0.25,random,MS-RG-WT,10,251.6,252.5,0.945561715399981,19160.0,1.0
failures,barabasi_albert,500,15,dominating,0.25,targeted,CARE-DS,10,322.7,323.0,1.1709377192998545,3242.1,1.0
failures,barabasi_albert,500,15,dominating,0.25,targeted,D-EAA-ER,10,322.1,320.0,0.15100042169988226,2710.9,1.0
failures,barabasi_albert,500,15,dominating,0.25,targeted,DWG,10,287.3,289.5,1.793327795299956,30026.6,1.0
failures,barabasi_albert,500,15,dominating,0.25,targeted,EAAS-S4C-MAB-R,10,73.3,71.5,0.115028864100077,7062.4,1.0
failures,barabasi_albert,500,15,dominating,0.25,targeted,MS-RG-WT,10,283.1,284.5,1.0079213687999071,20786.6,1.0
failures,barabasi_albert,500,25,connected,0.25,none,CARE-DS,10,394.3,399.0,5.956092259100115,3333.8,1.0
failures,barabasi_albert,500,25,connected,0.25,none,D-EAA-ER,10,410.2,411.0,4.09730355010006,2860.1,1.0
failures,barabasi_albert,500,25,connected,0.25,none,DWG,10,364.4,368.5,2.893787269799941,31383.3,1.0
failures,barabasi_albert,500,25,connected,0.25,none,MS-RG-WT,10,358.6,363.0,7.395136824799829,24905.4,1.0
failures,barabasi_albert,500,25,connected,0.25,random,CARE-DS,10,387.5,387.0,7.428692857199894,3130.8,1.0
failures,barabasi_albert,500,25,connected,0.25,random,D-EAA-ER,10,395.4,398.0,4.927996876099951,2664.0,1.0
failures,barabasi_albert,500,25,connected,0.25,random,DWG,10,347.2,360.0,2.782746034900083,29283.1,1.0
failures,barabasi_albert,500,25,connected,0.25,random,MS-RG-WT,10,341.3,341.0,9.20193625030015,23504.5,1.0
failures,barabasi_albert,500,25,connected,0.25,targeted,CARE-DS,10,419.5,419.0,7.890622155099936,3374.2,1.0
failures,barabasi_albert,500,25,connected,0.25,targeted,D-EAA-ER,10,418.4,415.0,5.397677158500119,2805.0,1.0
failures,barabasi_albert,500,25,connected,0.25,targeted,DWG,10,379.1,381.5,2.8432780874997663,31397.0,1.0
failures,barabasi_albert,500,25,connected,0.25,targeted,MS-RG-WT,10,364.5,362.0,9.376329795199855,23040.9,1.0
failures,barabasi_albert,500,25,dominating,0.25,none,CARE-DS,10,438.4,441.5,1.5973547229998986,4038.6,1.0
failures,barabasi_albert,500,25,dominating,0.25,none,D-EAA-ER,10,422.6,423.5,0.2354853005999757,2956.9,1.0
failures,barabasi_albert,500,25,dominating,0.25,none,DWG,10,407.2,414.0,2.636339727799805,37114.9,1.0
failures,barabasi_albert,500,25,dominating,0.25,none,EAAS-S4C-MAB-R,10,210.7,209.0,0.34770474150009245,25447.8,1.0
failures,barabasi_albert,500,25,dominating,0.25,none,MS-RG-WT,10,385.7,392.0,1.2682841327999086,27396.8,1.0
failures,barabasi_albert,500,25,dominating,0.25,random,CARE-DS,10,422.1,419.5,1.473535715700018,3640.1,1.0
failures,barabasi_albert,500,25,dominating,0.25,random,D-EAA-ER,10,423.7,428.5,0.24219434960004943,3112.2,1.0
failures,barabasi_albert,500,25,dominating,0.25,random,DWG,10,376.8,382.0,2.306603040900245,33538.5,1.0
failures,barabasi_albert,500,25,dominating,0.25,random,EAAS-S4C-MAB-R,10,67.1,60.0,0.16047432810000822,4979.7,1.0
failures,barabasi_albert,500,25,dominating,0.25,random,MS-RG-WT,10,371.7,377.0,1.233444104999944,25159.8,1.0
failures,barabasi_albert,500,25,dominating,0.25,targeted,CARE-DS,10,448.7,452.0,1.4194761173999724,3934.0,1.0
failures,barabasi_albert,500,25,dominating,0.25,targeted,D-EAA-ER,10,450.7,454.0,0.24843192940015793,3367.8,1.0
failures,barabasi_albert,500,25,dominating,0.25,targeted,DWG,10,415.6,423.0,2.388940489200013,36015.3,1.0
failures,barabasi_albert,500,25,dominating,0.25,targeted,EAAS-S4C-MAB-R,10,121.5,116.5,0.21171145669986796,12783.6,1.0
failures,barabasi_albert,500,25,dominating,0.25,targeted,MS-RG-WT,10,391.6,395.5,1.2364542589998564,24678.9,1.0
failures,barabasi_albert,500,35,connected,0.25,none,CARE-DS,10,597.4,596.5,9.697001768599966,4295.1,1.0
failures,barabasi_albert,500,35,connected,0.25,none,D-EAA-ER,10,601.1,601.0,7.868463915299981,3472.0,1.0
failures,barabasi_albert,500,35,connected,0.25,none,DWG,10,573.5,568.5,4.34642942449982,39465.3,1.0
failures,barabasi_albert,500,35,connected,0.25,none,MS-RG-WT,10,534.1,530.5,11.76711260330003,31035.0,1.0
failures,barabasi_albert,500,35,connected,0.25,random,CARE-DS,10,567.2,566.0,10.372588323599848,3839.6,1.0
failures,barabasi_albert,500,35,connected,0.25,random,D-EAA-ER,10,571.1,571.5,8.147618034500193,3034.5,1.0
failures,barabasi_albert,500,35,connected,0.25,random,DWG,10,540.2,541.0,4.009596661499927,36281.2,1.0
failures,barabasi_albert,500,35,connected,0.25,random,MS-RG-WT,10,516.7,515.0,12.983599306699944,28413.2,1.0
failures,barabasi_albert,500,35,connected,0.25,targeted,CARE-DS,10,600.7,605.5,10.728220291700017,4099.9,1.0
failures,barabasi_albert,500,35,connected,0.25,targeted,D-EAA-ER,10,609.7,604.0,8.758799337700292,3405.3,1.0
failures,barabasi_albert,500,35,connected,0.25,targeted,DWG,10,582.0,574.5,4.102625622000232,37993.2,1.0
failures,barabasi_albert,500,35,connected,0.25,targeted,MS-RG-WT,10,541.0,538.0,12.86486169309992,28716.7,1.0
failures,barabasi_albert,500,35,dominating,0.25,none,CARE-DS,10,605.1,608.0,2.0219356871000853,4532.0,1.0
failures,barabasi_albert,500,35,dominating,0.25,none,D-EAA-ER,10,598.8,596.5,0.3800112923999222,3465.3,1.0
failures,barabasi_albert,500,35,dominating,0.25,none,DWG,10,591.2,590.5,3.66637897419987,41643.5,1.0
failures,barabasi_albert,500,35,dominating,0.25,none,EAAS-S4C-MAB-R,10,336.5,340.0,0.7173342807998779,31597.4,1.0
failures,barabasi_albert,500,35,dominating,0.25,none,MS-RG-WT,10,541.2,534.5,1.8399050080000052,31158.1,1.0
failures,barabasi_albert,500,35,dominating,0.25,random,CARE-DS,10,585.1,586.0,1.9718721584999002,4323.6,1.0
failures,barabasi_albert,500,35,dominating,0.25,random,D-EAA-ER,10,583.4,584.0,0.3432907868997972,3428.6,1.0
failures,barabasi_albert,500,35,dominating,0.25,random,DWG,10,566.1,565.5,3.3244471988999975,39264.2,1.0
failures,barabasi_albert,500,35,dominating,0.25,random,EAAS-S4C-MAB-R,10,95.3,99.0,0.26352409139990407,6728.2,1.0
failures,barabasi_albert,500,35,dominating,0.25,random,MS-RG-WT,10,527.2,528.5,1.697012788900065,29418.8,1.0
failures,barabasi_albert,500,35,dominating,0.25,targeted,CARE-DS,10,611.1,613.0,1.889883647899842,4376.2,1.0
failures,barabasi_albert,500,35,dominating,0.25,targeted,D-EAA-ER,10,601.1,600.5,0.35106606769995774,3394.4,1.0
failures,barabasi_albert,500,35,dominating,0.25,targeted,DWG,10,597.0,594.0,3.305936351499804,40018.8,1.0
failures,barabasi_albert,500,35,dominating,0.25,targeted,EAAS-S4C-MAB-R,10,152.0,149.5,0.36150074219995076,12462.7,1.0
failures,barabasi_albert,500,35,dominating,0.25,targeted,MS-RG-WT,10,551.1,543.0,1.7581710649000342,29162.0,1.0
failures,clustered,100,15,connected,0.25,none,CARE-DS,10,88.9,80.5,0.088257219299885,55.5,1.0
failures,clustered,100,15,connected,0.25,none,D-EAA-ER,10,88.9,80.5,0.01348865139998447,56.3,1.0
failures,clustered,100,15,connected,0.25,none,DWG,10,82.9,80.5,0.08444159560003749,1752.9,1.0
failures,clustered,100,15,connected,0.25,none,MS-RG-WT,10,85.2,80.5,0.08321134940006228,695.4,1.0
failures,clustered,100,15,connected,0.25,random,CARE-DS,10,87.5,80.5,0.11498894480000668,71.1,1.0
failures,clustered,100,15,connected,0.25,random,D-EAA-ER,10,87.5,80.5,0.01698595889974964,73.1,1.0
failures,clustered,100,15,connected,0.25,random,DWG,10,80.3,80.5,0.07582614529992493,1633.3,1.0
failures,clustered,100,15,connected,0.25,random,MS-RG-WT,10,82.6,80.5,0.10576363140016835,679.9,1.0
failures,clustered,100,15,connected,0.25,targeted,CARE-DS,10,161.5,196.5,0.13738190010008106,163.4,1.0
failures,clustered,100,15,connected,0.25,targeted,D-EAA-ER,10,159.4,196.5,0.03573791279986832,171.0,1.0
failures,clustered,100,15,connected,0.25,targeted,DWG,10,141.0,173.0,0.12791750799997315,3114.0,1.0
failures,clustered,100,15,connected,0.25,targeted,MS-RG-WT,10,144.2,178.0,0.14953295659979626,1755.7,1.0
failures,clustered,100,15,dominating,0.25,none,CARE-DS,10,162.0,155.0,0.07471366050003776,88.8,1.0
failures,clustered,100,15,dominating,0.25,none,D-EAA-ER,10,161.9,155.0,0.00760720139996916,86.4,1.0
failures,clustered,100,15,dominating,0.25,none,DWG,10,137.6,129.0,0.08186884600008848,2730.2,1.0
failures,clustered,100,15,dominating,0.25,none,EAAS-S4C-MAB-R,10,114.3,107.5,0.02575133049986104,2111.5,1.0
failures,clustered,100,15,dominating,0.25,none,MS-RG-WT,10,145.7,139.0,0.06212945079987544,1361.0,1.0
failures,clustered,100,15,dominating,0.25,random,CARE-DS,10,159.9,155.0,0.06852113539998748,109.0,1.0
failures,clustered,100,15,dominating,0.25,random,D-EAA-ER,10,159.5,154.5,0.00883300329996923,125.6,1.0
failures,clustered,100,15,dominating,0.25,random,DWG,10,136.7,129.0,0.08476410509992997,2663.9,1.0
failures,clustered,100,15,dominating,0.25,random,EAAS-S4C-MAB-R,10,87.4,83.5,0.01749591219995631,1238.8,1.0
failures,clustered,100,15,dominating,0.25,random,MS-RG-WT,10,143.1,140.0,0.07327578889999128,1584.8,1.0
failures,clustered,100,15,dominating,0.25,targeted,CARE-DS,10,314.8,318.5,0.10737797020010471,262.9,1.0
failures,clustered,100,15,dominating,0.25,targeted,D-EAA-ER,10,317.0,328.5,0.01915894619996829,239.7,1.0
failures,clustered,100,15,dominating,0.25,targeted,DWG,10,266.8,275.0,0.15966535409997956,5130.3,1.0
failures,clustered,100,15,dominating,0.25,targeted,EAAS-S4C-MAB-R,10,106.0,100.0,0.02195092650017609,1619.4,1.0
failures,clustered,100,15,dominating,0.25,targeted,MS-RG-WT,10,280.9,288.0,0.11820183710005945,3263.9,1.0
failures,clustered,100,25,connected,0.25,none,CARE-DS,10,286.4,291.5,0.1761830247001853,163.1,1.0
failures,clustered,100,25,connected,0.25,none,D-EAA-ER,10,273.6,276.5,0.051298244999907164,139.1,1.0
failures,clustered,100,25,connected,0.25,none,DWG,10,238.6,238.0,0.17664267159989316,3738.4,1.0
failures,clustered,100,25,connected,0.25,none,MS-RG-WT,10,251.7,253.5,0.22361928479995186,2408.2,1.0
failures,clustered,100,25,connected,0.25,random,CARE-DS,10,303.6,317.5,0.21434615219977782,182.5,1.0
failures,clustered,100,25,connected,0.25,random,D-EAA-ER,10,295.3,317.5,0.06320458809996123,174.0,1.0
failures,clustered,100,25,connected,0.25,random,DWG,10,249.4,259.0,0.17857688310004954,3895.1,1.0
failures,clustered,100,25,connected,0.25,random,MS-RG-WT,10,264.3,282.5,0.2585334225000224,2433.9,1.0
failures,clustered,100,25,connected,0.25,targeted,CARE-DS,10,401.6,399.5,0.212329896799838,248.3,1.0
failures,clustered,100,25,connected,0.25,targeted,D-EAA-ER,10,408.8,436.0,0.08675237619991089,241.0,1.0
failures,clustered,100,25,connected,0.25,targeted,DWG,10,352.1,351.5,0.21562179910024493,4984.3,1.0
failures,clustered,100,25,connected,0.25,targeted,MS-RG-WT,10,357.4,358.5,0.26775451020002944,3466.3,1.0
failures,clustered,100,25,dominating,0.25,none,CARE-DS,10,368.6,367.5,0.11681601949985629,145.7,1.0
failures,clustered,100,25,dominating,0.25,none,D-EAA-ER,10,350.8,340.5,0.01929127030016384,137.9,1.0
failures,clustered,100,25,dominating,0.25,none,DWG,10,299.6,299.5,0.142199456399976,4073.3,1.0
failures,clustered,100,25,dominating,0.25,none,EAAS-S4C-MAB-R,10,264.8,257.0,0.08726496829995081,3810.7,1.0
failures,clustered,100,25,dominating,0.25,none,MS-RG-WT,10,313.7,324.5,0.09794181649986053,2801.4,1.0
failures,clustered,100,25,dominating,0.25,random,CARE-DS,10,380.3,407.0,0.11918280850004517,179.5,1.0
failures,clustered,100,25,dominating,0.25,random,D-EAA-ER,10,377.8,407.0,0.02175863459997341,176.6,1.0
failures,clustered,100,25,dominating,0.25,random,DWG,10,310.9,331.5,0.14259712730017776,4185.4,1.0
failures,clustered,100,25,dominating,0.25,random,EAAS-S4C-MAB-R,10,207.9,219.0,0.07003653669999035,2933.7,1.0
failures,clustered,100,25,dominating,0.25,random,MS-RG-WT,10,325.6,354.0,0.12770059079994095,2934.3,1.0
failures,clustered,100,25,dominating,0.25,targeted,CARE-DS,10,642.2,658.0,0.15414618760005394,280.1,1.0
failures,clustered,100,25,dominating,0.25,targeted,D-EAA-ER,10,627.3,622.5,0.036177673699876275,262.4,1.0
failures,clustered,100,25,dominating,0.25,targeted,DWG,10,514.4,516.5,0.21358393879991122,6245.7,1.0
failures,clustered,100,25,dominating,0.25,targeted,EAAS-S4C-MAB-R,10,225.7,213.0,0.07572702150009714,3042.7,1.0
failures,clustered,100,25,dominating,0.25,targeted,MS-RG-WT,10,530.8,536.0,0.15691969919989784,4627.3,1.0
failures,clustered,100,35,connected,0.25,none,CARE-DS,10,730.8,725.5,0.368890533600279,311.2,1.0
failures,clustered,100,35,connected,0.25,none,D-EAA-ER,10,716.6,710.5,0.18156733210007583,286.0,1.0
failures,clustered,100,35,connected,0.25,none,DWG,10,603.0,602.0,0.3933717492001051,6319.6,1.0
failures,clustered,100,35,connected,0.25,none,MS-RG-WT,10,622.9,644.0,0.5092713576997994,5009.6,1.0
failures,clustered,100,35,connected,0.25,random,CARE-DS,10,696.0,680.5,0.34071316149993436,318.5,1.0
failures,clustered,100,35,connected,0.25,random,D-EAA-ER,10,690.7,691.0,0.18300693249993852,292.8,1.0
failures,clustered,100,35,connected,0.25,random,DWG,10,581.8,589.0,0.37971483950022955,6086.1,1.0
failures,clustered,100,35,connected,0.25,random,MS-RG-WT,10,599.1,620.5,0.572007385500001,4916.7,1.0
failures,clustered,100,35,connected,0.25,targeted,CARE-DS,10,799.7,835.0,0.37716678070000853,333.4,1.0
failures,clustered,100,35,connected,0.25,targeted,D-EAA-ER,10,807.7,800.5,0.23784431510002832,315.0,1.0
failures,clustered,100,35,connected,0.25,targeted,DWG,10,685.0,681.0,0.3963868040999841,6370.4,1.0
failures,clustered,100,35,connected,0.25,targeted,MS-RG-WT,10,708.0,709.0,0.5223487960998682,5362.3,1.0
failures,clustered,100,35,dominating,0.25,none,CARE-DS,10,886.6,917.5,0.22603106270025813,247.3,1.0
failures,clustered,100,35,dominating,0.25,none,D-EAA-ER,10,863.8,840.5,0.05669798749995601,234.5,1.0
failures,clustered,100,35,dominating,0.25,none,DWG,10,720.8,754.5,0.3458568897001896,6477.6,1.0
failures,clustered,100,35,dominating,0.25,none,EAAS-S4C-MAB-R,10,649.2,617.5,0.4328119923999111,5930.8,1.0
failures,clustered,100,35,dominating,0.25,none,MS-RG-WT,10,741.6,763.0,0.22092386860012989,5077.2,1.0
failures,clustered,100,35,dominating,0.25,random,CARE-DS,10,858.8,897.0,0.21664141349983762,267.5,1.0
failures,clustered,100,35,dominating,0.25,random,D-EAA-ER,10,847.7,853.0,0.05890007589987358,246.6,1.0
failures,clustered,100,35,dominating,0.25,random,DWG,10,697.7,740.5,0.34733243179989587,6307.2,1.0
failures,clustered,100,35,dominating,0.25,random,EAAS-S4C-MAB-R,10,528.0,491.5,0.3228665427997839,4841.6,1.0
failures,clustered,100,35,dominating,0.25,random,MS-RG-WT,10,717.6,738.0,0.24657462830000437,4987.2,1.0
failures,clustered,100,35,dominating,0.25,targeted,CARE-DS,10,1124.8,1187.0,0.2645341406000625,327.4,1.0
failures,clustered,100,35,dominating,0.25,targeted,D-EAA-ER,10,1109.9,1169.0,0.07726050999990544,307.0,1.0
failures,clustered,100,35,dominating,0.25,targeted,DWG,10,918.6,968.5,0.3844077665999066,7488.8,1.0
failures,clustered,100,35,dominating,0.25,targeted,EAAS-S4C-MAB-R,10,563.7,534.5,0.3592085059998681,4999.3,1.0
failures,clustered,100,35,dominating,0.25,targeted,MS-RG-WT,10,930.7,971.5,0.302430472800097,6271.5,1.0
failures,clustered,250,15,connected,0.25,none,CARE-DS,10,47.9,48.5,0.29853088910012954,49.7,1.0
failures,clustered,250,15,connected,0.25,none,D-EAA-ER,10,48.4,48.5,0.04950486289990289,64.3,1.0
failures,clustered,250,15,connected,0.25,none,DWG,10,45.3,48.0,0.22708520379992475,2044.2,1.0
failures,clustered,250,15,connected,0.25,none,MS-RG-WT,10,45.6,47.5,0.30377805840007566,322.1,1.0
failures,clustered,250,15,connected,0.25,random,CARE-DS,10,47.2,48.5,0.36567593220015626,81.0,1.0
failures,clustered,250,15,connected,0.25,random,D-EAA-ER,10,47.2,48.5,0.08289117959966456,103.8,1.0
failures,clustered,250,15,connected,0.25,random,DWG,10,45.2,48.0,0.22610602839995403,1989.3,1.0
failures,clustered,250,15,connected,0.25,random,MS-RG-WT,10,45.1,48.5,0.4555934102999345,566.8,1.0
failures,clustered,250,15,connected,0.25,targeted,CARE-DS,10,78.8,80.0,0.4847768950999125,203.5,1.0
failures,clustered,250,15,connected,0.25,targeted,D-EAA-ER,10,78.1,80.0,0.11080942640010102,229.2,1.0
failures,clustered,250,15,connected,0.25,targeted,DWG,10,71.3,71.0,0.3014852334000352,3744.9,1.0
failures,clustered,250,15,connected,0.25,targeted,MS-RG-WT,10,72.0,71.0,0.48382321809986023,1304.1,1.0
failures,clustered,250,15,dominating,0.25,none,CARE-DS,10,95.6,99.5,0.16253087339991906,141.7,1.0
failures,clustered,250,15,dominating,0.25,none,D-EAA-ER,10,97.5,99.5,0.01208490449998858,144.2,1.0
failures,clustered,250,15,dominating,0.25,none,DWG,10,81.6,86.0,0.15066731879996947,3806.3,1.0
failures,clustered,250,15,dominating,0.25,none,EAAS-S4C-MAB-R,10,70.7,76.0,0.02671972550015192,2852.0,1.0
failures,clustered,250,15,dominating,0.25,none,MS-RG-WT,10,90.9,95.5,0.1732956226999704,1568.7,1.0
failures,clustered,250,15,dominating,0.25,random,CARE-DS,10,87.6,98.0,0.1678914571998575,181.1,1.0
failures,clustered,250,15,dominating,0.25,random,D-EAA-ER,10,90.3,98.5,0.015354182399914812,213.8,1.0
failures,clustered,250,15,dominating,0.25,random,DWG,10,79.3,86.0,0.1439456257003257,3618.4,1.0
failures,clustered,250,15,dominating,0.25,random,EAAS-S4C-MAB-R,10,53.2,50.0,0.02445694449997967,1735.8,1.0
failures,clustered,250,15,dominating,0.25,random,MS-RG-WT,10,84.8,88.0,0.18419083620010493,1832.0,1.0
failures,clustered,250,15,dominating,0.25,targeted,CARE-DS,10,188.2,201.5,0.2556729901000835,393.0,1.0
failures,clustered,250,15,dominating,0.25,targeted,D-EAA-ER,10,194.3,201.5,0.030935727100040777,404.4,1.0
failures,clustered,250,15,dominating,0.25,targeted,DWG,10,160.9,171.5,0.29947757329991875,7560.7,1.0
failures,clustered,250,15,dominating,0.25,targeted,EAAS-S4C-MAB-R,10,45.2,50.0,0.02277267179988479,952.8,1.0
failures,clustered,250,15,dominating,0.25,targeted,MS-RG-WT,10,173.0,183.0,0.25942826229975247,3995.7,1.0
failures,clustered,250,25,connected,0.25,none,CARE-DS,10,100.6,75.5,0.5931854442997974,125.9,1.0
failures,clustered,250,25,connected,0.25,none,D-EAA-ER,10,101.5,75.5,0.11244601649987085,116.8,1.0
failures,clustered,250,25,connected,0.25,none,DWG,10,90.2,68.0,0.32132762439987345,3619.4,1.0
failures,clustered,250,25,connected,0.25,none,MS-RG-WT,10,95.8,75.0,0.5519199891000425,1714.0,1.0
failures,clustered,250,25,connected,0.25,random,CARE-DS,10,93.2,75.0,0.832647849499881,144.2,1.0
failures,clustered,250,25,connected,0.25,random,D-EAA-ER,10,92.9,75.0,0.16080522629990807,169.7,1.0
failures,clustered,250,25,connected,0.25,random,DWG,10,83.7,68.0,0.30069130720003157,3282.0,1.0
failures,clustered,250,25,connected,0.25,random,MS-RG-WT,10,87.5,69.5,0.6647991348997493,1237.9,1.0
failures,clustered,250,25,connected,0.25,targeted,CARE-DS,10,285.3,272.5,1.7167525704000581,662.0,1.0
failures,clustered,250,25,connected,0.25,targeted,D-EAA-ER,10,279.8,260.0,0.44808426870022233,570.2,1.0
failures,clustered,250,25,connected,0.25,targeted,DWG,10,240.2,228.5,0.6089184465002291,10152.1,1.0
failures,clustered,250,25,connected,0.25,targeted,MS-RG-WT,10,252.9,245.0,1.2693117343999802,6362.0,1.0
failures,clustered,250,25,dominating,0.25,none,CARE-DS,10,152.1,155.0,0.1829314407998026,178.7,1.0
failures,clustered,250,25,dominating,0.25,none,D-EAA-ER,10,151.7,154.0,0.020738655399964,166.9,1.0
failures,clustered,250,25,dominating,0.25,none,DWG,10,128.6,133.5,0.2038319928998135,4238.4,1.0
failures,clustered,250,25,dominating,0.25,none,EAAS-S4C-MAB-R,10,103.3,97.5,0.04227854270002349,3452.9,1.0
failures,clustered,250,25,dominating,0.25,none,MS-RG-WT,10,136.0,145.0,0.19323982189998784,2584.8,1.0
failures,clustered,250,25,dominating,0.25,random,CARE-DS,10,145.6,154.5,0.21749919540006885,191.5,1.0
failures,clustered,250,25,dominating,0.25,random,D-EAA-ER,10,143.9,154.5,0.02540570659984946,197.1,1.0
failures,clustered,250,25,dominating,0.25,random,DWG,10,122.6,129.5,0.19397225600014278,3991.2,1.0
failures,clustered,250,25,dominating,0.25,random,EAAS-S4C-MAB-R,10,65.4,52.5,0.033350923599937174,1539.2,1.0
failures,clustered,250,25,dominating,0.25,random,MS-RG-WT,10,128.2,139.5,0.19704563639988915,2533.1,1.0
failures,clustered,250,25,dominating,0.25,targeted,CARE-DS,10,389.0,406.5,0.39142834630001744,598.3,1.0
failures,clustered,250,25,dominating,0.25,targeted,D-EAA-ER,10,386.0,399.5,0.058213448500009646,494.3,1.0
failures,clustered,250,25,dominating,0.25,targeted,DWG,10,323.5,340.5,0.5099591595000674,10432.2,1.0
failures,clustered,250,25,dominating,0.25,targeted,EAAS-S4C-MAB-R,10,68.2,67.5,0.03247387080009499,1284.2,1.0
failures,clustered,250,25,dominating,0.25,targeted,MS-RG-WT,10,338.8,359.5,0.35966596289972586,6871.5,1.0
failures,clustered,250,35,connected,0.25,none,CARE-DS,10,173.9,170.5,0.6039671206000093,208.5,1.0
failures,clustered,250,35,connected,0.25,none,D-EAA-ER,10,174.1,170.5,0.24782169730005985,178.0,1.0
failures,clustered,250,35,connected,0.25,none,DWG,10,150.2,140.0,0.5434067920999042,5009.7,1.0
failures,clustered,250,35,connected,0.25,none,MS-RG-WT,10,157.9,149.5,0.9338428964999366,2690.2,1.0
failures,clustered,250,35,connected,0.25,random,CARE-DS,10,170.8,169.5,0.7890682048998314,225.6,1.0
failures,clustered,250,35,connected,0.25,random,D-EAA-ER,10,169.8,169.5,0.3310364083000422,234.3,1.0
failures,clustered,250,35,connected,0.25,random,DWG,10,147.1,139.5,0.5126157774999228,4808.6,1.0
failures,clustered,250,35,connected,0.25,random,MS-RG-WT,10,152.3,144.5,1.09167875380017,2933.4,1.0
failures,clustered,250,35,connected,0.25,targeted,CARE-DS,10,424.1,415.0,1.4615142835999904,698.5,1.0
failures,clustered,250,35,connected,0.25,targeted,D-EAA-ER,10,424.4,425.0,0.7833293920999495,586.3,1.0
failures,clustered,250,35,connected,0.25,targeted,DWG,10,374.8,397.5,0.8677784060002522,11976.2,1.0
failures,clustered,250,35,connected,0.25,targeted,MS-RG-WT,10,386.9,396.5,1.784311934499965,8338.9,1.0
failures,clustered,250,35,dominating,0.25,none,CARE-DS,10,251.2,239.0,0.3107155605998741,221.2,1.0
failures,clustered,250,35,dominating,0.25,none,D-EAA-ER,10,250.6,238.5,0.04023419120012473,200.3,1.0
failures,clustered,250,35,dominating,0.25,none,DWG,10,206.5,198.0,0.3585281476997807,5570.5,1.0
failures,clustered,250,35,dominating,0.25,none,EAAS-S4C-MAB-R,10,187.5,188.5,0.09643114940008668,5548.0,1.0
failures,clustered,250,35,dominating,0.25,none,MS-RG-WT,10,218.7,208.0,0.24599025559991783,3578.8,1.0
failures,clustered,250,35,dominating,0.25,random,CARE-DS,10,243.3,238.0,0.31181797039980663,243.6,1.0
failures,clustered,250,35,dominating,0.25,random,D-EAA-ER,10,245.7,238.0,0.0384880872000394,232.1,1.0
failures,clustered,250,35,dominating,0.25,random,DWG,10,202.7,199.0,0.3452093990998947,5402.8,1.0
failures,clustered,250,35,dominating,0.25,random,EAAS-S4C-MAB-R,10,128.6,130.0,0.06807699959990711,3344.2,1.0
failures,clustered,250,35,dominating,0.25,random,MS-RG-WT,10,215.1,210.0,0.32242744140012286,3571.0,1.0
failures,clustered,250,35,dominating,0.25,targeted,CARE-DS,10,583.9,603.0,0.5008178937000594,610.0,1.0
failures,clustered,250,35,dominating,0.25,targeted,D-EAA-ER,10,580.9,606.5,0.09835731130015114,532.8,1.0
failures,clustered,250,35,dominating,0.25,targeted,DWG,10,475.7,496.5,0.7717247945998679,12013.9,1.0
failures,clustered,250,35,dominating,0.25,targeted,EAAS-S4C-MAB-R,10,105.4,114.0,0.06356250330009058,2531.8,1.0
failures,clustered,250,35,dominating,0.25,targeted,MS-RG-WT,10,489.4,509.0,0.4698469891000968,8356.4,1.0
failures,clustered,500,15,connected,0.25,none,CARE-DS,10,26.5,23.5,0.71318702319968,42.9,1.0
failures,clustered,500,15,connected,0.25,none,D-EAA-ER,10,26.4,23.5,0.19588868619994168,47.2,1.0
failures,clustered,500,15,connected,0.25,none,DWG,10,27.0,23.5,0.5669010646000061,1963.1,1.0
failures,clustered,500,15,connected,0.25,none,MS-RG-WT,10,26.4,23.5,0.7774046258001363,202.0,1.0
failures,clustered,500,15,connected,0.25,random,CARE-DS,10,26.4,23.5,1.0773638050000955,43.0,1.0
failures,clustered,500,15,connected,0.25,random,D-EAA-ER,10,26.4,23.5,0.23620046529977112,59.4,1.0
failures,clustered,500,15,connected,0.25,random,DWG,10,26.4,23.5,0.5898682648999966,1889.9,1.0
failures,clustered,500,15,connected,0.25,random,MS-RG-WT,10,26.7,23.5,1.06600386550017,445.3,1.0
failures,clustered,500,15,connected,0.25,targeted,CARE-DS,10,28.4,23.5,0.8404624989000695,49.8,1.0
failures,clustered,500,15,connected,0.25,targeted,D-EAA-ER,10,28.4,23.5,0.22538653910005446,60.8,1.0
failures,clustered,500,15,connected,0.25,targeted,DWG,10,27.1,23.5,0.5596544799002914,1956.0,1.0
failures,clustered,500,15,connected,0.25,targeted,MS-RG-WT,10,28.4,23.5,0.8025679305999802,357.7,1.0
failures,clustered,500,15,dominating,0.25,none,CARE-DS,10,74.7,75.0,0.3784991117999198,218.9,1.0
failures,clustered,500,15,dominating,0.25,none,D-EAA-ER,10,74.5,74.5,0.02135352969999071,240.7,1.0
failures,clustered,500,15,dominating,0.25,none,DWG,10,63.7,67.0,0.3103826169999592,5503.3,1.0
failures,clustered,500,15,dominating,0.25,none,EAAS-S4C-MAB-R,10,56.7,60.0,0.05095563380009475,4282.1,1.0
failures,clustered,500,15,dominating,0.25,none,MS-RG-WT,10,69.7,72.0,0.3784102425998753,1797.2,1.0
failures,clustered,500,15,dominating,0.25,random,CARE-DS,10,73.8,74.5,0.4361828382000567,323.4,1.0
failures,clustered,500,15,dominating,0.25,random,D-EAA-ER,10,73.8,74.5,0.028234258500106017,360.2,1.0
failures,clustered,500,15,dominating,0.25,random,DWG,10,63.6,66.5,0.31213588190012154,5418.7,1.0
failures,clustered,500,15,dominating,0.25,random,EAAS-S4C-MAB-R,10,33.1,25.0,0.045682100500016476,1928.9,1.0
failures,clustered,500,15,dominating,0.25,random,MS-RG-WT,10,68.9,69.5,0.46408293329986916,2339.9,1.0
failures,clustered,500,15,dominating,0.25,targeted,CARE-DS,10,135.4,125.0,0.5400421944001209,572.9,1.0
failures,clustered,500,15,dominating,0.25,targeted,D-EAA-ER,10,135.3,125.0,0.04245116940010117,577.7,1.0
failures,clustered,500,15,dominating,0.25,targeted,DWG,10,117.5,107.0,0.5450254358000166,10473.9,1.0
failures,clustered,500,15,dominating,0.25,targeted,EAAS-S4C-MAB-R,10,27.5,25.0,0.042945367799984466,2115.5,1.0
failures,clustered,500,15,dominating,0.25,targeted,MS-RG-WT,10,129.4,114.5,0.5293127685001309,4264.7,1.0
failures,clustered,500,25,connected,0.25,none,CARE-DS,10,38.7,39.0,0.8354049974999725,48.4,1.0
failures,clustered,500,25,connected,0.25,none,D-EAA-ER,10,38.8,39.0,0.3671882727000593,59.7,1.0
failures,clustered,500,25,connected,0.25,none,DWG,10,37.4,38.5,0.9415814858998601,2465.1,1.0
failures,clustered,500,25,connected,0.25,none,MS-RG-WT,10,37.8,38.5,1.99682804460017,490.9,1.0
failures,clustered,500,25,connected,0.25,random,CARE-DS,10,38.7,39.0,1.686238667699945,97.1,1.0
failures,clustered,500,25,connected,0.25,random,D-EAA-ER,10,38.7,39.0,0.5374076443999911,129.8,1.0
failures,clustered,500,25,connected,0.25,random,DWG,10,37.4,38.5,0.8825766277001094,2423.8,1.0
failures,clustered,500,25,connected,0.25,random,MS-RG-WT,10,37.8,38.5,2.5130542390998927,581.7,1.0
failures,clustered,500,25,connected,0.25,targeted,CARE-DS,10,150.9,175.0,2.8887681171998336,638.9,1.0
failures,clustered,500,25,connected,0.25,targeted,D-EAA-ER,10,150.8,175.0,1.4608287096999448,600.6,1.0
failures,clustered,500,25,connected,0.25,targeted,DWG,10,129.9,147.0,1.6230511728998862,11018.5,1.0
failures,clustered,500,25,connected,0.25,targeted,MS-RG-WT,10,140.2,159.5,5.054937088600036,6191.5,1.0
failures,clustered,500,25,dominating,0.25,none,CARE-DS,10,96.6,96.5,0.541072252200047,191.4,1.0
failures,clustered,500,25,dominating,0.25,none,D-EAA-ER,10,96.1,96.5,0.031382441300138404,188.0,1.0
failures,clustered,500,25,dominating,0.25,none,DWG,10,80.5,79.0,0.3904923651998615,5338.3,1.0
failures,clustered,500,25,dominating,0.25,none,EAAS-S4C-MAB-R,10,69.4,64.0,0.06434216910001846,3872.1,1.0
failures,clustered,500,25,dominating,0.25,none,MS-RG-WT,10,88.2,80.5,0.47635966539992297,2711.5,1.0
failures,clustered,500,25,dominating,0.25,random,CARE-DS,10,96.0,95.5,0.6327704655001071,285.1,1.0
failures,clustered,500,25,dominating,0.25,random,D-EAA-ER,10,95.6,95.5,0.04663687389993351,323.9,1.0
failures,clustered,500,25,dominating,0.25,random,DWG,10,80.5,79.0,0.3931957290000355,5269.1,1.0
failures,clustered,500,25,dominating,0.25,random,EAAS-S4C-MAB-R,10,40.8,44.0,0.06287577710027104,1662.8,1.0
failures,clustered,500,25,dominating,0.25,random,MS-RG-WT,10,86.5,83.0,0.5876754257001267,2913.0,1.0
failures,clustered,500,25,dominating,0.25,targeted,CARE-DS,10,247.3,274.5,0.9280563553999854,744.4,1.0
failures,clustered,500,25,dominating,0.25,targeted,D-EAA-ER,10,254.7,273.0,0.11544180650007543,735.7,1.0
failures,clustered,500,25,dominating,0.25,targeted,DWG,10,206.1,215.5,1.0270278822000365,13707.6,1.0
failures,clustered,500,25,dominating,0.25,targeted,EAAS-S4C-MAB-R,10,32.4,25.0,0.06208533199996959,1321.1,1.0
failures,clustered,500,25,dominating,0.25,targeted,MS-RG-WT,10,226.7,238.0,0.9130817170001138,8409.3,1.0
failures,clustered,500,35,connected,0.25,none,CARE-DS,10,89.5,72.0,7.421664993200193,226.6,1.0
failures,clustered,500,35,connected,0.25,none,D-EAA-ER,10,91.6,72.0,0.7752376836000622,176.8,1.0
failures,clustered,500,35,connected,0.25,none,DWG,10,81.2,72.0,1.3714874433999285,5262.0,1.0
failures,clustered,500,35,connected,0.25,none,MS-RG-WT,10,87.1,72.0,3.1821936901998926,1957.3,1.0
failures,clustered,500,35,connected,0.25,random,CARE-DS,10,87.4,70.5,6.171054495100179,242.6,1.0
failures,clustered,500,35,connected,0.25,random,D-EAA-ER,10,87.4,70.5,1.2357340396998553,278.7,1.0
failures,clustered,500,35,connected,0.25,random,DWG,10,80.5,71.5,1.426476597999772,5112.8,1.0
failures,clustered,500,35,connected,0.25,random,MS-RG-WT,10,84.1,72.0,4.159292990499944,2057.5,1.0
failures,clustered,500,35,connected,0.25,targeted,CARE-DS,10,284.2,318.0,6.32967299359998,1009.5,1.0
failures,clustered,500,35,connected,0.25,targeted,D-EAA-ER,10,296.1,338.0,3.618666424100229,944.1,1.0
failures,clustered,500,35,connected,0.25,targeted,DWG,10,247.3,271.0,2.425075315899903,16602.7,1.0
failures,clustered,500,35,connected,0.25,targeted,MS-RG-WT,10,255.4,279.5,8.82614946449985,10790.6,1.0
failures,clustered,500,35,dominating,0.25,none,CARE-DS,10,158.2,137.0,0.7914816888998757,256.0,1.0
failures,clustered,500,35,dominating,0.25,none,D-EAA-ER,10,159.0,137.0,0.058512413599873934,267.6,1.0
failures,clustered,500,35,dominating,0.25,none,DWG,10,130.2,111.0,0.6302992596999502,6868.7,1.0
failures,clustered,500,35,dominating,0.25,none,EAAS-S4C-MAB-R,10,111.0,104.5,0.10513233899991972,5737.6,1.0
failures,clustered,500,35,dominating,0.25,none,MS-RG-WT,10,141.3,121.5,0.6931469317000847,3308.5,1.0
failures,clustered,500,35,dominating,0.25,random,CARE-DS,10,151.5,135.5,0.7779559618999883,325.3,1.0
failures,clustered,500,35,dominating,0.25,random,D-EAA-ER,10,150.8,135.5,0.07006669080010393,346.2,1.0
failures,clustered,500,35,dominating,0.25,random,DWG,10,124.6,111.0,0.575529898700097,6440.7,1.0
failures,clustered,500,35,dominating,0.25,random,EAAS-S4C-MAB-R,10,61.1,50.0,0.08920154309998904,2108.1,1.0
failures,clustered,500,35,dominating,0.25,random,MS-RG-WT,10,128.8,117.5,0.5515371596003206,4558.2,1.0
failures,clustered,500,35,dominating,0.25,targeted,CARE-DS,10,386.4,434.0,1.1727435354999216,937.8,1.0
failures,clustered,500,35,dominating,0.25,targeted,D-EAA-ER,10,392.7,441.5,0.170028051799818,781.0,1.0
failures,clustered,500,35,dominating,0.25,targeted,DWG,10,318.0,363.5,1.49159684080023,16005.1,1.0
failures,clustered,500,35,dominating,0.25,targeted,EAAS-S4C-MAB-R,10,36.8,25.0,0.07708155799991796,1317.9,1.0
failures,clustered,500,35,dominating,0.25,targeted,MS-RG-WT,10,335.0,388.0,1.0357827014000578,10792.4,1.0
failures,er,100,15,connected,0.25,none,CARE-DS,10,340.0,352.5,0.20115921289998365,397.5,1.0
failures,er,100,15,connected,0.25,none,D-EAA-ER,10,324.8,316.5,0.07476478309981754,369.9,1.0
failures,er,100,15,connected,0.25,none,DWG,10,300.9,305.0,0.24289503170002713,6612.1,1.0
failures,er,100,15,connected,0.25,none,MS-RG-WT,10,306.0,320.0,0.28431106839998393,4544.1,1.0
failures,er,100,15,connected,0.25,random,CARE-DS,10,325.9,323.0,0.2184159882000131,405.0,1.0
failures,er,100,15,connected,0.25,random,D-EAA-ER,10,314.7,313.5,0.07298492520003488,369.7,1.0
failures,er,100,15,connected,0.25,random,DWG,10,275.8,270.5,0.22459385869988177,5927.5,1.0
failures,er,100,15,connected,0.25,random,MS-RG-WT,10,284.2,281.5,0.29510582119992246,4065.7,1.0
failures,er,100,15,connected,0.25,targeted,CARE-DS,10,387.1,395.5,0.22444590019995297,501.6,1.0
failures,er,100,15,connected,0.25,targeted,D-EAA-ER,10,372.5,363.5,0.0862936105999324,493.7,1.0
failures,er,100,15,connected,0.25,targeted,DWG,10,342.7,334.5,0.2579964783000832,7160.2,1.0
failures,er,100,15,connected,0.25,targeted,MS-RG-WT,10,332.9,332.0,0.26741503510002074,5095.8,1.0
failures,er,100,15,dominating,0.25,none,CARE-DS,10,383.5,389.0,0.139147630699972,481.4,1.0
failures,er,100,15,dominating,0.25,none,D-EAA-ER,10,366.6,372.5,0.026686963400061308,411.4,1.0
failures,er,100,15,dominating,0.25,none,DWG,10,342.8,352.0,0.21478142129981276,7516.7,1.0
failures,er,100,15,dominating,0.25,none,EAAS-S4C-MAB-R,10,204.0,204.5,0.06722384199993026,5859.3,1.0
failures,er,100,15,dominating,0.25,none,MS-RG-WT,10,344.7,355.0,0.1388781429998744,5084.3,1.0
failures,er,100,15,dominating,0.25,random,CARE-DS,10,369.4,376.0,0.16030773649999897,442.6,1.0
failures,er,100,15,dominating,0.25,random,D-EAA-ER,10,356.0,368.5,0.02707415640015818,419.5,1.0
failures,er,100,15,dominating,0.25,random,DWG,10,318.2,315.0,0.208223794100013,6900.4,1.0
failures,er,100,15,dominating,0.25,random,EAAS-S4C-MAB-R,10,136.5,136.0,0.03787497970006366,3563.8,1.0
failures,er,100,15,dominating,0.25,random,MS-RG-WT,10,318.6,316.5,0.1486196152999582,4862.6,1.0
failures,er,100,15,dominating,0.25,targeted,CARE-DS,10,417.0,414.0,0.16782466399981782,550.2,1.0
failures,er,100,15,dominating,0.25,targeted,D-EAA-ER,10,389.8,393.0,0.03152215819991391,505.8,1.0
failures,er,100,15,dominating,0.25,targeted,DWG,10,381.9,386.5,0.2170114905000446,7881.3,1.0
failures,er,100,15,dominating,0.25,targeted,EAAS-S4C-MAB-R,10,144.8,135.5,0.04668694299998602,3738.8,1.0
failures,er,100,15,dominating,0.25,targeted,MS-RG-WT,10,373.8,370.5,0.17318552839997206,5363.5,1.0
failures,er,100,25,connected,0.25,none,CARE-DS,10,622.3,621.0,0.29383878000016916,608.1,1.0
failures,er,100,25,connected,0.25,none,D-EAA-ER,10,589.6,584.0,0.14216026989997768,525.7,1.0
failures,er,100,25,connected,0.25,none,DWG,10,575.5,577.5,0.3289983275001759,8353.4,1.0
failures,er,100,25,connected,0.25,none,MS-RG-WT,10,549.7,557.0,0.35601980910005293,6413.4,1.0
failures,er,100,25,connected,0.25,random,CARE-DS,10,596.0,602.0,0.28387401109985144,561.0,1.0
failures,er,100,25,connected,0.25,random,D-EAA-ER,10,557.8,554.5,0.1361747146997913,493.0,1.0
failures,er,100,25,connected,0.25,random,DWG,10,549.2,553.5,0.32223935669990167,7885.6,1.0
failures,er,100,25,connected,0.25,random,MS-RG-WT,10,528.3,534.0,0.378253820899954,6105.8,1.0
failures,er,100,25,connected,0.25,targeted,CARE-DS,10,640.5,651.0,0.2922684676001154,641.8,1.0
failures,er,100,25,connected,0.25,targeted,D-EAA-ER,10,598.4,592.5,0.14664333479995545,542.6,1.0
failures,er,100,25,connected,0.25,targeted,DWG,10,599.8,595.0,0.317028863699943,8267.5,1.0
failures,er,100,25,connected,0.25,targeted,MS-RG-WT,10,567.8,566.5,0.38853527810006194,6357.8,1.0
failures,er,100,25,dominating,0.25,none,CARE-DS,10,621.0,627.5,0.18111823479994196,642.9,1.0
failures,er,100,25,dominating,0.25,none,D-EAA-ER,10,570.2,576.0,0.04096281920010364,530.7,1.0
failures,er,100,25,dominating,0.25,none,DWG,10,581.1,586.0,0.24448327829995828,8686.8,1.0
failures,er,100,25,dominating,0.25,none,EAAS-S4C-MAB-R,10,363.6,356.5,0.14368716290000516,7223.4,1.0
failures,er,100,25,dominating,0.25,none,MS-RG-WT,10,553.7,555.0,0.19798546259989958,6630.9,1.0
failures,er,100,25,dominating,0.25,random,CARE-DS,10,602.0,613.5,0.17692553119995863,626.8,1.0
failures,er,100,25,dominating,0.25,random,D-EAA-ER,10,556.6,552.0,0.03917100279986694,530.8,1.0
failures,er,100,25,dominating,0.25,random,DWG,10,559.9,566.0,0.22926648679977002,8250.0,1.0
failures,er,100,25,dominating,0.25,random,EAAS-S4C-MAB-R,10,258.0,261.5,0.09023170439986637,5054.6,1.0
failures,er,100,25,dominating,0.25,random,MS-RG-WT,10,531.0,534.5,0.18789552589987574,6317.6,1.0
failures,er,100,25,dominating,0.25,targeted,CARE-DS,10,635.2,643.5,0.1764305503998002,668.1,1.0
failures,er,100,25,dominating,0.25,targeted,D-EAA-ER,10,577.1,577.5,0.04095291799985712,547.9,1.0
failures,er,100,25,dominating,0.25,targeted,DWG,10,590.7,594.0,0.23775694679989096,8424.8,1.0
failures,er,100,25,dominating,0.25,targeted,EAAS-S4C-MAB-R,10,276.3,276.5,0.0991176266001275,5418.0,1.0
failures,er,100,25,dominating,0.25,targeted,MS-RG-WT,10,558.9,559.5,0.20246002130006668,6472.4,1.0
failures,er,100,35,connected,0.25,none,CARE-DS,10,894.6,891.0,0.37956117389994687,612.0,1.0
failures,er,100,35,connected,0.25,none,D-EAA-ER,10,810.6,807.5,0.21448204440011973,508.2,1.0
failures,er,100,35,connected,0.25,none,DWG,10,828.7,829.0,0.45573999719999847,8815.2,1.0
failures,er,100,35,connected,0.25,none,MS-RG-WT,10,775.8,776.0,0.5683120956000494,7236.7,1.0
failures,er,100,35,connected,0.25,random,CARE-DS,10,864.0,877.5,0.3784869851999247,612.6,1.0
failures,er,100,35,connected,0.25,random,D-EAA-ER,10,799.8,798.5,0.20482269999993147,507.9,1.0
failures,er,100,35,connected,0.25,random,DWG,10,803.3,806.5,0.43008724950013855,8451.2,1.0
failures,er,100,35,connected,0.25,random,MS-RG-WT,10,751.3,745.0,0.5503517185999953,6991.6,1.0
failures,er,100,35,connected,0.25,targeted,CARE-DS,10,893.6,886.5,0.38434013109999793,620.0,1.0
failures,er,100,35,connected,0.25,targeted,D-EAA-ER,10,817.8,814.5,0.20881182820021418,504.4,1.0
failures,er,100,35,connected,0.25,targeted,DWG,10,837.4,839.0,0.44120857489997434,8498.1,1.0
failures,er,100,35,connected,0.25,targeted,MS-RG-WT,10,775.0,771.0,0.5691160346999823,6976.5,1.0
failures,er,100,35,dominating,0.25,none,CARE-DS,10,829.0,825.5,0.21219494129982192,626.4,1.0
failures,er,100,35,dominating,0.25,none,D-EAA-ER,10,761.4,751.5,0.059326973199949805,519.4,1.0
failures,er,100,35,dominating,0.25,none,DWG,10,777.1,770.0,0.304987402200004,8905.0,1.0
failures,er,100,35,dominating,0.25,none,EAAS-S4C-MAB-R,10,517.8,514.5,0.27890374500002507,7837.7,1.0
failures,er,100,35,dominating,0.25,none,MS-RG-WT,10,727.9,724.5,0.24790070689987256,7311.6,1.0
failures,er,100,35,dominating,0.25,random,CARE-DS,10,808.8,812.0,0.20631977840021132,625.8,1.0
failures,er,100,35,dominating,0.25,random,D-EAA-ER,10,736.6,733.5,0.05694723860005975,521.5,1.0
failures,er,100,35,dominating,0.25,random,DWG,10,756.2,753.0,0.28219044529996606,8553.7,1.0
failures,er,100,35,dominating,0.25,random,EAAS-S4C-MAB-R,10,390.7,394.0,0.20187660080000563,5909.8,1.0
failures,er,100,35,dominating,0.25,random,MS-RG-WT,10,709.3,704.0,0.24826978599994617,6975.0,1.0
failures,er,100,35,dominating,0.25,targeted,CARE-DS,10,824.9,809.5,0.21290946610006353,641.1,1.0
failures,er,100,35,dominating,0.25,targeted,D-EAA-ER,10,760.0,758.5,0.06008589849998312,523.0,1.0
failures,er,100,35,dominating,0.25,targeted,DWG,10,775.8,767.0,0.29206507260023495,8578.6,1.0
failures,er,100,35,dominating,0.25,targeted,EAAS-S4C-MAB-R,10,409.3,426.0,0.19574408130019944,6112.1,1.0
failures,er,100,35,dominating,0.25,targeted,MS-RG-WT,10,721.4,709.0,0.2521862766001504,7152.0,1.0
failures,er,250,15,connected,0.25,none,CARE-DS,10,286.2,277.0,0.6491306932999578,890.2,1.0
failures,er,250,15,connected,0.25,none,D-EAA-ER,10,276.8,275.0,0.27343075089975166,809.0,1.0
failures,er,250,15,connected,0.25,none,DWG,10,252.6,240.0,0.5257638615999894,13686.5,1.0
failures,er,250,15,connected,0.25,none,MS-RG-WT,10,251.2,238.5,0.8105154055001549,9092.5,1.0
failures,er,250,15,connected,0.25,random,CARE-DS,10,265.3,267.5,0.689260840499901,825.8,1.0
failures,er,250,15,connected,0.25,random,D-EAA-ER,10,264.1,259.5,0.2802234474997931,780.2,1.0
failures,er,250,15,connected,0.25,random,DWG,10,230.5,225.5,0.49732263349969796,12165.8,1.0
failures,er,250,15,connected,0.25,random,MS-RG-WT,10,234.7,243.5,0.86410115030003,8704.9,1.0
failures,er,250,15,connected,0.25,targeted,CARE-DS,10,364.6,366.0,0.9307563341998503,1520.1,1.0
failures,er,250,15,connected,0.25,targeted,D-EAA-ER,10,346.0,343.0,0.4162339391999012,1162.1,1.0
failures,er,250,15,connected,0.25,targeted,DWG,10,341.4,336.0,0.6551978610999868,17966.3,1.0
failures,er,250,15,connected,0.25,targeted,MS-RG-WT,10,335.3,331.0,1.0937833725997734,12747.4,1.0
failures,er,250,15,dominating,0.25,none,CARE-DS,10,341.0,333.0,0.337941952500114,1135.2,1.0
failures,er,250,15,dominating,0.25,none,D-EAA-ER,10,323.2,316.5,0.0467010944999856,939.3,1.0
failures,er,250,15,dominating,0.25,none,DWG,10,291.9,288.5,0.5001733253001476,15626.9,1.0
failures,er,250,15,dominating,0.25,none,EAAS-S4C-MAB-R,10,182.1,178.5,0.08734903969989313,13318.5,1.0
failures,er,250,15,dominating,0.25,none,MS-RG-WT,10,300.0,295.5,0.28886212309998877,11185.1,1.0
failures,er,250,15,dominating,0.25,random,CARE-DS,10,320.5,316.0,0.32068483869979897,1093.9,1.0
failures,er,250,15,dominating,0.25,random,D-EAA-ER,10,315.6,313.5,0.045599915599905186,1003.8,1.0
failures,er,250,15,dominating,0.25,random,DWG,10,269.7,267.0,0.43556258269982207,14173.5,1.0
failures,er,250,15,dominating,0.25,random,EAAS-S4C-MAB-R,10,86.7,85.5,0.04323318739989186,4186.1,1.0
failures,er,250,15,dominating,0.25,random,MS-RG-WT,10,272.4,274.0,0.28420546909992483,10007.8,1.0
failures,er,250,15,dominating,0.25,targeted,CARE-DS,10,406.8,405.5,0.4078491828000551,1651.8,1.0
failures,er,250,15,dominating,0.25,targeted,D-EAA-ER,10,376.5,368.5,0.05663564569986188,1341.7,1.0
failures,er,250,15,dominating,0.25,targeted,DWG,10,388.1,385.5,0.5666870563998601,19675.2,1.0
failures,er,250,15,dominating,0.25,targeted,EAAS-S4C-MAB-R,10,108.7,113.0,0.05159100259998008,6183.5,1.0
failures,er,250,15,dominating,0.25,targeted,MS-RG-WT,10,375.6,374.5,0.38754817990002266,12696.4,1.0
failures,er,250,25,connected,0.25,none,CARE-DS,10,564.7,578.5,1.5671376049000174,1776.1,1.0
failures,er,250,25,connected,0.25,none,D-EAA-ER,10,529.5,536.0,0.8205035908001264,1339.4,1.0
failures,er,250,25,connected,0.25,none,DWG,10,515.7,533.0,0.94351004429991,19796.6,1.0
failures,er,250,25,connected,0.25,none,MS-RG-WT,10,506.5,522.5,1.6944647479997001,14973.4,1.0
failures,er,250,25,connected,0.25,random,CARE-DS,10,533.8,548.5,1.6454882475997692,1645.3,1.0
failures,er,250,25,connected,0.25,random,D-EAA-ER,10,484.1,495.5,0.8162900246000391,1179.2,1.0
failures,er,250,25,connected,0.25,random,DWG,10,479.0,491.0,0.9512937898999553,18133.6,1.0
failures,er,250,25,connected,0.25,random,MS-RG-WT,10,465.1,471.0,1.7617035724001653,13436.5,1.0
failures,er,250,25,connected,0.25,targeted,CARE-DS,10,580.3,579.5,1.9269587738000156,1971.7,1.0
failures,er,250,25,connected,0.25,targeted,D-EAA-ER,10,545.6,546.5,1.0933161379000922,1569.8,1.0
failures,er,250,25,connected,0.25,targeted,DWG,10,566.3,566.0,1.0523527032001767,20604.6,1.0
failures,er,250,25,connected,0.25,targeted,MS-RG-WT,10,534.5,537.5,2.2219361329000096,15189.9,1.0
failures,er,250,25,dominating,0.25,none,CARE-DS,10,588.8,593.0,0.5790010005000112,1861.5,1.0
failures,er,250,25,dominating,0.25,none,D-EAA-ER,10,543.5,555.0,0.10629320939997337,1449.3,1.0
failures,er,250,25,dominating,0.25,none,DWG,10,554.1,570.5,0.8025798261001,20784.5,1.0
failures,er,250,25,dominating,0.25,none,EAAS-S4C-MAB-R,10,329.9,330.5,0.21658991159983992,17152.8,1.0
failures,er,250,25,dominating,0.25,none,MS-RG-WT,10,529.2,547.0,0.5327028676001646,14846.6,1.0
failures,er,250,25,dominating,0.25,random,CARE-DS,10,558.0,565.5,0.5569740668998747,1682.0,1.0
failures,er,250,25,dominating,0.25,random,D-EAA-ER,10,526.1,537.0,0.10526626829996526,1428.8,1.0
failures,er,250,25,dominating,0.25,random,DWG,10,517.9,529.5,0.7389771418000237,19183.2,1.0
failures,er,250,25,dominating,0.25,random,EAAS-S4C-MAB-R,10,122.1,121.5,0.09623972339995812,5170.5,1.0
failures,er,250,25,dominating,0.25,random,MS-RG-WT,10,495.0,508.5,0.48741541980016334,13927.6,1.0
failures,er,250,25,dominating,0.25,targeted,CARE-DS,10,606.4,602.0,0.5524177116998544,2001.4,1.0
failures,er,250,25,dominating,0.25,targeted,D-EAA-ER,10,562.6,560.0,0.11231004540004501,1567.3,1.0
failures,er,250,25,dominating,0.25,targeted,DWG,10,590.5,588.5,0.7977965961999871,21013.9,1.0
failures,er,250,25,dominating,0.25,targeted,EAAS-S4C-MAB-R,10,188.0,199.0,0.1319898550002108,9526.8,1.0
failures,er,250,25,dominating,0.25,targeted,MS-RG-WT,10,554.0,556.0,0.5975700660999792,14991.1,1.0
failures,er,250,35,connected,0.25,none,CARE-DS,10,793.8,794.5,2.5451696104000803,2050.2,1.0
failures,er,250,35,connected,0.25,none,D-EAA-ER,10,729.1,735.5,1.3795720650000476,1450.5,1.0
failures,er,250,35,connected,0.25,none,DWG,10,767.4,771.0,1.3489805518998765,22270.0,1.0
failures,er,250,35,connected,0.25,none,MS-RG-WT,10,713.9,712.0,2.9567842752000617,17427.2,1.0
failures,er,250,35,connected,0.25,random,CARE-DS,10,771.4,774.0,2.683291934999852,1947.9,1.0
failures,er,250,35,connected,0.25,random,D-EAA-ER,10,704.5,715.5,1.3961498100000427,1406.8,1.0
failures,er,250,35,connected,0.25,random,DWG,10,733.8,739.5,1.3098338133998368,21068.8,1.0
failures,er,250,35,connected,0.25,random,MS-RG-WT,10,685.6,693.0,2.9350667405999955,16319.8,1.0
failures,er,250,35,connected,0.25,targeted,CARE-DS,10,799.1,800.0,2.6664907123000376,2024.9,1.0
failures,er,250,35,connected,0.25,targeted,D-EAA-ER,10,731.8,730.5,1.3695175438999285,1423.4,1.0
failures,er,250,35,connected,0.25,targeted,DWG,10,774.3,772.0,1.3513507953997759,21564.8,1.0
failures,er,250,35,connected,0.25,targeted,MS-RG-WT,10,714.5,715.5,3.2788383935001546,16604.0,1.0
failures,er,250,35,dominating,0.25,none,CARE-DS,10,800.4,795.0,0.7140956121000273,1999.7,1.0
failures,er,250,35,dominating,0.25,none,D-EAA-ER,10,729.4,729.5,0.15905105390002058,1472.4,1.0
failures,er,250,35,dominating,0.25,none,DWG,10,776.9,778.0,1.0555804689998696,22525.3,1.0
failures,er,250,35,dominating,0.25,none,EAAS-S4C-MAB-R,10,480.1,474.5,0.4194195873999888,19251.4,1.0
failures,er,250,35,dominating,0.25,none,MS-RG-WT,10,718.0,717.0,0.7772965432998717,17426.3,1.0
failures,er,250,35,dominating,0.25,random,CARE-DS,10,773.7,769.0,0.672860607200073,2008.5,1.0
failures,er,250,35,dominating,0.25,random,D-EAA-ER,10,711.2,708.5,0.1473614304000875,1463.3,1.0
failures,er,250,35,dominating,0.25,random,DWG,10,746.5,752.5,0.9760675195002477,21413.4,1.0
failures,er,250,35,dominating,0.25,random,EAAS-S4C-MAB-R,10,232.4,234.0,0.20142742839989292,9222.5,1.0
failures,er,250,35,dominating,0.25,random,MS-RG-WT,10,693.8,692.0,0.681493427299938,16533.1,1.0
failures,er,250,35,dominating,0.25,targeted,CARE-DS,10,799.0,790.5,0.6525512199998957,1946.4,1.0
failures,er,250,35,dominating,0.25,targeted,D-EAA-ER,10,725.1,721.0,0.14663073350020564,1484.4,1.0
failures,er,250,35,dominating,0.25,targeted,DWG,10,779.8,774.0,0.9858504803001779,21741.5,1.0
failures,er,250,35,dominating,0.25,targeted,EAAS-S4C-MAB-R,10,265.7,268.0,0.20601955840002115,10417.6,1.0
failures,er,250,35,dominating,0.25,targeted,MS-RG-WT,10,720.2,720.5,0.7376122029001635,16508.1,1.0
failures,er,500,15,connected,0.25,none,CARE-DS,10,247.8,267.5,3.0826814824001305,1739.4,1.0
failures,er,500,15,connected,0.25,none,D-EAA-ER,10,248.0,270.0,1.455504383600055,1439.3,1.0
failures,er,500,15,connected,0.25,none,DWG,10,211.4,230.0,1.5057418447999225,22545.6,1.0
failures,er,500,15,connected,0.25,none,MS-RG-WT,10,218.6,224.5,4.092254230200069,15398.6,1.0
failures,er,500,15,connected,0.25,random,CARE-DS,10,216.4,244.5,3.3068138710998936,1389.4,1.0
failures,er,500,15,connected,0.25,random,D-EAA-ER,10,222.4,257.0,1.6856302971999866,1387.9,1.0
failures,er,500,15,connected,0.25,random,DWG,10,193.1,215.5,1.4807739713997763,20046.7,1.0
failures,er,500,15,connected,0.25,random,MS-RG-WT,10,198.6,214.5,5.0854608812000155,12832.3,1.0
failures,er,500,15,connected,0.25,targeted,CARE-DS,10,339.0,342.5,4.714259952300017,2959.6,1.0
failures,er,500,15,connected,0.25,targeted,D-EAA-ER,10,324.3,322.5,2.686564516799899,2495.0,1.0
failures,er,500,15,connected,0.25,targeted,DWG,10,316.9,316.5,1.8163666790000206,33571.0,1.0
failures,er,500,15,connected,0.25,targeted,MS-RG-WT,10,318.1,319.5,5.456734489500104,22713.6,1.0
failures,er,500,15,dominating,0.25,none,CARE-DS,10,297.4,305.0,0.8390283746000022,1848.7,1.0
failures,er,500,15,dominating,0.25,none,D-EAA-ER,10,293.3,302.0,0.09360210160002677,1665.4,1.0
failures,er,500,15,dominating,0.25,none,DWG,10,253.5,262.0,1.2170000294000602,26500.7,1.0
failures,er,500,15,dominating,0.25,none,EAAS-S4C-MAB-R,10,160.9,159.5,0.19538635279986916,23891.2,1.0
failures,er,500,15,dominating,0.25,none,MS-RG-WT,10,264.6,266.5,0.7144414406001488,18149.8,1.0
failures,er,500,15,dominating,0.25,random,CARE-DS,10,280.5,290.0,0.8429396022999753,1925.6,1.0
failures,er,500,15,dominating,0.25,random,D-EAA-ER,10,283.2,291.0,0.09660147920003506,1880.6,1.0
failures,er,500,15,dominating,0.25,random,DWG,10,239.6,247.0,1.122298784299892,24604.3,1.0
failures,er,500,15,dominating,0.25,random,EAAS-S4C-MAB-R,10,37.2,36.0,0.08228361989986291,3840.8,1.0
failures,er,500,15,dominating,0.25,random,MS-RG-WT,10,250.3,262.0,0.7950587368003653,16193.5,1.0
failures,er,500,15,dominating,0.25,targeted,CARE-DS,10,383.3,384.5,1.0819350081999801,3511.9,1.0
failures,er,500,15,dominating,0.25,targeted,D-EAA-ER,10,354.8,356.5,0.1402600011999311,2485.5,1.0
failures,er,500,15,dominating,0.25,targeted,DWG,10,369.7,369.5,1.7164144249001765,37437.3,1.0
failures,er,500,15,dominating,0.25,targeted,EAAS-S4C-MAB-R,10,62.3,56.5,0.0960233798001354,5793.6,1.0
failures,er,500,15,dominating,0.25,targeted,MS-RG-WT,10,354.5,360.0,1.0656413409999004,24416.1,1.0
failures,er,500,25,connected,0.25,none,CARE-DS,10,551.8,553.0,8.774632987299992,3868.6,1.0
failures,er,500,25,connected,0.25,none,D-EAA-ER,10,520.0,522.5,5.639847655900121,2952.1,1.0
failures,er,500,25,connected,0.25,none,DWG,10,516.1,525.5,2.9511458634999146,39987.7,1.0
failures,er,500,25,connected,0.25,none,MS-RG-WT,10,500.6,500.5,9.584780060400044,29015.2,1.0
failures,er,500,25,connected,0.25,random,CARE-DS,10,522.4,530.5,8.816922413300016,3607.1,1.0
failures,er,500,25,connected,0.25,random,D-EAA-ER,10,490.6,501.0,5.126551052800096,2675.6,1.0
failures,er,500,25,connected,0.25,random,DWG,10,481.2,498.5,2.6855140091001886,36865.5,1.0
failures,er,500,25,connected,0.25,random,MS-RG-WT,10,469.6,478.0,10.88771946859988,27189.1,1.0
failures,er,500,25,connected,0.25,targeted,CARE-DS,10,568.1,567.5,10.297626283200042,4388.0,1.0
failures,er,500,25,connected,0.25,targeted,D-EAA-ER,10,533.0,533.5,6.950061417800043,3277.4,1.0
failures,er,500,25,connected,0.25,targeted,DWG,10,552.5,550.0,2.8788931684999626,40824.8,1.0
failures,er,500,25,connected,0.25,targeted,MS-RG-WT,10,521.4,521.5,11.108541934500044,28796.8,1.0
failures,er,500,25,dominating,0.25,none,CARE-DS,10,577.3,582.0,1.6619218986000306,4067.6,1.0
failures,er,500,25,dominating,0.25,none,D-EAA-ER,10,543.5,542.5,0.25421367230010217,3203.7,1.0
failures,er,500,25,dominating,0.25,none,DWG,10,554.3,562.0,2.440768083800049,41427.7,1.0
failures,er,500,25,dominating,0.25,none,EAAS-S4C-MAB-R,10,299.6,304.0,0.493565433600088,31305.7,1.0
failures,er,500,25,dominating,0.25,none,MS-RG-WT,10,530.0,538.5,1.463974653200148,29528.3,1.0
failures,er,500,25,dominating,0.25,random,CARE-DS,10,553.9,556.0,1.7404340713999773,3849.6,1.0
failures,er,500,25,dominating,0.25,random,D-EAA-ER,10,526.5,530.5,0.26558557240005026,3090.1,1.0
failures,er,500,25,dominating,0.25,random,DWG,10,522.2,530.5,2.341304126500108,38559.9,1.0
failures,er,500,25,dominating,0.25,random,EAAS-S4C-MAB-R,10,74.5,79.5,0.19127826950007143,4652.9,1.0
failures,er,500,25,dominating,0.25,random,MS-RG-WT,10,502.9,513.0,1.4979893307000567,27404.0,1.0
failures,er,500,25,dominating,0.25,targeted,CARE-DS,10,591.0,596.0,1.6560277118000157,4297.8,1.0
failures,er,500,25,dominating,0.25,targeted,D-EAA-ER,10,552.4,552.0,0.27846654739987564,3336.1,1.0
failures,er,500,25,dominating,0.25,targeted,DWG,10,585.3,588.5,2.4926874365000002,41585.5,1.0
failures,er,500,25,dominating,0.25,targeted,EAAS-S4C-MAB-R,10,112.8,123.0,0.24273771069993014,9388.8,1.0
failures,er,500,25,dominating,0.25,targeted,MS-RG-WT,10,547.9,548.5,1.7399785432998214,29223.9,1.0
failures,er,500,35,connected,0.25,none,CARE-DS,10,761.8,763.0,13.413456283100004,4554.5,1.0
failures,er,500,35,connected,0.25,none,D-EAA-ER,10,704.2,705.5,10.82711554079997,3056.4,1.0
failures,er,500,35,connected,0.25,none,DWG,10,739.0,748.0,4.981946797700038,44063.8,1.0
failures,er,500,35,connected,0.25,none,MS-RG-WT,10,692.8,696.5,20.61268353430005,33282.5,1.0
failures,er,500,35,connected,0.25,random,CARE-DS,10,743.0,740.0,13.828140065999833,4467.3,1.0
failures,er,500,35,connected,0.25,random,D-EAA-ER,10,681.1,680.5,8.632314286600103,3053.1,1.0
failures,er,500,35,connected,0.25,random,DWG,10,713.4,720.5,3.990656636499989,42155.1,1.0
failures,er,500,35,connected,0.25,random,MS-RG-WT,10,672.9,671.5,16.942950085699977,31563.8,1.0
failures,er,500,35,connected,0.25,targeted,CARE-DS,10,766.7,767.5,14.593469942999945,4546.1,1.0
failures,er,500,35,connected,0.25,targeted,D-EAA-ER,10,704.3,706.5,8.40976820520009,3075.6,1.0
failures,er,500,35,connected,0.25,targeted,DWG,10,755.1,758.5,4.094926536200001,43088.0,1.0
failures,er,500,35,connected,0.25,targeted,MS-RG-WT,10,692.9,695.5,17.52892543980015,31911.1,1.0
failures,er,500,35,dominating,0.25,none,CARE-DS,10,771.7,779.0,2.1203109773000506,4397.4,1.0
failures,er,500,35,dominating,0.25,none,D-EAA-ER,10,714.3,720.0,0.3724984767000933,3080.2,1.0
failures,er,500,35,dominating,0.25,none,DWG,10,766.2,775.5,3.3495752609999725,44722.1,1.0
failures,er,500,35,dominating,0.25,none,EAAS-S4C-MAB-R,10,452.1,458.5,1.0219958076001603,37280.7,1.0
failures,er,500,35,dominating,0.25,none,MS-RG-WT,10,710.6,709.5,2.2235020806000647,33355.7,1.0
failures,er,500,35,dominating,0.25,random,CARE-DS,10,749.3,754.5,2.459722680900268,4222.2,1.0
failures,er,500,35,dominating,0.25,random,D-EAA-ER,10,694.3,698.5,0.34024310350005177,3065.1,1.0
failures,er,500,35,dominating,0.25,random,DWG,10,743.1,746.0,3.2132749315001092,42868.0,1.0
failures,er,500,35,dominating,0.25,random,EAAS-S4C-MAB-R,10,146.3,147.0,0.3648164854998867,9739.6,1.0
failures,er,500,35,dominating,0.25,random,MS-RG-WT,10,690.9,691.0,2.1784672967998633,31279.4,1.0
failures,er,500,35,dominating,0.25,targeted,CARE-DS,10,774.3,771.5,2.2395033539998623,4364.3,1.0
failures,er,500,35,dominating,0.25,targeted,D-EAA-ER,10,715.0,714.5,0.4844093832001818,3070.5,1.0
failures,er,500,35,dominating,0.25,targeted,DWG,10,776.8,781.5,3.954798635500174,43436.6,1.0
failures,er,500,35,dominating,0.25,targeted,EAAS-S4C-MAB-R,10,122.8,114.0,0.45057347289985045,7647.7,1.0
failures,er,500,35,dominating,0.25,targeted,MS-RG-WT,10,713.8,717.0,2.484745818599913,31526.2,1.0
failures,rgg,100,15,connected,0.25,none,CARE-DS,10,167.7,168.0,0.11699316109998104,130.2,1.0
failures,rgg,100,15,connected,0.25,none,D-EAA-ER,10,152.7,151.0,0.02634634350006304,113.7,1.0
failures,rgg,100,15,connected,0.25,none,DWG,10,148.5,168.5,0.15091837249992746,3374.4,1.0
failures,rgg,100,15,connected,0.25,none,MS-RG-WT,10,155.9,168.5,0.14931814940000546,1840.7,1.0
failures,rgg,100,15,connected,0.25,random,CARE-DS,10,164.7,176.5,0.11639787140011319,153.1,1.0
failures,rgg,100,15,connected,0.25,random,D-EAA-ER,10,162.3,176.5,0.034078277200023835,154.9,1.0
failures,rgg,100,15,connected,0.25,random,DWG,10,144.0,158.5,0.14451855170009362,3182.6,1.0
failures,rgg,100,15,connected,0.25,random,MS-RG-WT,10,148.9,161.0,0.1600103407998176,1822.8,1.0
failures,rgg,100,15,connected,0.25,targeted,CARE-DS,10,217.2,216.0,0.13327127949978598,227.2,1.0
failures,rgg,100,15,connected,0.25,targeted,D-EAA-ER,10,220.9,208.0,0.05218299859980101,238.9,1.0
failures,rgg,100,15,connected,0.25,targeted,DWG,10,190.3,181.5,0.1637371906000226,4184.9,1.0
failures,rgg,100,15,connected,0.25,targeted,MS-RG-WT,10,198.6,194.0,0.20339774349986323,2469.4,1.0
failures,rgg,100,15,dominating,0.25,none,CARE-DS,10,263.1,247.5,0.09749053579989772,166.5,1.0
failures,rgg,100,15,dominating,0.25,none,D-EAA-ER,10,252.1,224.0,0.015390150399980452,153.4,1.0
failures,rgg,100,15,dominating,0.25,none,DWG,10,217.3,203.0,0.13142524489985585,4155.6,1.0
failures,rgg,100,15,dominating,0.25,none,EAAS-S4C-MAB-R,10,178.3,167.0,0.061996365400045716,3690.9,1.0
failures,rgg,100,15,dominating,0.25,none,MS-RG-WT,10,230.1,213.5,0.0828693428001315,2423.5,1.0
failures,rgg,100,15,dominating,0.25,random,CARE-DS,10,257.8,246.5,0.08989860279989438,193.1,1.0
failures,rgg,100,15,dominating,0.25,random,D-EAA-ER,10,254.4,238.0,0.014963393300058631,185.6,1.0
failures,rgg,100,15,dominating,0.25,random,DWG,10,214.1,203.0,0.11661037880003274,4041.5,1.0
failures,rgg,100,15,dominating,0.25,random,EAAS-S4C-MAB-R,10,131.6,111.5,0.03374727050013456,2546.7,1.0
failures,rgg,100,15,dominating,0.25,random,MS-RG-WT,10,225.3,207.0,0.08904502870000211,2632.3,1.0
failures,rgg,100,15,dominating,0.25,targeted,CARE-DS,10,328.6,308.0,0.11806266339990538,238.0,1.0
failures,rgg,100,15,dominating,0.25,targeted,D-EAA-ER,10,317.7,301.0,0.01626500969987314,207.8,1.0
failures,rgg,100,15,dominating,0.25,targeted,DWG,10,270.7,258.0,0.1539695159000075,4831.9,1.0
failures,rgg,100,15,dominating,0.25,targeted,EAAS-S4C-MAB-R,10,132.6,123.0,0.03356662559990578,2450.0,1.0
failures,rgg,100,15,dominating,0.25,targeted,MS-RG-WT,10,290.2,277.0,0.1125599705999775,2956.4,1.0
failures,rgg,100,25,connected,0.25,none,CARE-DS,10,412.3,408.0,0.2086643921997165,259.6,1.0
failures,rgg,100,25,connected,0.25,none,D-EAA-ER,10,401.6,390.0,0.10268145279978849,236.4,1.0
failures,rgg,100,25,connected,0.25,none,DWG,10,357.9,348.5,0.267345307800042,5453.9,1.0
failures,rgg,100,25,connected,0.25,none,MS-RG-WT,10,356.8,345.0,0.3107110787000238,3969.3,1.0
failures,rgg,100,25,connected,0.25,random,CARE-DS,10,395.4,388.0,0.2337055249000514,274.6,1.0
failures,rgg,100,25,connected,0.25,random,D-EAA-ER,10,387.1,363.5,0.094477041600021,252.6,1.0
failures,rgg,100,25,connected,0.25,random,DWG,10,344.6,316.5,0.25063117640002014,5203.4,1.0
failures,rgg,100,25,connected,0.25,random,MS-RG-WT,10,337.3,325.0,0.30665049840008574,3744.2,1.0
failures,rgg,100,25,connected,0.25,targeted,CARE-DS,10,502.7,520.5,0.2547172640000098,356.1,1.0
failures,rgg,100,25,connected,0.25,targeted,D-EAA-ER,10,496.2,503.0,0.1208549652001238,317.2,1.0
failures,rgg,100,25,connected,0.25,targeted,DWG,10,437.0,448.0,0.3036956939000447,6322.6,1.0
failures,rgg,100,25,connected,0.25,targeted,MS-RG-WT,10,434.8,446.5,0.36756592510009795,4548.4,1.0
failures,rgg,100,25,dominating,0.25,none,CARE-DS,10,507.4,466.0,0.16533998930008237,211.2,1.0
failures,rgg,100,25,dominating,0.25,none,D-EAA-ER,10,505.8,465.5,0.03526335930018827,194.0,1.0
failures,rgg,100,25,dominating,0.25,none,DWG,10,414.5,382.5,0.21523503339994926,5179.8,1.0
failures,rgg,100,25,dominating,0.25,none,EAAS-S4C-MAB-R,10,376.3,369.0,0.2045862145999308,5105.7,1.0
failures,rgg,100,25,dominating,0.25,none,MS-RG-WT,10,422.6,392.5,0.1450253987001815,3864.4,1.0
failures,rgg,100,25,dominating,0.25,random,CARE-DS,10,486.2,463.0,0.15500907570003614,211.9,1.0
failures,rgg,100,25,dominating,0.25,random,D-EAA-ER,10,486.1,463.0,0.03113050299998572,207.8,1.0
failures,rgg,100,25,dominating,0.25,random,DWG,10,397.2,377.5,0.20509663950006138,4895.7,1.0
failures,rgg,100,25,dominating,0.25,random,EAAS-S4C-MAB-R,10,294.2,318.0,0.1294735950000358,3974.5,1.0
failures,rgg,100,25,dominating,0.25,random,MS-RG-WT,10,408.0,389.0,0.16178631499997204,3707.3,1.0
failures,rgg,100,25,dominating,0.25,targeted,CARE-DS,10,617.0,655.5,0.16947646210001036,264.7,1.0
failures,rgg,100,25,dominating,0.25,targeted,D-EAA-ER,10,619.7,648.0,0.04197853169998776,248.5,1.0
failures,rgg,100,25,dominating,0.25,targeted,DWG,10,516.6,546.5,0.2717799449998893,6105.8,1.0
failures,rgg,100,25,dominating,0.25,targeted,EAAS-S4C-MAB-R,10,296.1,291.5,0.14259289189985788,3871.6,1.0
failures,rgg,100,25,dominating,0.25,targeted,MS-RG-WT,10,522.9,536.0,0.1826986502997897,4616.6,1.0
failures,rgg,100,35,connected,0.25,none,CARE-DS,10,629.8,675.5,0.3414723124999909,239.7,1.0
failures,rgg,100,35,connected,0.25,none,D-EAA-ER,10,623.1,634.0,0.1909679194000091,250.3,1.0
failures,rgg,100,35,connected,0.25,none,DWG,10,531.5,563.5,0.4090328707999106,5813.2,1.0
failures,rgg,100,35,connected,0.25,none,MS-RG-WT,10,529.8,563.0,0.5085816967000027,4423.8,1.0
failures,rgg,100,35,connected,0.25,random,CARE-DS,10,592.3,608.5,0.31983314700019033,239.4,1.0
failures,rgg,100,35,connected,0.25,random,D-EAA-ER,10,597.2,602.5,0.16951765879966837,233.4,1.0
failures,rgg,100,35,connected,0.25,random,DWG,10,504.5,504.5,0.37200913630022114,5508.5,1.0
failures,rgg,100,35,connected,0.25,random,MS-RG-WT,10,503.4,521.5,0.5341173220997006,4151.2,1.0
failures,rgg,100,35,connected,0.25,targeted,CARE-DS,10,835.5,835.5,0.40676403730003585,423.4,1.0
failures,rgg,100,35,connected,0.25,targeted,D-EAA-ER,10,794.8,777.5,0.2588331435000327,356.3,1.0
failures,rgg,100,35,connected,0.25,targeted,DWG,10,711.1,705.0,0.4870888954998918,7194.1,1.0
failures,rgg,100,35,connected,0.25,targeted,MS-RG-WT,10,697.7,684.0,0.5864338143000168,5644.0,1.0
failures,rgg,100,35,dominating,0.25,none,CARE-DS,10,721.8,758.0,0.20877923949992688,201.2,1.0
failures,rgg,100,35,dominating,0.25,none,D-EAA-ER,10,720.7,759.5,0.05170584170000434,198.0,1.0
failures,rgg,100,35,dominating,0.25,none,DWG,10,585.8,618.5,0.3510109564998857,5588.6,1.0
failures,rgg,100,35,dominating,0.25,none,EAAS-S4C-MAB-R,10,557.1,571.0,0.3757615468000949,5477.2,1.0
failures,rgg,100,35,dominating,0.25,none,MS-RG-WT,10,603.8,635.0,0.19130837659995445,4316.0,1.0
failures,rgg,100,35,dominating,0.25,random,CARE-DS,10,691.5,708.0,0.2215671570999802,209.7,1.0
failures,rgg,100,35,dominating,0.25,random,D-EAA-ER,10,691.5,708.0,0.04972477029987199,207.6,1.0
failures,rgg,100,35,dominating,0.25,random,DWG,10,561.0,575.5,0.3219058601999677,5352.8,1.0
failures,rgg,100,35,dominating,0.25,random,EAAS-S4C-MAB-R,10,474.7,494.5,0.3010668183998859,4656.3,1.0
failures,rgg,100,35,dominating,0.25,random,MS-RG-WT,10,572.5,586.5,0.20990710369987933,4246.9,1.0
failures,rgg,100,35,dominating,0.25,targeted,CARE-DS,10,980.2,951.0,0.283076302399877,329.8,1.0
failures,rgg,100,35,dominating,0.25,targeted,D-EAA-ER,10,972.3,954.5,0.07853686399994325,312.5,1.0
failures,rgg,100,35,dominating,0.25,targeted,DWG,10,800.2,772.5,0.4393944290998661,7267.9,1.0
failures,rgg,100,35,dominating,0.25,targeted,EAAS-S4C-MAB-R,10,458.3,458.5,0.2991643483999723,4386.0,1.0
failures,rgg,100,35,dominating,0.25,targeted,MS-RG-WT,10,810.0,794.5,0.27674737450006426,5978.2,1.0
failures,rgg,250,15,connected,0.25,none,CARE-DS,10,177.2,179.5,0.5542107518998819,535.5,1.0
failures,rgg,250,15,connected,0.25,none,D-EAA-ER,10,166.1,173.0,0.1759561497000504,409.2,1.0
failures,rgg,250,15,connected,0.25,none,DWG,10,152.5,159.0,0.44421639089987364,8851.2,1.0
failures,rgg,250,15,connected,0.25,none,MS-RG-WT,10,157.3,165.0,0.6710774139000023,4772.2,1.0
failures,rgg,250,15,connected,0.25,random,CARE-DS,10,164.9,178.0,0.6276482262000173,473.3,1.0
failures,rgg,250,15,connected,0.25,random,D-EAA-ER,10,165.0,182.0,0.19988286009975123,481.8,1.0
failures,rgg,250,15,connected,0.25,random,DWG,10,147.6,158.0,0.4168129446000421,8440.8,1.0
failures,rgg,250,15,connected,0.25,random,MS-RG-WT,10,144.4,157.5,0.709185031800098,5046.7,1.0
failures,rgg,250,15,connected,0.25,targeted,CARE-DS,10,202.3,200.0,0.7191496264999842,548.4,1.0
failures,rgg,250,15,connected,0.25,targeted,D-EAA-ER,10,210.5,215.5,0.255237875000239,587.2,1.0
failures,rgg,250,15,connected,0.25,targeted,DWG,10,177.7,180.5,0.4711972923999383,9902.2,1.0
failures,rgg,250,15,connected,0.25,targeted,MS-RG-WT,10,184.5,196.0,0.7902674371000102,5972.0,1.0
failures,rgg,250,15,dominating,0.25,none,CARE-DS,10,266.0,263.5,0.2776880420000452,489.3,1.0
failures,rgg,250,15,dominating,0.25,none,D-EAA-ER,10,259.0,262.5,0.03880227329982513,432.2,1.0
failures,rgg,250,15,dominating,0.25,none,DWG,10,218.9,219.0,0.3536889112000608,9780.4,1.0
failures,rgg,250,15,dominating,0.25,none,EAAS-S4C-MAB-R,10,175.3,177.5,0.0888314732997969,8803.2,1.0
failures,rgg,250,15,dominating,0.25,none,MS-RG-WT,10,232.9,230.5,0.24050127929976947,5716.9,1.0
failures,rgg,250,15,dominating,0.25,random,CARE-DS,10,257.8,263.5,0.2829839338000056,515.2,1.0
failures,rgg,250,15,dominating,0.25,random,D-EAA-ER,10,259.2,262.5,0.03606638239989474,492.2,1.0
failures,rgg,250,15,dominating,0.25,random,DWG,10,214.7,218.5,0.3546853374999955,9506.2,1.0
failures,rgg,250,15,dominating,0.25,random,EAAS-S4C-MAB-R,10,89.8,87.0,0.054748538700187,3400.7,1.0
failures,rgg,250,15,dominating,0.25,random,MS-RG-WT,10,223.8,229.0,0.26354499369981566,6390.3,1.0
failures,rgg,250,15,dominating,0.25,targeted,CARE-DS,10,319.6,313.0,0.31496458960009477,566.7,1.0
failures,rgg,250,15,dominating,0.25,targeted,D-EAA-ER,10,321.4,317.0,0.04778078429999363,526.4,1.0
failures,rgg,250,15,dominating,0.25,targeted,DWG,10,266.3,264.0,0.4108187644000282,11321.8,1.0
failures,rgg,250,15,dominating,0.25,targeted,EAAS-S4C-MAB-R,10,83.4,81.5,0.05029142320008757,2567.9,1.0
failures,rgg,250,15,dominating,0.25,targeted,MS-RG-WT,10,283.2,277.0,0.29205142629980396,6899.3,1.0
failures,rgg,250,25,connected,0.25,none,CARE-DS,10,337.9,393.5,1.0886588919001952,691.2,1.0
failures,rgg,250,25,connected,0.25,none,D-EAA-ER,10,330.2,380.5,0.439788588600004,586.8,1.0
failures,rgg,250,25,connected,0.25,none,DWG,10,293.0,331.0,0.6684728522000114,11529.2,1.0
failures,rgg,250,25,connected,0.25,none,MS-RG-WT,10,300.5,346.0,1.1382099923999704,7613.1,1.0
failures,rgg,250,25,connected,0.25,random,CARE-DS,10,305.2,339.0,1.2127433285999358,629.9,1.0
failures,rgg,250,25,connected,0.25,random,D-EAA-ER,10,305.8,352.5,0.4808833363003032,573.5,1.0
failures,rgg,250,25,connected,0.25,random,DWG,10,269.2,298.0,0.6709110516999317,10527.8,1.0
failures,rgg,250,25,connected,0.25,random,MS-RG-WT,10,270.9,299.0,1.3618031320998853,6890.4,1.0
failures,rgg,250,25,connected,0.25,targeted,CARE-DS,10,436.6,451.5,1.405483838300188,1008.1,1.0
failures,rgg,250,25,connected,0.25,targeted,D-EAA-ER,10,432.2,462.0,0.6794040870998288,839.0,1.0
failures,rgg,250,25,connected,0.25,targeted,DWG,10,379.6,396.5,0.7968744342999343,14387.3,1.0
failures,rgg,250,25,connected,0.25,targeted,MS-RG-WT,10,384.9,399.5,1.6359055132000322,10073.5,1.0
failures,rgg,250,25,dominating,0.25,none,CARE-DS,10,423.5,460.0,0.3425692769999841,475.5,1.0
failures,rgg,250,25,dominating,0.25,none,D-EAA-ER,10,420.4,459.5,0.05891804059974672,442.4,1.0
failures,rgg,250,25,dominating,0.25,none,DWG,10,348.8,374.5,0.44532998389977363,10635.1,1.0
failures,rgg,250,25,dominating,0.25,none,EAAS-S4C-MAB-R,10,295.9,316.0,0.18347069109995567,9830.5,1.0
failures,rgg,250,25,dominating,0.25,none,MS-RG-WT,10,361.1,394.5,0.288504891499997,7442.6,1.0
failures,rgg,250,25,dominating,0.25,random,CARE-DS,10,400.2,437.5,0.3353480089998811,498.6,1.0
failures,rgg,250,25,dominating,0.25,random,D-EAA-ER,10,397.4,437.5,0.05886826190007919,469.1,1.0
failures,rgg,250,25,dominating,0.25,random,DWG,10,326.9,357.0,0.42917027579987915,9860.5,1.0
failures,rgg,250,25,dominating,0.25,random,EAAS-S4C-MAB-R,10,167.5,177.5,0.10329496699996521,5476.4,1.0
failures,rgg,250,25,dominating,0.25,random,MS-RG-WT,10,338.1,366.5,0.2865270974997656,7067.9,1.0
failures,rgg,250,25,dominating,0.25,targeted,CARE-DS,10,586.5,606.5,0.4152119848001348,776.2,1.0
failures,rgg,250,25,dominating,0.25,targeted,D-EAA-ER,10,589.2,603.0,0.08218808969986635,657.4,1.0
failures,rgg,250,25,dominating,0.25,targeted,DWG,10,484.0,492.0,0.6040424216000246,14113.3,1.0
failures,rgg,250,25,dominating,0.25,targeted,EAAS-S4C-MAB-R,10,167.7,192.0,0.09846636199999917,4944.2,1.0
failures,rgg,250,25,dominating,0.25,targeted,MS-RG-WT,10,504.6,508.5,0.4192211158000646,10207.0,1.0
failures,rgg,250,35,connected,0.25,none,CARE-DS,10,505.3,513.0,2.3206404039999144,679.8,1.0
failures,rgg,250,35,connected,0.25,none,D-EAA-ER,10,497.1,504.0,0.8362593093999748,597.4,1.0
failures,rgg,250,35,connected,0.25,none,DWG,10,424.1,427.5,1.0358583098000054,12782.6,1.0
failures,rgg,250,35,connected,0.25,none,MS-RG-WT,10,435.3,437.5,2.1364613235000434,9413.8,1.0
failures,rgg,250,35,connected,0.25,random,CARE-DS,10,496.8,495.0,2.0467723190002287,749.3,1.0
failures,rgg,250,35,connected,0.25,random,D-EAA-ER,10,489.9,497.5,0.8004353548999461,601.3,1.0
failures,rgg,250,35,connected,0.25,random,DWG,10,413.3,406.0,0.9779937327999505,12408.2,1.0
failures,rgg,250,35,connected,0.25,random,MS-RG-WT,10,421.7,417.0,2.2740002792000267,9501.3,1.0
failures,rgg,250,35,connected,0.25,targeted,CARE-DS,10,670.7,667.0,2.203644477200123,1194.6,1.0
failures,rgg,250,35,connected,0.25,targeted,D-EAA-ER,10,650.2,629.5,1.260623848600062,920.0,1.0
failures,rgg,250,35,connected,0.25,targeted,DWG,10,580.2,563.0,1.2226647350998974,16530.0,1.0
failures,rgg,250,35,connected,0.25,targeted,MS-RG-WT,10,569.3,546.5,2.539368579999973,12349.0,1.0
failures,rgg,250,35,dominating,0.25,none,CARE-DS,10,588.4,584.0,0.46910691159991985,509.0,1.0
failures,rgg,250,35,dominating,0.25,none,D-EAA-ER,10,582.1,571.0,0.09553886009998673,432.5,1.0
failures,rgg,250,35,dominating,0.25,none,DWG,10,478.7,476.5,0.6446447352997893,11492.3,1.0
failures,rgg,250,35,dominating,0.25,none,EAAS-S4C-MAB-R,10,440.8,433.0,0.32176773930013947,11146.5,1.0
failures,rgg,250,35,dominating,0.25,none,MS-RG-WT,10,502.4,489.5,0.4474284253999031,8333.8,1.0
failures,rgg,250,35,dominating,0.25,random,CARE-DS,10,568.4,548.0,0.5086670998996852,502.8,1.0
failures,rgg,250,35,dominating,0.25,random,D-EAA-ER,10,565.8,548.0,0.09409133359995389,450.4,1.0
failures,rgg,250,35,dominating,0.25,random,DWG,10,461.6,447.5,0.6591433264999068,10987.3,1.0
failures,rgg,250,35,dominating,0.25,random,EAAS-S4C-MAB-R,10,275.0,258.0,0.244103997899947,6923.7,1.0
failures,rgg,250,35,dominating,0.25,random,MS-RG-WT,10,480.5,463.5,0.48958363950014244,8237.6,1.0
failures,rgg,250,35,dominating,0.25,targeted,CARE-DS,10,816.4,766.5,0.6062311492000845,808.3,1.0
failures,rgg,250,35,dominating,0.25,targeted,D-EAA-ER,10,815.5,750.5,0.15757255360003905,674.0,1.0
failures,rgg,250,35,dominating,0.25,targeted,DWG,10,670.5,626.0,0.8542524933998721,15092.3,1.0
failures,rgg,250,35,dominating,0.25,targeted,EAAS-S4C-MAB-R,10,246.4,239.5,0.20675362759984633,6124.0,1.0
failures,rgg,250,35,dominating,0.25,targeted,MS-RG-WT,10,684.0,643.5,0.5611166966999008,11909.5,1.0
failures,rgg,500,15,connected,0.25,none,CARE-DS,10,116.7,111.5,1.8758206700999835,499.6,1.0
failures,rgg,500,15,connected,0.25,none,D-EAA-ER,10,116.0,109.5,0.6744794963002277,515.2,1.0
failures,rgg,500,15,connected,0.25,none,DWG,10,108.7,102.5,1.2021132074000889,11593.6,1.0
failures,rgg,500,15,connected,0.25,none,MS-RG-WT,10,115.2,109.5,2.4030907165000825,5130.4,1.0
failures,rgg,500,15,connected,0.25,random,CARE-DS,10,111.7,112.0,2.320003262299997,598.9,1.0
failures,rgg,500,15,connected,0.25,random,D-EAA-ER,10,108.2,104.5,0.8637870700998974,612.1,1.0
failures,rgg,500,15,connected,0.25,random,DWG,10,104.8,102.5,1.2062286114000926,11029.6,1.0
failures,rgg,500,15,connected,0.25,random,MS-RG-WT,10,106.0,105.5,2.724259229999916,5466.0,1.0
failures,rgg,500,15,connected,0.25,targeted,CARE-DS,10,194.3,199.5,3.1974514087998616,1276.9,1.0
failures,rgg,500,15,connected,0.25,targeted,D-EAA-ER,10,195.8,202.5,1.4691184388999319,1185.9,1.0
failures,rgg,500,15,connected,0.25,targeted,DWG,10,176.6,178.5,1.6394141986998876,19365.7,1.0
failures,rgg,500,15,connected,0.25,targeted,MS-RG-WT,10,185.9,189.0,4.489210448100129,10658.8,1.0
failures,rgg,500,15,dominating,0.25,none,CARE-DS,10,202.0,197.5,0.6214979817999847,714.9,1.0
failures,rgg,500,15,dominating,0.25,none,D-EAA-ER,10,201.8,197.0,0.058787985199887725,643.2,1.0
failures,rgg,500,15,dominating,0.25,none,DWG,10,167.1,164.0,0.7224938397000187,14530.9,1.0
failures,rgg,500,15,dominating,0.25,none,EAAS-S4C-MAB-R,10,133.6,135.0,0.12188509820016405,13056.9,1.0
failures,rgg,500,15,dominating,0.25,none,MS-RG-WT,10,177.9,177.5,0.47185964460013563,8097.1,1.0
failures,rgg,500,15,dominating,0.25,random,CARE-DS,10,192.5,174.0,0.5969663209000828,707.3,1.0
failures,rgg,500,15,dominating,0.25,random,D-EAA-ER,10,196.4,186.5,0.05742964079981898,763.5,1.0
failures,rgg,500,15,dominating,0.25,random,DWG,10,164.0,156.5,0.6554301895998833,14073.9,1.0
failures,rgg,500,15,dominating,0.25,random,EAAS-S4C-MAB-R,10,54.1,50.0,0.08205177330009969,2830.5,1.0
failures,rgg,500,15,dominating,0.25,random,MS-RG-WT,10,173.8,167.5,0.5617421590000049,8209.1,1.0
failures,rgg,500,15,dominating,0.25,targeted,CARE-DS,10,319.8,314.0,0.7765655173998312,1277.8,1.0
failures,rgg,500,15,dominating,0.25,targeted,D-EAA-ER,10,327.5,325.5,0.09244514959973453,1169.6,1.0
failures,rgg,500,15,dominating,0.25,targeted,DWG,10,268.4,262.0,1.0841669071000979,22729.4,1.0
failures,rgg,500,15,dominating,0.25,targeted,EAAS-S4C-MAB-R,10,54.1,50.0,0.07792129840017874,3610.8,1.0
failures,rgg,500,15,dominating,0.25,targeted,MS-RG-WT,10,282.1,278.5,0.6748340723999717,13081.7,1.0
failures,rgg,500,25,connected,0.25,none,CARE-DS,10,330.8,328.5,5.223070055200242,1472.5,1.0
failures,rgg,500,25,connected,0.25,none,D-EAA-ER,10,310.3,297.0,2.523801415900107,1068.1,1.0
failures,rgg,500,25,connected,0.25,none,DWG,10,280.6,277.0,2.2177611624999374,21965.4,1.0
failures,rgg,500,25,connected,0.25,none,MS-RG-WT,10,283.7,290.0,6.598011973100074,14023.2,1.0
failures,rgg,500,25,connected,0.25,random,CARE-DS,10,292.4,294.0,4.920736684099848,1183.3,1.0
failures,rgg,500,25,connected,0.25,random,D-EAA-ER,10,297.3,315.5,2.5204641061000075,1102.5,1.0
failures,rgg,500,25,connected,0.25,random,DWG,10,261.8,263.5,2.0776448285000697,20285.1,1.0
failures,rgg,500,25,connected,0.25,random,MS-RG-WT,10,267.3,274.5,6.781936393600153,13047.2,1.0
failures,rgg,500,25,connected,0.25,targeted,CARE-DS,10,424.0,420.5,7.293766292099917,2074.3,1.0
failures,rgg,500,25,connected,0.25,targeted,D-EAA-ER,10,418.9,417.0,3.940070183699936,1699.0,1.0
failures,rgg,500,25,connected,0.25,targeted,DWG,10,367.9,364.0,2.430121562399836,27995.0,1.0
failures,rgg,500,25,connected,0.25,targeted,MS-RG-WT,10,372.9,376.5,7.936959629300054,18601.6,1.0
failures,rgg,500,25,dominating,0.25,none,CARE-DS,10,424.7,447.0,1.0329397009001695,1050.1,1.0
failures,rgg,500,25,dominating,0.25,none,D-EAA-ER,10,419.4,431.5,0.14234074590003726,856.9,1.0
failures,rgg,500,25,dominating,0.25,none,DWG,10,352.4,366.0,1.4141534285002308,20932.3,1.0
failures,rgg,500,25,dominating,0.25,none,EAAS-S4C-MAB-R,10,305.9,321.0,0.4831361377000576,20047.5,1.0
failures,rgg,500,25,dominating,0.25,none,MS-RG-WT,10,371.0,386.0,0.7867658416000267,14054.3,1.0
failures,rgg,500,25,dominating,0.25,random,CARE-DS,10,395.3,418.0,0.998365991999799,1021.3,1.0
failures,rgg,500,25,dominating,0.25,random,D-EAA-ER,10,398.4,418.0,0.14041211019975888,911.1,1.0
failures,rgg,500,25,dominating,0.25,random,DWG,10,331.0,343.5,1.3404855488000067,19474.4,1.0
failures,rgg,500,25,dominating,0.25,random,EAAS-S4C-MAB-R,10,134.0,138.0,0.24130728500003892,7844.7,1.0
failures,rgg,500,25,dominating,0.25,random,MS-RG-WT,10,348.9,365.0,0.9264673949000098,13169.5,1.0
failures,rgg,500,25,dominating,0.25,targeted,CARE-DS,10,552.0,558.5,1.1935374730999684,1573.1,1.0
failures,rgg,500,25,dominating,0.25,targeted,D-EAA-ER,10,540.2,530.0,0.21690974300008742,1225.1,1.0
failures,rgg,500,25,dominating,0.25,targeted,DWG,10,457.5,448.0,1.7748074844000257,25984.1,1.0
failures,rgg,500,25,dominating,0.25,targeted,EAAS-S4C-MAB-R,10,88.7,72.0,0.21527628670000923,4060.5,1.0
failures,rgg,500,25,dominating,0.25,targeted,MS-RG-WT,10,469.9,458.0,1.001860667999972,18562.1,1.0
failures,rgg,500,35,connected,0.25,none,CARE-DS,10,451.9,467.5,11.055990513200049,1505.2,1.0
failures,rgg,500,35,connected,0.25,none,D-EAA-ER,10,439.5,464.5,4.178138235299866,1107.7,1.0
failures,rgg,500,35,connected,0.25,none,DWG,10,386.0,396.0,2.668532169699938,22747.4,1.0
failures,rgg,500,35,connected,0.25,none,MS-RG-WT,10,388.3,403.0,9.078913254500003,16296.5,1.0
failures,rgg,500,35,connected,0.25,random,CARE-DS,10,448.0,445.0,9.653839178000089,1497.4,1.0
failures,rgg,500,35,connected,0.25,random,D-EAA-ER,10,447.5,452.5,4.750886345399977,1237.7,1.0
failures,rgg,500,35,connected,0.25,random,DWG,10,388.0,380.0,2.521557948800182,22740.6,1.0
failures,rgg,500,35,connected,0.25,random,MS-RG-WT,10,389.0,388.5,10.227406684600009,16773.0,1.0
failures,rgg,500,35,connected,0.25,targeted,CARE-DS,10,576.4,593.0,12.701095091799834,2026.9,1.0
failures,rgg,500,35,connected,0.25,targeted,D-EAA-ER,10,563.7,571.0,6.670852649800144,1544.7,1.0
failures,rgg,500,35,connected,0.25,targeted,DWG,10,496.6,518.5,3.482697044699944,28075.6,1.0
failures,rgg,500,35,connected,0.25,targeted,MS-RG-WT,10,506.6,524.0,13.387658359499984,20899.6,1.0
failures,rgg,500,35,dominating,0.25,none,CARE-DS,10,582.8,589.5,1.4454902763999598,1189.8,1.0
failures,rgg,500,35,dominating,0.25,none,D-EAA-ER,10,571.9,575.0,0.22220032280001756,871.3,1.0
failures,rgg,500,35,dominating,0.25,none,DWG,10,473.5,481.0,1.8849370160000944,21801.8,1.0
failures,rgg,500,35,dominating,0.25,none,EAAS-S4C-MAB-R,10,423.3,433.5,0.8118568418998621,21196.9,1.0
failures,rgg,500,35,dominating,0.25,none,MS-RG-WT,10,491.0,503.5,1.0474850978000176,16088.6,1.0
failures,rgg,500,35,dominating,0.25,random,CARE-DS,10,571.3,559.5,1.374704814100096,1178.0,1.0
failures,rgg,500,35,dominating,0.25,random,D-EAA-ER,10,569.1,559.5,0.23990795339987012,919.1,1.0
failures,rgg,500,35,dominating,0.25,random,DWG,10,464.3,457.0,1.8167959169999448,21222.3,1.0
failures,rgg,500,35,dominating,0.25,random,EAAS-S4C-MAB-R,10,168.0,151.5,0.4204466963000414,7939.7,1.0
failures,rgg,500,35,dominating,0.25,random,MS-RG-WT,10,484.7,484.0,1.1683703534000416,15569.9,1.0
failures,rgg,500,35,dominating,0.25,targeted,CARE-DS,10,699.0,728.0,1.4132763853999677,1493.8,1.0
failures,rgg,500,35,dominating,0.25,targeted,D-EAA-ER,10,689.9,713.0,0.26642791109979946,1146.0,1.0
failures,rgg,500,35,dominating,0.25,targeted,DWG,10,579.8,604.5,2.031064308200075,25233.4,1.0
failures,rgg,500,35,dominating,0.25,targeted,EAAS-S4C-MAB-R,10,166.9,159.0,0.37846810950004506,7446.9,1.0
failures,rgg,500,35,dominating,0.25,targeted,MS-RG-WT,10,599.7,623.0,1.2662370657000792,18775.3,1.0
failures,watts_strogatz,100,15,connected,0.25,none,CARE-DS,10,415.4,418.5,0.21616504060002625,609.4,1.0
failures,watts_strogatz,100,15,connected,0.25,none,D-EAA-ER,10,380.6,381.0,0.09784286960011736,511.8,1.0
failures,watts_strogatz,100,15,connected,0.25,none,DWG,10,386.3,389.0,0.27657081130000727,8302.0,1.0
failures,watts_strogatz,100,15,connected,0.25,none,MS-RG-WT,10,381.6,382.5,0.2875228716001402,5108.2,1.0
failures,watts_strogatz,100,15,connected,0.25,random,CARE-DS,10,398.0,404.5,0.20796102389995208,584.2,1.0
failures,watts_strogatz,100,15,connected,0.25,random,D-EAA-ER,10,366.3,374.0,0.08771223850008023,485.1,1.0
failures,watts_strogatz,100,15,connected,0.25,random,DWG,10,364.8,364.0,0.253997303899996,7802.6,1.0
failures,watts_strogatz,100,15,connected,0.25,random,MS-RG-WT,10,361.3,370.5,0.29331214159983576,4854.1,1.0
failures,watts_strogatz,100,15,connected,0.25,targeted,CARE-DS,10,405.6,400.5,0.21491063469984506,600.5,1.0
failures,watts_strogatz,100,15,connected,0.25,targeted,D-EAA-ER,10,374.0,382.0,0.09497823119991147,503.3,1.0
failures,watts_strogatz,100,15,connected,0.25,targeted,DWG,10,371.5,369.5,0.2559718930001509,7839.9,1.0
failures,watts_strogatz,100,15,connected,0.25,targeted,MS-RG-WT,10,369.4,366.5,0.2923624455001118,4979.2,1.0
failures,watts_strogatz,100,15,dominating,0.25,none,CARE-DS,10,518.7,526.5,0.1458384859000034,507.3,1.0
failures,watts_strogatz,100,15,dominating,0.25,none,D-EAA-ER,10,487.3,476.5,0.028359248999913628,439.2,1.0
failures,watts_strogatz,100,15,dominating,0.25,none,DWG,10,466.1,464.0,0.2194985451999855,8695.3,1.0
failures,watts_strogatz,100,15,dominating,0.25,none,EAAS-S4C-MAB-R,10,312.3,313.0,0.12032029890006013,6908.0,1.0
failures,watts_strogatz,100,15,dominating,0.25,none,MS-RG-WT,10,462.9,461.5,0.15939323389975465,5682.2,1.0
failures,watts_strogatz,100,15,dominating,0.25,random,CARE-DS,10,488.8,497.5,0.14785015959978404,482.9,1.0
failures,watts_strogatz,100,15,dominating,0.25,random,D-EAA-ER,10,476.4,486.5,0.031158195199804988,450.1,1.0
failures,watts_strogatz,100,15,dominating,0.25,random,DWG,10,437.5,441.5,0.20870873209996715,8069.7,1.0
failures,watts_strogatz,100,15,dominating,0.25,random,EAAS-S4C-MAB-R,10,223.3,236.5,0.07730877600006347,4902.3,1.0
failures,watts_strogatz,100,15,dominating,0.25,random,MS-RG-WT,10,429.4,443.5,0.15676098950007142,5251.7,1.0
failures,watts_strogatz,100,15,dominating,0.25,targeted,CARE-DS,10,505.8,507.5,0.16325145570008312,505.4,1.0
failures,watts_strogatz,100,15,dominating,0.25,targeted,D-EAA-ER,10,479.4,483.0,0.0295293957000467,446.6,1.0
failures,watts_strogatz,100,15,dominating,0.25,targeted,DWG,10,451.2,453.0,0.22705338360010502,8218.6,1.0
failures,watts_strogatz,100,15,dominating,0.25,targeted,EAAS-S4C-MAB-R,10,228.4,234.0,0.08454824340005866,5011.1,1.0
failures,watts_strogatz,100,15,dominating,0.25,targeted,MS-RG-WT,10,450.2,445.5,0.18282760149986638,5200.7,1.0
failures,watts_strogatz,100,25,connected,0.25,none,CARE-DS,10,694.3,698.5,0.28469131220017513,631.2,1.0
failures,watts_strogatz,100,25,connected,0.25,none,D-EAA-ER,10,641.9,632.5,0.17811830590007954,507.2,1.0
failures,watts_strogatz,100,25,connected,0.25,none,DWG,10,640.9,641.5,0.3551584815999376,8481.6,1.0
failures,watts_strogatz,100,25,connected,0.25,none,MS-RG-WT,10,617.0,612.5,0.4338321350000115,6419.6,1.0
failures,watts_strogatz,100,25,connected,0.25,random,CARE-DS,10,671.3,665.0,0.2936536416998933,631.1,1.0
failures,watts_strogatz,100,25,connected,0.25,random,D-EAA-ER,10,604.9,612.0,0.1749630426998919,507.4,1.0
failures,watts_strogatz,100,25,connected,0.25,random,DWG,10,614.8,622.0,0.3636196384000868,8128.9,1.0
failures,watts_strogatz,100,25,connected,0.25,random,MS-RG-WT,10,591.8,589.5,0.4435173240999575,6015.5,1.0
failures,watts_strogatz,100,25,connected,0.25,targeted,CARE-DS,10,673.3,673.5,0.29029743090004556,586.3,1.0
failures,watts_strogatz,100,25,connected,0.25,targeted,D-EAA-ER,10,623.7,623.5,0.1761499896999339,514.5,1.0
failures,watts_strogatz,100,25,connected,0.25,targeted,DWG,10,623.2,626.0,0.3380743998000071,8118.7,1.0
failures,watts_strogatz,100,25,connected,0.25,targeted,MS-RG-WT,10,601.6,601.0,0.42841725669986774,6161.6,1.0
failures,watts_strogatz,100,25,dominating,0.25,none,CARE-DS,10,793.2,798.0,0.2021958446001008,594.8,1.0
failures,watts_strogatz,100,25,dominating,0.25,none,D-EAA-ER,10,756.6,763.5,0.05983658299992382,492.2,1.0
failures,watts_strogatz,100,25,dominating,0.25,none,DWG,10,708.3,709.5,0.2817089813001075,8852.8,1.0
failures,watts_strogatz,100,25,dominating,0.25,none,EAAS-S4C-MAB-R,10,506.2,508.0,0.2893610023998917,7458.5,1.0
failures,watts_strogatz,100,25,dominating,0.25,none,MS-RG-WT,10,689.1,686.5,0.2279434586999741,6798.4,1.0
failures,watts_strogatz,100,25,dominating,0.25,random,CARE-DS,10,772.6,772.5,0.19923586450004221,577.1,1.0
failures,watts_strogatz,100,25,dominating,0.25,random,D-EAA-ER,10,729.4,731.0,0.05101065549997652,505.4,1.0
failures,watts_strogatz,100,25,dominating,0.25,random,DWG,10,686.9,689.5,0.2522143995000988,8508.3,1.0
failures,watts_strogatz,100,25,dominating,0.25,random,EAAS-S4C-MAB-R,10,384.1,384.0,0.2092091704998893,5589.8,1.0
failures,watts_strogatz,100,25,dominating,0.25,random,MS-RG-WT,10,661.1,655.5,0.22393437870014163,6587.4,1.0
failures,watts_strogatz,100,25,dominating,0.25,targeted,CARE-DS,10,767.3,770.0,0.2030388911000045,565.5,1.0
failures,watts_strogatz,100,25,dominating,0.25,targeted,D-EAA-ER,10,724.8,729.0,0.051048573499883766,482.4,1.0
failures,watts_strogatz,100,25,dominating,0.25,targeted,DWG,10,690.3,690.0,0.2731843846998344,8441.3,1.0
failures,watts_strogatz,100,25,dominating,0.25,targeted,EAAS-S4C-MAB-R,10,385.9,391.5,0.2087528396998095,5655.9,1.0
failures,watts_strogatz,100,25,dominating,0.25,targeted,MS-RG-WT,10,671.6,669.0,0.24261743050019505,6532.7,1.0
failures,watts_strogatz,100,35,connected,0.25,none,CARE-DS,10,1083.4,1076.0,0.43770644699970945,622.6,1.0
failures,watts_strogatz,100,35,connected,0.25,none,D-EAA-ER,10,984.0,994.0,0.26003907450012775,489.5,1.0
failures,watts_strogatz,100,35,connected,0.25,none,DWG,10,972.4,973.0,0.46567632879987286,9207.3,1.0
failures,watts_strogatz,100,35,connected,0.25,none,MS-RG-WT,10,930.6,924.5,0.6129172286000539,7369.6,1.0
failures,watts_strogatz,100,35,connected,0.25,random,CARE-DS,10,1032.9,1017.5,0.4502962960998957,604.7,1.0
failures,watts_strogatz,100,35,connected,0.25,random,D-EAA-ER,10,951.2,959.5,0.2481256445000326,494.5,1.0
failures,watts_strogatz,100,35,connected,0.25,random,DWG,10,935.9,931.5,0.4478652886998134,8825.1,1.0
failures,watts_strogatz,100,35,connected,0.25,random,MS-RG-WT,10,888.8,889.5,0.6583009563000815,7096.2,1.0
failures,watts_strogatz,100,35,connected,0.25,targeted,CARE-DS,10,1049.9,1051.0,0.4752382682998359,590.8,1.0
failures,watts_strogatz,100,35,connected,0.25,targeted,D-EAA-ER,10,968.6,973.5,0.2583995117998711,510.3,1.0
failures,watts_strogatz,100,35,connected,0.25,targeted,DWG,10,948.1,943.5,0.4484958429000471,8852.8,1.0
failures,watts_strogatz,100,35,connected,0.25,targeted,MS-RG-WT,10,905.8,903.5,0.6825082633999955,6958.9,1.0
failures,watts_strogatz,100,35,dominating,0.25,none,CARE-DS,10,1130.3,1134.0,0.23783333350002062,605.1,1.0
failures,watts_strogatz,100,35,dominating,0.25,none,D-EAA-ER,10,1070.0,1064.5,0.0736953042000095,507.9,1.0
failures,watts_strogatz,100,35,dominating,0.25,none,DWG,10,1010.0,1016.0,0.32497151489997117,9514.8,1.0
failures,watts_strogatz,100,35,dominating,0.25,none,EAAS-S4C-MAB-R,10,767.9,766.5,0.5544554963998962,8640.5,1.0
failures,watts_strogatz,100,35,dominating,0.25,none,MS-RG-WT,10,968.9,967.5,0.2760273605998008,7979.7,1.0
failures,watts_strogatz,100,35,dominating,0.25,random,CARE-DS,10,1093.4,1096.5,0.2281559452000692,596.3,1.0
failures,watts_strogatz,100,35,dominating,0.25,random,D-EAA-ER,10,1034.6,1035.5,0.07247850530011415,496.9,1.0
failures,watts_strogatz,100,35,dominating,0.25,random,DWG,10,970.9,979.5,0.31903605109991984,9149.1,1.0
failures,watts_strogatz,100,35,dominating,0.25,random,EAAS-S4C-MAB-R,10,617.6,611.5,0.3912547675998212,6892.1,1.0
failures,watts_strogatz,100,35,dominating,0.25,random,MS-RG-WT,10,938.7,943.5,0.2846348372999273,7560.2,1.0
failures,watts_strogatz,100,35,dominating,0.25,targeted,CARE-DS,10,1098.6,1100.5,0.22348493519994003,601.8,1.0
failures,watts_strogatz,100,35,dominating,0.25,targeted,D-EAA-ER,10,1046.2,1038.0,0.0754657618000237,499.5,1.0
failures,watts_strogatz,100,35,dominating,0.25,targeted,DWG,10,984.6,992.0,0.3349387674000354,9154.2,1.0
failures,watts_strogatz,100,35,dominating,0.25,targeted,EAAS-S4C-MAB-R,10,625.3,629.5,0.4120400135001546,6971.9,1.0
failures,watts_strogatz,100,35,dominating,0.25,targeted,MS-RG-WT,10,946.2,947.5,0.2985367212999336,7702.8,1.0
failures,watts_strogatz,250,15,connected,0.25,none,CARE-DS,10,382.1,383.5,1.1779723485998148,1843.9,1.0
failures,watts_strogatz,250,15,connected,0.25,none,D-EAA-ER,10,355.0,357.5,0.43651720770012614,1380.4,1.0
failures,watts_strogatz,250,15,connected,0.25,none,DWG,10,368.1,372.5,0.7164567542999066,20080.3,1.0
failures,watts_strogatz,250,15,connected,0.25,none,MS-RG-WT,10,360.5,364.5,1.1127464454000802,12565.0,1.0
failures,watts_strogatz,250,15,connected,0.25,random,CARE-DS,10,368.3,368.0,1.267095249200065,1714.8,1.0
failures,watts_strogatz,250,15,connected,0.25,random,D-EAA-ER,10,349.3,353.0,0.547982617100115,1533.3,1.0
failures,watts_strogatz,250,15,connected,0.25,random,DWG,10,353.1,356.5,0.7413689400999829,19144.5,1.0
failures,watts_strogatz,250,15,connected,0.25,random,MS-RG-WT,10,346.3,352.5,1.3525592127000892,11455.0,1.0
failures,watts_strogatz,250,15,connected,0.25,targeted,CARE-DS,10,367.8,375.5,1.3599629145000107,1723.4,1.0
failures,watts_strogatz,250,15,connected,0.25,targeted,D-EAA-ER,10,343.0,348.0,0.5622275127002467,1368.8,1.0
failures,watts_strogatz,250,15,connected,0.25,targeted,DWG,10,347.1,356.0,0.7205543937996481,18536.9,1.0
failures,watts_strogatz,250,15,connected,0.25,targeted,MS-RG-WT,10,344.1,353.5,1.408446141100012,11720.5,1.0
failures,watts_strogatz,250,15,dominating,0.25,none,CARE-DS,10,484.6,492.5,0.4336186377001468,1401.9,1.0
failures,watts_strogatz,250,15,dominating,0.25,none,D-EAA-ER,10,464.6,470.0,0.07324470569992624,1153.5,1.0
failures,watts_strogatz,250,15,dominating,0.25,none,DWG,10,445.1,445.5,0.6013802665999719,20570.6,1.0
failures,watts_strogatz,250,15,dominating,0.25,none,EAAS-S4C-MAB-R,10,271.2,269.5,0.1504212804000417,15065.2,1.0
failures,watts_strogatz,250,15,dominating,0.25,none,MS-RG-WT,10,443.6,445.5,0.42085113189987167,12372.2,1.0
failures,watts_strogatz,250,15,dominating,0.25,random,CARE-DS,10,469.2,462.0,0.37545502829998434,1374.3,1.0
failures,watts_strogatz,250,15,dominating,0.25,random,D-EAA-ER,10,454.8,454.0,0.06819806149997017,1234.9,1.0
failures,watts_strogatz,250,15,dominating,0.25,random,DWG,10,427.4,428.0,0.5734295387999737,19528.2,1.0
failures,watts_strogatz,250,15,dominating,0.25,random,EAAS-S4C-MAB-R,10,108.3,109.0,0.06675226750012365,4857.2,1.0
failures,watts_strogatz,250,15,dominating,0.25,random,MS-RG-WT,10,415.6,416.0,0.3796234136001658,11980.0,1.0
failures,watts_strogatz,250,15,dominating,0.25,targeted,CARE-DS,10,461.5,470.5,0.38486421799998427,1329.6,1.0
failures,watts_strogatz,250,15,dominating,0.25,targeted,D-EAA-ER,10,451.8,459.0,0.06566689450000918,1156.7,1.0
failures,watts_strogatz,250,15,dominating,0.25,targeted,DWG,10,414.7,420.0,0.5440729965998798,18603.7,1.0
failures,watts_strogatz,250,15,dominating,0.25,targeted,EAAS-S4C-MAB-R,10,134.2,139.0,0.071516681400044,6536.8,1.0
failures,watts_strogatz,250,15,dominating,0.25,targeted,MS-RG-WT,10,418.5,428.0,0.3784708228999989,10912.2,1.0
failures,watts_strogatz,250,25,connected,0.25,none,CARE-DS,10,665.6,669.0,1.6240313060001426,1975.1,1.0
failures,watts_strogatz,250,25,connected,0.25,none,D-EAA-ER,10,607.9,605.0,1.00353489120007,1467.0,1.0
failures,watts_strogatz,250,25,connected,0.25,none,DWG,10,625.5,630.5,1.003016346700133,21496.9,1.0
failures,watts_strogatz,250,25,connected,0.25,none,MS-RG-WT,10,605.0,608.5,1.9768478639000022,15425.9,1.0
failures,watts_strogatz,250,25,connected,0.25,random,CARE-DS,10,639.6,637.0,1.934721178000018,1940.9,1.0
failures,watts_strogatz,250,25,connected,0.25,random,D-EAA-ER,10,581.8,585.5,1.109083956199811,1411.9,1.0
failures,watts_strogatz,250,25,connected,0.25,random,DWG,10,598.4,603.0,0.9730229409001367,20429.8,1.0
failures,watts_strogatz,250,25,connected,0.25,random,MS-RG-WT,10,576.6,584.0,2.1771122580998052,14848.3,1.0
failures,watts_strogatz,250,25,connected,0.25,targeted,CARE-DS,10,643.8,649.5,1.9497969821999503,1831.2,1.0
failures,watts_strogatz,250,25,connected,0.25,targeted,D-EAA-ER,10,589.5,588.5,0.9916246184999181,1385.3,1.0
failures,watts_strogatz,250,25,connected,0.25,targeted,DWG,10,592.3,597.0,0.902363830000013,20074.0,1.0
failures,watts_strogatz,250,25,connected,0.25,targeted,MS-RG-WT,10,569.8,580.5,1.9885805427998093,14660.0,1.0
failures,watts_strogatz,250,25,dominating,0.25,none,CARE-DS,10,781.6,781.5,0.5892464463999204,1665.2,1.0
failures,watts_strogatz,250,25,dominating,0.25,none,D-EAA-ER,10,753.9,754.5,0.13756818820002076,1345.0,1.0
failures,watts_strogatz,250,25,dominating,0.25,none,DWG,10,712.7,717.0,0.8478908726001464,22086.7,1.0
failures,watts_strogatz,250,25,dominating,0.25,none,EAAS-S4C-MAB-R,10,481.0,482.0,0.3807773024998823,17818.1,1.0
failures,watts_strogatz,250,25,dominating,0.25,none,MS-RG-WT,10,698.8,695.5,0.6023525387998234,15533.2,1.0
failures,watts_strogatz,250,25,dominating,0.25,random,CARE-DS,10,750.2,754.0,0.5731055714000831,1599.0,1.0
failures,watts_strogatz,250,25,dominating,0.25,random,D-EAA-ER,10,725.4,728.5,0.13317194289984394,1321.7,1.0
failures,watts_strogatz,250,25,dominating,0.25,random,DWG,10,677.2,684.0,0.8084631277999506,20835.4,1.0
failures,watts_strogatz,250,25,dominating,0.25,random,EAAS-S4C-MAB-R,10,253.4,263.5,0.20828836409991705,9233.6,1.0
failures,watts_strogatz,250,25,dominating,0.25,random,MS-RG-WT,10,659.4,663.0,0.5679553801998736,15265.9,1.0
failures,watts_strogatz,250,25,dominating,0.25,targeted,CARE-DS,10,755.5,757.5,0.5533691417001136,1532.4,1.0
failures,watts_strogatz,250,25,dominating,0.25,targeted,D-EAA-ER,10,716.7,718.5,0.12491480329972542,1196.7,1.0
failures,watts_strogatz,250,25,dominating,0.25,targeted,DWG,10,670.6,672.5,0.7884020701000736,20322.9,1.0
failures,watts_strogatz,250,25,dominating,0.25,targeted,EAAS-S4C-MAB-R,10,259.8,252.0,0.19436160299992475,9518.7,1.0
failures,watts_strogatz,250,25,dominating,0.25,targeted,MS-RG-WT,10,646.7,647.5,0.5710636472998886,14295.2,1.0
failures,watts_strogatz,250,35,connected,0.25,none,CARE-DS,10,949.0,945.5,3.084652237300179,2007.5,1.0
failures,watts_strogatz,250,35,connected,0.25,none,D-EAA-ER,10,857.5,853.5,1.64502455439997,1426.8,1.0
failures,watts_strogatz,250,35,connected,0.25,none,DWG,10,886.0,886.0,1.3420706126999904,22271.6,1.0
failures,watts_strogatz,250,35,connected,0.25,none,MS-RG-WT,10,846.9,843.0,3.1486151141002665,16490.5,1.0
failures,watts_strogatz,250,35,connected,0.25,random,CARE-DS,10,915.3,908.5,3.229572084099891,1886.0,1.0
failures,watts_strogatz,250,35,connected,0.25,random,D-EAA-ER,10,824.5,818.0,1.772062833000018,1400.3,1.0
failures,watts_strogatz,250,35,connected,0.25,random,DWG,10,848.1,844.0,1.3611465242000123,21204.3,1.0
failures,watts_strogatz,250,35,connected,0.25,random,MS-RG-WT,10,807.1,800.0,3.5143995147999703,15611.6,1.0
failures,watts_strogatz,250,35,connected,0.25,targeted,CARE-DS,10,925.8,920.5,3.4379546712000773,1866.8,1.0
failures,watts_strogatz,250,35,connected,0.25,targeted,D-EAA-ER,10,836.0,823.5,1.6966532714000095,1385.1,1.0
failures,watts_strogatz,250,35,connected,0.25,targeted,DWG,10,853.5,854.0,1.3100017895000746,21153.3,1.0
failures,watts_strogatz,250,35,connected,0.25,targeted,MS-RG-WT,10,814.8,811.0,3.341252549300043,15857.4,1.0
failures,watts_strogatz,250,35,dominating,0.25,none,CARE-DS,10,1060.9,1061.5,0.7527530974998626,1781.1,1.0
failures,watts_strogatz,250,35,dominating,0.25,none,D-EAA-ER,10,1015.1,1019.5,0.20817048030012297,1360.6,1.0
failures,watts_strogatz,250,35,dominating,0.25,none,DWG,10,971.2,981.5,1.047561178400065,22895.2,1.0
failures,watts_strogatz,250,35,dominating,0.25,none,EAAS-S4C-MAB-R,10,678.2,680.0,0.7012914628000544,19362.4,1.0
failures,watts_strogatz,250,35,dominating,0.25,none,MS-RG-WT,10,927.6,938.5,0.7675920966998092,17604.7,1.0
failures,watts_strogatz,250,35,dominating,0.25,random,CARE-DS,10,1020.7,1016.5,0.6912189306999608,1734.9,1.0
failures,watts_strogatz,250,35,dominating,0.25,random,D-EAA-ER,10,980.8,981.0,0.21532472529997898,1323.3,1.0
failures,watts_strogatz,250,35,dominating,0.25,random,DWG,10,932.1,940.5,1.0658718460999808,21814.4,1.0
failures,watts_strogatz,250,35,dominating,0.25,random,EAAS-S4C-MAB-R,10,362.4,364.0,0.37642657590013184,10388.5,1.0
failures,watts_strogatz,250,35,dominating,0.25,random,MS-RG-WT,10,898.6,909.0,0.7916850489001263,16590.9,1.0
failures,watts_strogatz,250,35,dominating,0.25,targeted,CARE-DS,10,1022.2,1032.5,0.6745940890000384,1637.4,1.0
failures,watts_strogatz,250,35,dominating,0.25,targeted,D-EAA-ER,10,987.9,992.5,0.19055609280003405,1256.1,1.0
failures,watts_strogatz,250,35,dominating,0.25,targeted,DWG,10,932.8,934.5,1.0250870009002029,21592.9,1.0
failures,watts_strogatz,250,35,dominating,0.25,targeted,EAAS-S4C-MAB-R,10,387.0,388.0,0.37966057780004114,10886.2,1.0
failures,watts_strogatz,250,35,dominating,0.25,targeted,MS-RG-WT,10,890.1,892.5,0.7336282235999534,16126.9,1.0
failures,watts_strogatz,500,15,connected,0.25,none,CARE-DS,10,376.9,376.5,4.741711284200119,3978.0,1.0
failures,watts_strogatz,500,15,connected,0.25,none,D-EAA-ER,10,352.8,350.0,2.4091380929001387,3081.0,1.0
failures,watts_strogatz,500,15,connected,0.25,none,DWG,10,358.0,356.5,2.0361625397999887,38542.7,1.0
failures,watts_strogatz,500,15,connected,0.25,none,MS-RG-WT,10,350.2,353.0,4.994654220999928,24593.3,1.0
failures,watts_strogatz,500,15,connected,0.25,random,CARE-DS,10,354.1,353.0,6.4367254034000325,3547.6,1.0
failures,watts_strogatz,500,15,connected,0.25,random,D-EAA-ER,10,335.0,338.0,3.336097934400095,2901.9,1.0
failures,watts_strogatz,500,15,connected,0.25,random,DWG,10,331.2,334.0,1.9168961384000796,35291.1,1.0
failures,watts_strogatz,500,15,connected,0.25,random,MS-RG-WT,10,328.3,327.5,7.178975401300067,22512.2,1.0
failures,watts_strogatz,500,15,connected,0.25,targeted,CARE-DS,10,343.4,349.0,5.8677455500998805,3050.9,1.0
failures,watts_strogatz,500,15,connected,0.25,targeted,D-EAA-ER,10,323.0,326.5,2.781468503800079,2422.4,1.0
failures,watts_strogatz,500,15,connected,0.25,targeted,DWG,10,317.6,318.0,1.79450662119998,33257.8,1.0
failures,watts_strogatz,500,15,connected,0.25,targeted,MS-RG-WT,10,314.7,313.0,6.627082205799797,20772.4,1.0
failures,watts_strogatz,500,15,dominating,0.25,none,CARE-DS,10,470.4,471.5,1.1051415351998912,2959.4,1.0
failures,watts_strogatz,500,15,dominating,0.25,none,D-EAA-ER,10,449.3,446.5,0.15405209900000041,2312.6,1.0
failures,watts_strogatz,500,15,dominating,0.25,none,DWG,10,420.5,421.0,1.5537805289000062,38565.2,1.0
failures,watts_strogatz,500,15,dominating,0.25,none,EAAS-S4C-MAB-R,10,253.5,257.5,0.31312935779978945,27907.7,1.0
failures,watts_strogatz,500,15,dominating,0.25,none,MS-RG-WT,10,418.8,418.0,0.9238909603001048,21655.3,1.0
failures,watts_strogatz,500,15,dominating,0.25,random,CARE-DS,10,436.8,441.0,0.9931332559000111,2634.4,1.0
failures,watts_strogatz,500,15,dominating,0.25,random,D-EAA-ER,10,424.2,429.5,0.13130290099979897,2255.0,1.0
failures,watts_strogatz,500,15,dominating,0.25,random,DWG,10,393.9,399.5,1.3931756203000987,35754.3,1.0
failures,watts_strogatz,500,15,dominating,0.25,random,EAAS-S4C-MAB-R,10,70.2,68.5,0.12255405760006395,5103.6,1.0
failures,watts_strogatz,500,15,dominating,0.25,random,MS-RG-WT,10,390.0,393.0,0.9094845486999474,21214.7,1.0
failures,watts_strogatz,500,15,dominating,0.25,targeted,CARE-DS,10,427.1,440.5,0.9397578090999559,2305.8,1.0
failures,watts_strogatz,500,15,dominating,0.25,targeted,D-EAA-ER,10,412.5,420.0,0.12591726770015152,1988.1,1.0
failures,watts_strogatz,500,15,dominating,0.25,targeted,DWG,10,373.9,382.0,1.3390062876999764,33237.5,1.0
failures,watts_strogatz,500,15,dominating,0.25,targeted,EAAS-S4C-MAB-R,10,80.2,81.5,0.1258015696999791,5995.6,1.0
failures,watts_strogatz,500,15,dominating,0.25,targeted,MS-RG-WT,10,380.9,378.0,0.8617236831998525,18695.6,1.0
failures,watts_strogatz,500,25,connected,0.25,none,CARE-DS,10,643.4,647.5,8.53779121840007,4484.2,1.0
failures,watts_strogatz,500,25,connected,0.25,none,D-EAA-ER,10,590.6,594.5,5.542940348900084,3113.5,1.0
failures,watts_strogatz,500,25,connected,0.25,none,DWG,10,618.1,617.0,2.845765444999779,42410.7,1.0
failures,watts_strogatz,500,25,connected,0.25,none,MS-RG-WT,10,594.8,592.0,10.450718539799983,29423.3,1.0
failures,watts_strogatz,500,25,connected,0.25,random,CARE-DS,10,617.4,622.0,11.793488931499997,4423.2,1.0
failures,watts_strogatz,500,25,connected,0.25,random,D-EAA-ER,10,569.2,568.5,7.620088979099819,3172.6,1.0
failures,watts_strogatz,500,25,connected,0.25,random,DWG,10,588.0,589.5,2.7502893156998653,40188.3,1.0
failures,watts_strogatz,500,25,connected,0.25,random,MS-RG-WT,10,565.0,571.5,13.036001011399913,27709.1,1.0
failures,watts_strogatz,500,25,connected,0.25,targeted,CARE-DS,10,606.8,610.5,11.21132311349993,3841.1,1.0
failures,watts_strogatz,500,25,connected,0.25,targeted,D-EAA-ER,10,562.0,570.0,6.745441128099901,2731.7,1.0
failures,watts_strogatz,500,25,connected,0.25,targeted,DWG,10,562.3,584.0,2.671698910699979,37946.0,1.0
failures,watts_strogatz,500,25,connected,0.25,targeted,MS-RG-WT,10,549.8,573.0,12.552121435700064,26554.3,1.0
failures,watts_strogatz,500,25,dominating,0.25,none,CARE-DS,10,767.6,777.0,1.5694618903999982,3623.5,1.0
failures,watts_strogatz,500,25,dominating,0.25,none,D-EAA-ER,10,740.6,741.0,0.32346757539989995,2892.1,1.0
failures,watts_strogatz,500,25,dominating,0.25,none,DWG,10,700.4,706.0,2.408494673800033,43278.4,1.0
failures,watts_strogatz,500,25,dominating,0.25,none,EAAS-S4C-MAB-R,10,446.7,452.0,0.7058776201998626,33282.9,1.0
failures,watts_strogatz,500,25,dominating,0.25,none,MS-RG-WT,10,689.3,692.5,1.5090943168999729,28993.2,1.0
failures,watts_strogatz,500,25,dominating,0.25,random,CARE-DS,10,741.3,742.0,1.632087645699994,3490.4,1.0
failures,watts_strogatz,500,25,dominating,0.25,random,D-EAA-ER,10,709.7,718.0,0.31060404689997084,2724.4,1.0
failures,watts_strogatz,500,25,dominating,0.25,random,DWG,10,669.7,675.0,2.2389530828001627,41007.4,1.0
failures,watts_strogatz,500,25,dominating,0.25,random,EAAS-S4C-MAB-R,10,135.5,138.0,0.2801133398000274,9609.5,1.0
failures,watts_strogatz,500,25,dominating,0.25,random,MS-RG-WT,10,652.9,659.0,1.5221472321000875,27810.1,1.0
failures,watts_strogatz,500,25,dominating,0.25,targeted,CARE-DS,10,697.9,715.0,1.6072974761998011,2816.4,1.0
failures,watts_strogatz,500,25,dominating,0.25,targeted,D-EAA-ER,10,684.1,708.0,0.25706213540006495,2232.2,1.0
failures,watts_strogatz,500,25,dominating,0.25,targeted,DWG,10,625.6,650.5,2.056855868600087,37696.7,1.0
failures,watts_strogatz,500,25,dominating,0.25,targeted,EAAS-S4C-MAB-R,10,180.9,181.5,0.3461345560000154,13062.6,1.0
failures,watts_strogatz,500,25,dominating,0.25,targeted,MS-RG-WT,10,615.6,624.5,1.3646305522000148,25983.9,1.0
failures,watts_strogatz,500,35,connected,0.25,none,CARE-DS,10,913.8,914.5,14.299585227500028,4707.3,1.0
failures,watts_strogatz,500,35,connected,0.25,none,D-EAA-ER,10,816.8,816.5,9.66065093719999,3025.7,1.0
failures,watts_strogatz,500,35,connected,0.25,none,DWG,10,862.8,863.5,4.187415486400096,43725.2,1.0
failures,watts_strogatz,500,35,connected,0.25,none,MS-RG-WT,10,826.5,828.5,17.393547628200032,32080.6,1.0
failures,watts_strogatz,500,35,connected,0.25,random,CARE-DS,10,881.1,887.0,17.068102340500083,4435.5,1.0
failures,watts_strogatz,500,35,connected,0.25,random,D-EAA-ER,10,787.2,788.5,10.886840996199862,2953.9,1.0
failures,watts_strogatz,500,35,connected,0.25,random,DWG,10,831.6,837.0,3.7279811623001478,41959.9,1.0
failures,watts_strogatz,500,35,connected,0.25,random,MS-RG-WT,10,795.6,799.5,20.906767252600094,30766.4,1.0
failures,watts_strogatz,500,35,connected,0.25,targeted,CARE-DS,10,878.5,885.0,17.15053975210003,4257.2,1.0
failures,watts_strogatz,500,35,connected,0.25,targeted,D-EAA-ER,10,797.7,795.5,11.982690171300055,2986.5,1.0
failures,watts_strogatz,500,35,connected,0.25,targeted,DWG,10,826.8,828.0,3.932911666899963,41281.8,1.0
failures,watts_strogatz,500,35,connected,0.25,targeted,MS-RG-WT,10,787.2,788.0,19.118245648899936,30116.8,1.0
failures,watts_strogatz,500,35,dominating,0.25,none,CARE-DS,10,1030.8,1036.5,2.0872211062001043,4074.8,1.0
failures,watts_strogatz,500,35,dominating,0.25,none,D-EAA-ER,10,995.0,996.5,0.49233004909992817,2964.7,1.0
failures,watts_strogatz,500,35,dominating,0.25,none,DWG,10,957.0,956.0,3.270117790900076,45081.6,1.0
failures,watts_strogatz,500,35,dominating,0.25,none,EAAS-S4C-MAB-R,10,638.6,634.5,1.4425657112002228,36408.4,1.0
failures,watts_strogatz,500,35,dominating,0.25,none,MS-RG-WT,10,923.2,925.5,2.1163021837998715,33014.0,1.0
failures,watts_strogatz,500,35,dominating,0.25,random,CARE-DS,10,1008.9,1009.5,2.0696194252002895,3900.5,1.0
failures,watts_strogatz,500,35,dominating,0.25,random,D-EAA-ER,10,965.2,968.0,0.4649437987000056,2911.4,1.0
failures,watts_strogatz,500,35,dominating,0.25,random,DWG,10,923.8,927.0,3.1141583344999164,43116.2,1.0
failures,watts_strogatz,500,35,dominating,0.25,random,EAAS-S4C-MAB-R,10,240.5,221.0,0.5849097380000785,13809.9,1.0
failures,watts_strogatz,500,35,dominating,0.25,random,MS-RG-WT,10,894.7,898.0,2.1045832991999305,32138.0,1.0
failures,watts_strogatz,500,35,dominating,0.25,targeted,CARE-DS,10,998.3,1001.5,1.9313873172000058,3670.0,1.0
failures,watts_strogatz,500,35,dominating,0.25,targeted,D-EAA-ER,10,959.8,964.0,0.4343275623000409,2668.4,1.0
failures,watts_strogatz,500,35,dominating,0.25,targeted,DWG,10,910.2,922.5,2.9445200254000157,42001.1,1.0
failures,watts_strogatz,500,35,dominating,0.25,targeted,EAAS-S4C-MAB-R,10,246.3,246.5,0.577103211100075,13973.1,1.0
failures,watts_strogatz,500,35,dominating,0.25,targeted,MS-RG-WT,10,876.3,890.5,1.8826621981000244,31077.4,1.0
ablation,barabasi_albert,50,15,connected,0.1,none,CARE-DS,10,357.7,364.5,0.10468950540071087,236.0,1.0
ablation,barabasi_albert,50,15,connected,0.1,none,CARE-noreserve,10,348.0,348.5,0.0760088756000186,352.2,1.0
ablation,barabasi_albert,50,15,connected,0.1,none,CARE-noswitch,10,353.9,358.0,0.13518862229993828,648.6,1.0
ablation,barabasi_albert,50,15,connected,0.25,none,CARE-DS,10,345.3,344.0,0.08984452120057533,168.5,1.0
ablation,barabasi_albert,50,15,connected,0.25,none,CARE-noreserve,10,342.0,343.0,0.07239177040009959,179.4,1.0
ablation,barabasi_albert,50,15,connected,0.25,none,CARE-noswitch,10,346.5,348.0,0.12882393459967714,513.7,1.0
ablation,barabasi_albert,50,15,connected,0.5,none,CARE-DS,10,343.3,348.5,0.07076740759985109,144.5,1.0
ablation,barabasi_albert,50,15,connected,0.5,none,CARE-noreserve,10,337.0,338.5,0.05830328449983422,131.5,1.0
ablation,barabasi_albert,50,15,connected,0.5,none,CARE-noswitch,10,346.8,353.5,0.1281805922002604,478.9,1.0
ablation,barabasi_albert,50,15,dominating,0.1,none,CARE-DS,10,370.6,359.0,0.0840742502002285,322.8,1.0
ablation,barabasi_albert,50,15,dominating,0.1,none,CARE-noreserve,10,356.2,358.5,0.06151087640009787,435.5,1.0
ablation,barabasi_albert,50,15,dominating,0.1,none,CARE-noswitch,10,372.0,372.5,0.1390482593999877,1090.1,1.0
ablation,barabasi_albert,50,15,dominating,0.25,none,CARE-DS,10,361.4,357.5,0.06216515449996217,221.6,1.0
ablation,barabasi_albert,50,15,dominating,0.25,none,CARE-noreserve,10,353.8,343.5,0.05325032430018832,254.5,1.0
ablation,barabasi_albert,50,15,dominating,0.25,none,CARE-noswitch,10,367.2,375.0,0.14522360530008877,922.8,1.0
ablation,barabasi_albert,50,15,dominating,0.5,none,CARE-DS,10,344.9,344.5,0.047848254899963596,176.4,1.0
ablation,barabasi_albert,50,15,dominating,0.5,none,CARE-noreserve,10,341.5,350.5,0.042726982599651755,170.2,1.0
ablation,barabasi_albert,50,15,dominating,0.5,none,CARE-noswitch,10,349.0,353.0,0.14688836929999521,827.4,1.0
ablation,barabasi_albert,50,25,connected,0.1,none,CARE-DS,10,549.9,565.5,0.14958004829968558,291.8,1.0
ablation,barabasi_albert,50,25,connected,0.1,none,CARE-noreserve,10,554.8,561.5,0.1168655371999193,487.0,1.0
ablation,barabasi_albert,50,25,connected,0.1,none,CARE-noswitch,10,548.8,558.0,0.20258709959998664,900.1,1.0
ablation,barabasi_albert,50,25,connected,0.25,none,CARE-DS,10,559.6,560.5,0.10963323760024646,207.1,1.0
ablation,barabasi_albert,50,25,connected,0.25,none,CARE-noreserve,10,550.4,548.0,0.09690752609985787,253.5,1.0
ablation,barabasi_albert,50,25,connected,0.25,none,CARE-noswitch,10,550.1,553.5,0.19460901590009597,739.5,1.0
ablation,barabasi_albert,50,25,connected,0.5,none,CARE-DS,10,533.7,542.0,0.09372125889967714,163.7,1.0
ablation,barabasi_albert,50,25,connected,0.5,none,CARE-noreserve,10,531.4,527.0,0.07761929950011104,177.0,1.0
ablation,barabasi_albert,50,25,connected,0.5,none,CARE-noswitch,10,548.3,557.0,0.18400046929964442,536.5,1.0
ablation,barabasi_albert,50,25,dominating,0.1,none,CARE-DS,10,542.0,555.5,0.12906979419994966,374.5,1.0
ablation,barabasi_albert,50,25,dominating,0.1,none,CARE-noreserve,10,531.3,537.5,0.08469810149981637,574.7,1.0
ablation,barabasi_albert,50,25,dominating,0.1,none,CARE-noswitch,10,541.2,548.0,0.21559063220001912,1067.0,1.0
ablation,barabasi_albert,50,25,dominating,0.25,none,CARE-DS,10,540.6,552.0,0.0823402305000854,259.2,1.0
ablation,barabasi_albert,50,25,dominating,0.25,none,CARE-noreserve,10,531.3,539.0,0.07635344279997294,314.5,1.0
ablation,barabasi_albert,50,25,dominating,0.25,none,CARE-noswitch,10,523.3,525.0,0.22446717970005917,1178.0,1.0
ablation,barabasi_albert,50,25,dominating,0.5,none,CARE-DS,10,525.6,514.5,0.06547681909996748,202.7,1.0
ablation,barabasi_albert,50,25,dominating,0.5,none,CARE-noreserve,10,518.2,523.5,0.06532806499999419,205.9,1.0
ablation,barabasi_albert,50,25,dominating,0.5,none,CARE-noswitch,10,519.3,520.5,0.21259902980000328,888.3,1.0
ablation,barabasi_albert,50,35,connected,0.1,none,CARE-DS,10,856.1,866.0,0.20383305939958513,327.3,1.0
ablation,barabasi_albert,50,35,connected,0.1,none,CARE-noreserve,10,845.5,846.5,0.1273576825000418,581.3,1.0
ablation,barabasi_albert,50,35,connected,0.1,none,CARE-noswitch,10,861.9,862.5,0.2785460891003822,1030.6,1.0
ablation,barabasi_albert,50,35,connected,0.25,none,CARE-DS,10,860.4,852.0,0.16224364390000115,213.6,1.0
ablation,barabasi_albert,50,35,connected,0.25,none,CARE-noreserve,10,848.4,847.0,0.10306025290010434,302.4,1.0
ablation,barabasi_albert,50,35,connected,0.25,none,CARE-noswitch,10,850.2,851.0,0.26534799439978085,970.1,1.0
ablation,barabasi_albert,50,35,connected,0.5,none,CARE-DS,10,851.0,843.0,0.11928735710025644,175.7,1.0
ablation,barabasi_albert,50,35,connected,0.5,none,CARE-noreserve,10,823.0,822.5,0.1000821910000013,192.6,1.0
ablation,barabasi_albert,50,35,connected,0.5,none,CARE-noswitch,10,825.2,825.5,0.2396715078999477,829.3,1.0
ablation,barabasi_albert,50,35,dominating,0.1,none,CARE-DS,10,762.7,773.5,0.11978906819986149,398.2,1.0
ablation,barabasi_albert,50,35,dominating,0.1,none,CARE-noreserve,10,755.8,749.5,0.0879483467997488,624.3,1.0
ablation,barabasi_albert,50,35,dominating,0.1,none,CARE-noswitch,10,751.0,747.5,0.21489107900033555,1623.8,1.0
ablation,barabasi_albert,50,35,dominating,0.25,none,CARE-DS,10,752.0,751.0,0.08504133799988263,264.8,1.0
ablation,barabasi_albert,50,35,dominating,0.25,none,CARE-noreserve,10,743.8,737.0,0.07115039309992421,316.6,1.0
ablation,barabasi_albert,50,35,dominating,0.25,none,CARE-noswitch,10,745.0,747.5,0.20524318499956276,1141.1,1.0
ablation,barabasi_albert,50,35,dominating,0.5,none,CARE-DS,10,752.6,744.0,0.062350444799903884,204.6,1.0
ablation,barabasi_albert,50,35,dominating,0.5,none,CARE-noreserve,10,730.0,717.0,0.06121430140001388,217.9,1.0
ablation,barabasi_albert,50,35,dominating,0.5,none,CARE-noswitch,10,720.9,708.0,0.1992483916998935,911.0,1.0
ablation,barabasi_albert,150,15,connected,0.1,none,CARE-DS,10,291.8,299.5,0.35588641189970077,808.5,1.0
ablation,barabasi_albert,150,15,connected,0.1,none,CARE-noreserve,10,279.0,282.5,0.38830727349995864,959.3,1.0
ablation,barabasi_albert,150,15,connected,0.1,none,CARE-noswitch,10,289.9,294.5,0.39664957129989487,2316.8,1.0
ablation,barabasi_albert,150,15,connected,0.25,none,CARE-DS,10,285.6,285.5,0.30784303259988516,608.6,1.0
ablation,barabasi_albert,150,15,connected,0.25,none,CARE-noreserve,10,282.3,279.5,0.3417536059000667,631.7,1.0
ablation,barabasi_albert,150,15,connected,0.25,none,CARE-noswitch,10,284.3,285.0,0.3820194985997659,2095.5,1.0
ablation,barabasi_albert,150,15,connected,0.5,none,CARE-DS,10,281.3,282.5,0.2909935045001475,529.5,1.0
ablation,barabasi_albert,150,15,connected,0.5,none,CARE-noreserve,10,280.2,277.0,0.3954290099997706,525.4,1.0
ablation,barabasi_albert,150,15,connected,0.5,none,CARE-noswitch,10,280.9,281.0,0.3777508582003065,1785.2,1.0
ablation,barabasi_albert,150,15,dominating,0.1,none,CARE-DS,10,334.5,332.5,0.3181717621998359,1031.2,1.0
ablation,barabasi_albert,150,15,dominating,0.1,none,CARE-noreserve,10,316.6,312.5,0.23288439119987733,1296.9,1.0
ablation,barabasi_albert,150,15,dominating,0.1,none,CARE-noswitch,10,337.8,341.5,0.4909254423998391,2506.2,1.0
ablation,barabasi_albert,150,15,dominating,0.25,none,CARE-DS,10,329.5,335.5,0.23166043620003615,804.3,1.0
ablation,barabasi_albert,150,15,dominating,0.25,none,CARE-noreserve,10,317.9,320.0,0.21143559520005506,828.8,1.0
ablation,barabasi_albert,150,15,dominating,0.25,none,CARE-noswitch,10,332.5,329.5,0.4981260245998783,2316.3,1.0
ablation,barabasi_albert,150,15,dominating,0.5,none,CARE-DS,10,324.2,325.0,0.19996887950010203,715.8,1.0
ablation,barabasi_albert,150,15,dominating,0.5,none,CARE-noreserve,10,312.6,310.0,0.19787144530018846,705.1,1.0
ablation,barabasi_albert,150,15,dominating,0.5,none,CARE-noswitch,10,324.4,322.5,0.49265761129991004,1787.8,1.0
ablation,barabasi_albert,150,25,connected,0.1,none,CARE-DS,10,467.5,469.5,0.47504491609979593,1236.4,1.0
ablation,barabasi_albert,150,25,connected,0.1,none,CARE-noreserve,10,460.7,458.0,0.49274543290002837,1549.4,1.0
ablation,barabasi_albert,150,25,connected,0.1,none,CARE-noswitch,10,464.4,461.0,0.5976986788997237,3911.7,1.0
ablation,barabasi_albert,150,25,connected,0.25,none,CARE-DS,10,456.8,455.0,0.42328695609958233,856.9,1.0
ablation,barabasi_albert,150,25,connected,0.25,none,CARE-noreserve,10,450.3,450.0,0.46667807069998163,891.2,1.0
ablation,barabasi_albert,150,25,connected,0.25,none,CARE-noswitch,10,450.2,445.5,0.5937960806999399,3119.7,1.0
ablation,barabasi_albert,150,25,connected,0.5,none,CARE-DS,10,446.3,445.5,0.4186777497003277,746.2,1.0
ablation,barabasi_albert,150,25,connected,0.5,none,CARE-noreserve,10,438.4,438.0,0.413951171700046,670.9,1.0
ablation,barabasi_albert,150,25,connected,0.5,none,CARE-noswitch,10,440.7,438.0,0.563476570399871,2676.6,1.0
ablation,barabasi_albert,150,25,dominating,0.1,none,CARE-DS,10,480.9,476.0,0.3506168303999402,1368.7,1.0
ablation,barabasi_albert,150,25,dominating,0.1,none,CARE-noreserve,10,473.7,472.5,0.2863256581001224,1706.3,1.0
ablation,barabasi_albert,150,25,dominating,0.1,none,CARE-noswitch,10,478.8,482.5,0.6192704631998822,3732.7,1.0
ablation,barabasi_albert,150,25,dominating,0.25,none,CARE-DS,10,470.8,469.0,0.22955804050016013,1007.0,1.0
ablation,barabasi_albert,150,25,dominating,0.25,none,CARE-noreserve,10,469.2,466.5,0.2272726309000063,1090.8,1.0
ablation,barabasi_albert,150,25,dominating,0.25,none,CARE-noswitch,10,465.8,467.5,0.5329998970001725,3352.1,1.0
ablation,barabasi_albert,150,25,dominating,0.5,none,CARE-DS,10,454.3,460.5,0.21992502209996015,880.6,1.0
ablation,barabasi_albert,150,25,dominating,0.5,none,CARE-noreserve,10,444.8,445.5,0.1991313288001947,784.2,1.0
ablation,barabasi_albert,150,25,dominating,0.5,none,CARE-noswitch,10,448.6,450.0,0.5212297397001748,2974.0,1.0
ablation,barabasi_albert,150,35,connected,0.1,none,CARE-DS,10,680.7,678.0,0.7017407157001798,1321.6,1.0
ablation,barabasi_albert,150,35,connected,0.1,none,CARE-noreserve,10,677.7,673.5,0.8759159426000224,1737.1,1.0
ablation,barabasi_albert,150,35,connected,0.1,none,CARE-noswitch,10,689.4,688.0,0.8681158309003877,4133.0,1.0
ablation,barabasi_albert,150,35,connected,0.25,none,CARE-DS,10,660.4,662.5,0.6480999870000232,887.5,1.0
ablation,barabasi_albert,150,35,connected,0.25,none,CARE-noreserve,10,663.0,664.5,0.7469101364998096,1000.3,1.0
ablation,barabasi_albert,150,35,connected,0.25,none,CARE-noswitch,10,660.9,671.0,0.8945268168994517,4093.6,1.0
ablation,barabasi_albert,150,35,connected,0.5,none,CARE-DS,10,648.3,647.0,0.600447512899882,747.9,1.0
ablation,barabasi_albert,150,35,connected,0.5,none,CARE-noreserve,10,649.3,638.0,0.726510653800051,755.3,1.0
ablation,barabasi_albert,150,35,connected,0.5,none,CARE-noswitch,10,632.3,617.5,0.9217528228997253,3211.8,1.0
ablation,barabasi_albert,150,35,dominating,0.1,none,CARE-DS,10,657.9,660.0,0.4960893354000291,1613.4,1.0
ablation,barabasi_albert,150,35,dominating,0.1,none,CARE-noreserve,10,656.4,658.0,0.3755123918999743,1917.7,1.0
ablation,barabasi_albert,150,35,dominating,0.1,none,CARE-noswitch,10,653.5,652.0,0.8369693766999262,4989.4,1.0
ablation,barabasi_albert,150,35,dominating,0.25,none,CARE-DS,10,646.5,644.0,0.3601518002002194,1110.0,1.0
ablation,barabasi_albert,150,35,dominating,0.25,none,CARE-noreserve,10,647.3,646.5,0.34797263660020683,1141.3,1.0
ablation,barabasi_albert,150,35,dominating,0.25,none,CARE-noswitch,10,638.1,635.0,0.8427446899001552,4079.5,1.0
ablation,barabasi_albert,150,35,dominating,0.5,none,CARE-DS,10,639.5,642.5,0.32108414719996287,955.3,1.0
ablation,barabasi_albert,150,35,dominating,0.5,none,CARE-noreserve,10,627.7,637.0,0.3044760194999071,902.3,1.0
ablation,barabasi_albert,150,35,dominating,0.5,none,CARE-noswitch,10,605.5,602.5,0.8210474954002166,3539.9,1.0
ablation,barabasi_albert,500,15,connected,0.1,none,CARE-DS,10,250.9,252.5,3.58121287670001,2811.4,1.0
ablation,barabasi_albert,500,15,connected,0.1,none,CARE-noreserve,10,247.1,250.0,3.550588422200053,3389.2,1.0
ablation,barabasi_albert,500,15,connected,0.1,none,CARE-noswitch,10,243.0,250.0,3.723885097200218,6952.5,1.0
ablation,barabasi_albert,500,15,connected,0.25,none,CARE-DS,10,247.2,250.5,3.5709161355000107,2369.3,1.0
ablation,barabasi_albert,500,15,connected,0.25,none,CARE-noreserve,10,246.1,247.0,3.8608278139000505,2188.3,1.0
ablation,barabasi_albert,500,15,connected,0.25,none,CARE-noswitch,10,247.6,246.0,3.717220797000482,7214.6,1.0
ablation,barabasi_albert,500,15,connected,0.5,none,CARE-DS,10,249.4,257.5,3.5408010600001942,2117.9,1.0
ablation,barabasi_albert,500,15,connected,0.5,none,CARE-noreserve,10,245.3,246.5,3.282638829500047,1953.0,1.0
ablation,barabasi_albert,500,15,connected,0.5,none,CARE-noswitch,10,236.7,239.0,3.6930219231999217,6402.6,1.0
ablation,barabasi_albert,500,15,dominating,0.1,none,CARE-DS,10,299.9,302.0,1.1076980202001323,3587.7,1.0
ablation,barabasi_albert,500,15,dominating,0.1,none,CARE-noreserve,10,285.4,286.5,0.9898470853999243,4276.3,1.0
ablation,barabasi_albert,500,15,dominating,0.1,none,CARE-noswitch,10,306.4,313.0,1.7822880572998656,8006.0,1.0
ablation,barabasi_albert,500,15,dominating,0.25,none,CARE-DS,10,298.2,297.0,0.9031330878000517,3125.2,1.0
ablation,barabasi_albert,500,15,dominating,0.25,none,CARE-noreserve,10,288.0,289.0,0.8622471272999064,3050.5,1.0
ablation,barabasi_albert,500,15,dominating,0.25,none,CARE-noswitch,10,301.6,302.0,1.638513777300068,7981.5,1.0
ablation,barabasi_albert,500,15,dominating,0.5,none,CARE-DS,10,292.3,292.0,0.8394718385999113,2750.2,1.0
ablation,barabasi_albert,500,15,dominating,0.5,none,CARE-noreserve,10,284.8,285.5,0.7305430487999729,2568.6,1.0
ablation,barabasi_albert,500,15,dominating,0.5,none,CARE-noswitch,10,296.0,295.0,1.5407789812999,6709.9,1.0
ablation,barabasi_albert,500,25,connected,0.1,none,CARE-DS,10,402.4,407.0,5.666426517200489,4415.3,1.0
ablation,barabasi_albert,500,25,connected,0.1,none,CARE-noreserve,10,391.7,392.5,6.389606084200023,4943.0,1.0
ablation,barabasi_albert,500,25,connected,0.1,none,CARE-noswitch,10,395.6,398.0,6.426545683800214,11244.6,1.0
ablation,barabasi_albert,500,25,connected,0.25,none,CARE-DS,10,398.3,401.0,5.654500169199855,3361.9,1.0
ablation,barabasi_albert,500,25,connected,0.25,none,CARE-noreserve,10,389.2,395.5,6.179447950099802,3409.6,1.0
ablation,barabasi_albert,500,25,connected,0.25,none,CARE-noswitch,10,384.3,384.5,5.8712917161003135,10565.3,1.0
ablation,barabasi_albert,500,25,connected,0.5,none,CARE-DS,10,393.7,394.5,5.40904876320019,3089.6,1.0
ablation,barabasi_albert,500,25,connected,0.5,none,CARE-noreserve,10,383.7,393.5,5.644676119199812,2703.6,1.0
ablation,barabasi_albert,500,25,connected,0.5,none,CARE-noswitch,10,373.8,374.0,5.765620072000092,9540.1,1.0
ablation,barabasi_albert,500,25,dominating,0.1,none,CARE-DS,10,438.6,438.5,1.7425708613001916,4788.6,1.0
ablation,barabasi_albert,500,25,dominating,0.1,none,CARE-noreserve,10,427.5,432.5,1.3580895974000669,5417.6,1.0
ablation,barabasi_albert,500,25,dominating,0.1,none,CARE-noswitch,10,436.2,436.5,2.4868342300999755,12059.3,1.0
ablation,barabasi_albert,500,25,dominating,0.25,none,CARE-DS,10,431.9,433.5,1.6142015790999722,3875.8,1.0
ablation,barabasi_albert,500,25,dominating,0.25,none,CARE-noreserve,10,424.2,420.5,1.2533645329001046,3763.3,1.0
ablation,barabasi_albert,500,25,dominating,0.25,none,CARE-noswitch,10,425.1,425.0,2.359263986500173,9679.0,1.0
ablation,barabasi_albert,500,25,dominating,0.5,none,CARE-DS,10,423.2,424.5,1.3431853349999983,3493.8,1.0
ablation,barabasi_albert,500,25,dominating,0.5,none,CARE-noreserve,10,415.1,413.0,1.2654011530000389,3159.0,1.0
ablation,barabasi_albert,500,25,dominating,0.5,none,CARE-noswitch,10,413.0,413.5,2.622983387900058,8348.7,1.0
ablation,barabasi_albert,500,35,connected,0.1,none,CARE-DS,10,601.4,597.0,9.553213165500164,5549.7,1.0
ablation,barabasi_albert,500,35,connected,0.1,none,CARE-noreserve,10,596.9,593.5,9.941577122499984,6359.5,1.0
ablation,barabasi_albert,500,35,connected,0.1,none,CARE-noswitch,10,595.7,593.0,10.322515133400156,15467.5,1.0
ablation,barabasi_albert,500,35,connected,0.25,none,CARE-DS,10,589.7,585.0,9.40521568259992,4005.4,1.0
ablation,barabasi_albert,500,35,connected,0.25,none,CARE-noreserve,10,589.9,585.5,10.596469769799933,4385.2,1.0
ablation,barabasi_albert,500,35,connected,0.25,none,CARE-noswitch,10,576.6,575.5,9.540283282000019,13715.5,1.0
ablation,barabasi_albert,500,35,connected,0.5,none,CARE-DS,10,574.2,573.0,8.544036887999756,3498.9,1.0
ablation,barabasi_albert,500,35,connected,0.5,none,CARE-noreserve,10,573.8,568.0,9.420833442999992,3411.0,1.0
ablation,barabasi_albert,500,35,connected,0.5,none,CARE-noswitch,10,558.7,561.0,9.8848489203001,10842.9,1.0
ablation,barabasi_albert,500,35,dominating,0.1,none,CARE-DS,10,612.7,613.0,2.396000307400027,5856.1,1.0
ablation,barabasi_albert,500,35,dominating,0.1,none,CARE-noreserve,10,612.4,614.0,2.040472689499984,6815.1,1.0
ablation,barabasi_albert,500,35,dominating,0.1,none,CARE-noswitch,10,607.4,604.0,3.2826936992998528,15578.5,1.0
ablation,barabasi_albert,500,35,dominating,0.25,none,CARE-DS,10,605.5,600.0,1.9854287885999837,4672.6,1.0
ablation,barabasi_albert,500,35,dominating,0.25,none,CARE-noreserve,10,598.4,595.5,1.722881745199993,4458.1,1.0
ablation,barabasi_albert,500,35,dominating,0.25,none,CARE-noswitch,10,586.1,582.5,3.1593276370999774,14078.1,1.0
ablation,barabasi_albert,500,35,dominating,0.5,none,CARE-DS,10,589.9,588.0,1.6427089096999226,3981.6,1.0
ablation,barabasi_albert,500,35,dominating,0.5,none,CARE-noreserve,10,585.2,586.0,1.790506214600009,3776.3,1.0
ablation,barabasi_albert,500,35,dominating,0.5,none,CARE-noswitch,10,563.7,563.5,2.872952639600135,10865.6,1.0
ablation,clustered,50,15,connected,0.1,none,CARE-DS,10,207.9,211.5,0.06728851230000142,101.1,1.0
ablation,clustered,50,15,connected,0.1,none,CARE-noreserve,10,205.9,207.5,0.06599048909993141,143.8,1.0
ablation,clustered,50,15,connected,0.1,none,CARE-noswitch,10,210.3,217.0,0.08052528700009129,441.0,1.0
ablation,clustered,50,15,connected,0.25,none,CARE-DS,10,204.7,205.0,0.06551739619953874,77.1,1.0
ablation,clustered,50,15,connected,0.25,none,CARE-noreserve,10,207.4,212.5,0.04958011060007261,84.0,1.0
ablation,clustered,50,15,connected,0.25,none,CARE-noswitch,10,205.7,210.5,0.08940344669990731,383.3,1.0
ablation,clustered,50,15,connected,0.5,none,CARE-DS,10,206.7,209.5,0.05207070489977918,57.3,1.0
ablation,clustered,50,15,connected,0.5,none,CARE-noreserve,10,202.9,209.5,0.048276014499788245,63.6,1.0
ablation,clustered,50,15,connected,0.5,none,CARE-noswitch,10,201.3,198.0,0.09377156640020981,341.6,1.0
ablation,clustered,50,15,dominating,0.1,none,CARE-DS,10,319.3,328.0,0.08124835910011821,98.7,1.0
ablation,clustered,50,15,dominating,0.1,none,CARE-noreserve,10,314.5,328.0,0.050629760900028443,225.2,1.0
ablation,clustered,50,15,dominating,0.1,none,CARE-noswitch,10,319.3,328.0,0.10654623199989141,254.4,1.0
ablation,clustered,50,15,dominating,0.25,none,CARE-DS,10,318.4,328.0,0.058242223199977114,85.4,1.0
ablation,clustered,50,15,dominating,0.25,none,CARE-noreserve,10,318.5,327.5,0.04896772830006735,118.8,1.0
ablation,clustered,50,15,dominating,0.25,none,CARE-noswitch,10,319.1,327.5,0.11056414869999567,381.8,1.0
ablation,clustered,50,15,dominating,0.5,none,CARE-DS,10,318.5,328.0,0.045385850900129254,69.2,1.0
ablation,clustered,50,15,dominating,0.5,none,CARE-noreserve,10,318.5,328.0,0.04387959310006404,81.0,1.0
ablation,clustered,50,15,dominating,0.5,none,CARE-noswitch,10,318.5,328.0,0.1097628143998008,376.0,1.0
ablation,clustered,50,25,connected,0.1,none,CARE-DS,10,577.1,608.5,0.13418464050009787,109.3,1.0
ablation,clustered,50,25,connected,0.1,none,CARE-noreserve,10,578.0,609.0,0.09448216139990104,304.4,1.0
ablation,clustered,50,25,connected,0.1,none,CARE-noswitch,10,564.5,571.0,0.1468786454002838,221.2,1.0
ablation,clustered,50,25,connected,0.25,none,CARE-DS,10,572.8,622.0,0.11292527139994486,86.2,1.0
ablation,clustered,50,25,connected,0.25,none,CARE-noreserve,10,579.3,618.0,0.08561263570009028,152.0,1.0
ablation,clustered,50,25,connected,0.25,none,CARE-noswitch,10,568.8,593.0,0.17015645359988407,153.0,1.0
ablation,clustered,50,25,connected,0.5,none,CARE-DS,10,572.5,620.5,0.08715549670014293,80.7,1.0
ablation,clustered,50,25,connected,0.5,none,CARE-noreserve,10,566.4,603.5,0.0775092325002333,96.6,1.0
ablation,clustered,50,25,connected,0.5,none,CARE-noswitch,10,568.7,603.0,0.17162521390018806,187.7,1.0
ablation,clustered,50,25,dominating,0.1,none,CARE-DS,10,665.4,680.5,0.15563303770013587,116.7,1.0
ablation,clustered,50,25,dominating,0.1,none,CARE-noreserve,10,666.5,679.5,0.08141729780008967,379.9,1.0
ablation,clustered,50,25,dominating,0.1,none,CARE-noswitch,10,664.7,680.5,0.18136747939988704,168.2,1.0
ablation,clustered,50,25,dominating,0.25,none,CARE-DS,10,665.5,680.0,0.10325890989997784,112.8,1.0
ablation,clustered,50,25,dominating,0.25,none,CARE-noreserve,10,668.3,679.5,0.06711115380012408,177.9,1.0
ablation,clustered,50,25,dominating,0.25,none,CARE-noswitch,10,669.4,680.0,0.18913303429999356,221.5,1.0
ablation,clustered,50,25,dominating,0.5,none,CARE-DS,10,666.7,680.0,0.06018775660022578,96.0,1.0
ablation,clustered,50,25,dominating,0.5,none,CARE-noreserve,10,666.1,679.5,0.061592863800160505,113.5,1.0
ablation,clustered,50,25,dominating,0.5,none,CARE-noswitch,10,667.4,680.0,0.17359788200001272,251.4,1.0
ablation,clustered,50,35,connected,0.1,none,CARE-DS,10,982.5,1005.5,0.2151751209999929,136.4,1.0
ablation,clustered,50,35,connected,0.1,none,CARE-noreserve,10,986.4,992.5,0.1516777994001131,409.7,1.0
ablation,clustered,50,35,connected,0.1,none,CARE-noswitch,10,979.1,1007.0,0.2679372754002543,284.0,1.0
ablation,clustered,50,35,connected,0.25,none,CARE-DS,10,987.5,1023.0,0.17551144600001858,115.4,1.0
ablation,clustered,50,35,connected,0.25,none,CARE-noreserve,10,994.8,1027.0,0.11334239569978304,197.6,1.0
ablation,clustered,50,35,connected,0.25,none,CARE-noswitch,10,973.6,998.0,0.2530819395002254,191.7,1.0
ablation,clustered,50,35,connected,0.5,none,CARE-DS,10,975.9,1002.5,0.13977412960011856,99.6,1.0
ablation,clustered,50,35,connected,0.5,none,CARE-noreserve,10,979.4,1021.0,0.10886960759989957,117.7,1.0
ablation,clustered,50,35,connected,0.5,none,CARE-noswitch,10,973.5,987.0,0.23997152639967675,261.0,1.0
ablation,clustered,50,35,dominating,0.1,none,CARE-DS,10,968.7,991.5,0.1834847382000589,136.6,1.0
ablation,clustered,50,35,dominating,0.1,none,CARE-noreserve,10,957.0,985.5,0.09260193999980397,442.0,1.0
ablation,clustered,50,35,dominating,0.1,none,CARE-noswitch,10,967.7,990.0,0.22703560529980674,212.3,1.0
ablation,clustered,50,35,dominating,0.25,none,CARE-DS,10,969.9,991.5,0.1301632216999678,130.4,1.0
ablation,clustered,50,35,dominating,0.25,none,CARE-noreserve,10,958.6,990.5,0.09040169859999875,209.1,1.0
ablation,clustered,50,35,dominating,0.25,none,CARE-noswitch,10,967.0,991.5,0.2231641354000203,275.3,1.0
ablation,clustered,50,35,dominating,0.5,none,CARE-DS,10,964.7,985.5,0.08669200929998619,111.0,1.0
ablation,clustered,50,35,dominating,0.5,none,CARE-noreserve,10,958.6,988.5,0.0697805109999535,128.3,1.0
ablation,clustered,50,35,dominating,0.5,none,CARE-noswitch,10,963.8,988.5,0.23122187779999873,262.0,1.0
ablation,clustered,150,15,connected,0.1,none,CARE-DS,10,70.6,82.5,0.11995450379963582,104.2,1.0
ablation,clustered,150,15,connected,0.1,none,CARE-noreserve,10,70.4,82.5,0.1315808123998067,129.2,1.0
ablation,clustered,150,15,connected,0.1,none,CARE-noswitch,10,70.6,82.5,0.12630472130003906,455.1,1.0
ablation,clustered,150,15,connected,0.25,none,CARE-DS,10,70.6,82.5,0.1102799725003933,75.0,1.0
ablation,clustered,150,15,connected,0.25,none,CARE-noreserve,10,70.4,82.5,0.1289227234998179,84.4,1.0
ablation,clustered,150,15,connected,0.25,none,CARE-noswitch,10,69.6,82.5,0.13657527160012245,303.0,1.0
ablation,clustered,150,15,connected,0.5,none,CARE-DS,10,70.6,82.5,0.09704181619999871,62.2,1.0
ablation,clustered,150,15,connected,0.5,none,CARE-noreserve,10,70.4,82.5,0.10030581450000679,61.1,1.0
ablation,clustered,150,15,connected,0.5,none,CARE-noswitch,10,69.7,82.5,0.12475425330030696,244.6,1.0
ablation,clustered,150,15,dominating,0.1,none,CARE-DS,10,129.8,129.0,0.13267389240008923,160.5,1.0
ablation,clustered,150,15,dominating,0.1,none,CARE-noreserve,10,129.2,128.5,0.11880599110008912,245.5,1.0
ablation,clustered,150,15,dominating,0.1,none,CARE-noswitch,10,129.8,129.0,0.17152753820009817,548.7,1.0
ablation,clustered,150,15,dominating,0.25,none,CARE-DS,10,129.8,129.0,0.10917444610004164,122.3,1.0
ablation,clustered,150,15,dominating,0.25,none,CARE-noreserve,10,129.2,128.5,0.09642250389997567,138.6,1.0
ablation,clustered,150,15,dominating,0.25,none,CARE-noswitch,10,129.7,129.0,0.18106545520004144,598.4,1.0
ablation,clustered,150,15,dominating,0.5,none,CARE-DS,10,129.7,129.0,0.08795179010012358,108.6,1.0
ablation,clustered,150,15,dominating,0.5,none,CARE-noreserve,10,129.2,128.5,0.0957247999001083,109.2,1.0
ablation,clustered,150,15,dominating,0.5,none,CARE-noswitch,10,129.4,128.5,0.18683993490030837,363.4,1.0
ablation,clustered,150,25,connected,0.1,none,CARE-DS,10,188.9,156.5,0.25279478029988234,228.9,1.0
ablation,clustered,150,25,connected,0.1,none,CARE-noreserve,10,194.8,156.5,0.29417699769992395,419.4,1.0
ablation,clustered,150,25,connected,0.1,none,CARE-noswitch,10,196.0,156.5,0.30808126769970834,1032.4,1.0
ablation,clustered,150,25,connected,0.25,none,CARE-DS,10,195.5,156.5,0.2717779558000984,191.8,1.0
ablation,clustered,150,25,connected,0.25,none,CARE-noreserve,10,192.4,156.5,0.3036675904999356,223.8,1.0
ablation,clustered,150,25,connected,0.25,none,CARE-noswitch,10,195.6,153.5,0.2946131807999336,738.6,1.0
ablation,clustered,150,25,connected,0.5,none,CARE-DS,10,189.9,156.5,0.20850893460010406,164.3,1.0
ablation,clustered,150,25,connected,0.5,none,CARE-noreserve,10,190.5,156.5,0.28816876330010927,160.0,1.0
ablation,clustered,150,25,connected,0.5,none,CARE-noswitch,10,188.7,153.5,0.3084765595996941,819.9,1.0
ablation,clustered,150,25,dominating,0.1,none,CARE-DS,10,272.0,240.0,0.2365284294998673,231.3,1.0
ablation,clustered,150,25,dominating,0.1,none,CARE-noreserve,10,269.0,239.5,0.1623707295999338,434.2,1.0
ablation,clustered,150,25,dominating,0.1,none,CARE-noswitch,10,272.4,240.5,0.31888254140021666,877.5,1.0
ablation,clustered,150,25,dominating,0.25,none,CARE-DS,10,272.1,240.5,0.1743329974001426,181.6,1.0
ablation,clustered,150,25,dominating,0.25,none,CARE-noreserve,10,269.3,239.5,0.15534087780006298,235.2,1.0
ablation,clustered,150,25,dominating,0.25,none,CARE-noswitch,10,272.0,240.5,0.29861044009994653,624.7,1.0
ablation,clustered,150,25,dominating,0.5,none,CARE-DS,10,272.0,240.0,0.14299100370008086,170.9,1.0
ablation,clustered,150,25,dominating,0.5,none,CARE-noreserve,10,262.0,239.5,0.13558992569996914,162.0,1.0
ablation,clustered,150,25,dominating,0.5,none,CARE-noswitch,10,272.0,240.5,0.31709151040013234,596.9,1.0
ablation,clustered,150,35,connected,0.1,none,CARE-DS,10,441.1,485.5,0.5379723721998744,338.7,1.0
ablation,clustered,150,35,connected,0.1,none,CARE-noreserve,10,439.8,482.0,0.5936942238999109,743.3,1.0
ablation,clustered,150,35,connected,0.1,none,CARE-noswitch,10,442.4,480.0,0.6298097602000781,835.9,1.0
ablation,clustered,150,35,connected,0.25,none,CARE-DS,10,445.1,486.5,0.4569943394000802,300.1,1.0
ablation,clustered,150,35,connected,0.25,none,CARE-noreserve,10,434.9,464.5,0.609823207899899,378.4,1.0
ablation,clustered,150,35,connected,0.25,none,CARE-noswitch,10,439.1,474.0,0.5971781171003385,972.1,1.0
ablation,clustered,150,35,connected,0.5,none,CARE-DS,10,442.1,479.5,0.44871080960001564,250.8,1.0
ablation,clustered,150,35,connected,0.5,none,CARE-noreserve,10,439.0,473.5,0.522596469799737,270.2,1.0
ablation,clustered,150,35,connected,0.5,none,CARE-noswitch,10,432.5,464.5,0.5958463926997866,846.2,1.0
ablation,clustered,150,35,dominating,0.1,none,CARE-DS,10,506.8,538.0,0.361657484600164,263.2,1.0
ablation,clustered,150,35,dominating,0.1,none,CARE-noreserve,10,503.4,524.5,0.2492307691998576,708.9,1.0
ablation,clustered,150,35,dominating,0.1,none,CARE-noswitch,10,506.8,538.0,0.4841660922998926,651.2,1.0
ablation,clustered,150,35,dominating,0.25,none,CARE-DS,10,506.5,538.0,0.28558825579975744,231.6,1.0
ablation,clustered,150,35,dominating,0.25,none,CARE-noreserve,10,503.3,524.5,0.2074809026998991,341.0,1.0
ablation,clustered,150,35,dominating,0.25,none,CARE-noswitch,10,506.5,538.0,0.4500743336998312,683.1,1.0
ablation,clustered,150,35,dominating,0.5,none,CARE-DS,10,506.6,537.5,0.20385356699998733,195.7,1.0
ablation,clustered,150,35,dominating,0.5,none,CARE-noreserve,10,501.3,534.5,0.19680446930005924,230.9,1.0
ablation,clustered,150,35,dominating,0.5,none,CARE-noswitch,10,504.7,536.5,0.48176244210008007,575.4,1.0
ablation,clustered,500,15,connected,0.1,none,CARE-DS,10,29.6,28.5,0.688936875500076,21.4,1.0
ablation,clustered,500,15,connected,0.1,none,CARE-noreserve,10,29.6,28.5,0.8173238094001135,21.4,1.0
ablation,clustered,500,15,connected,0.1,none,CARE-noswitch,10,29.6,28.5,0.6736653230002048,128.5,1.0
ablation,clustered,500,15,connected,0.25,none,CARE-DS,10,29.6,28.5,0.5863503025999307,9.5,1.0
ablation,clustered,500,15,connected,0.25,none,CARE-noreserve,10,29.6,28.5,0.6875351194999894,9.5,1.0
ablation,clustered,500,15,connected,0.25,none,CARE-noswitch,10,29.6,28.5,0.6236268913999083,91.1,1.0
ablation,clustered,500,15,connected,0.5,none,CARE-DS,10,29.6,28.5,0.598313469400091,13.8,1.0
ablation,clustered,500,15,connected,0.5,none,CARE-noreserve,10,29.6,28.5,0.6683849967998867,13.8,1.0
ablation,clustered,500,15,connected,0.5,none,CARE-noswitch,10,29.6,28.5,0.6378923086002033,138.3,1.0
ablation,clustered,500,15,dominating,0.1,none,CARE-DS,10,76.5,75.0,0.4846275735997551,238.5,1.0
ablation,clustered,500,15,dominating,0.1,none,CARE-noreserve,10,75.7,74.0,0.47100029290004386,418.8,1.0
ablation,clustered,500,15,dominating,0.1,none,CARE-noswitch,10,76.4,75.0,0.5502787480001643,379.3,1.0
ablation,clustered,500,15,dominating,0.25,none,CARE-DS,10,76.4,75.0,0.4133638027999041,197.2,1.0
ablation,clustered,500,15,dominating,0.25,none,CARE-noreserve,10,75.7,74.0,0.3993143332000727,250.6,1.0
ablation,clustered,500,15,dominating,0.25,none,CARE-noswitch,10,76.5,75.0,0.616566604700165,297.8,1.0
ablation,clustered,500,15,dominating,0.5,none,CARE-DS,10,76.5,75.0,0.4145609419998436,204.8,1.0
ablation,clustered,500,15,dominating,0.5,none,CARE-noreserve,10,76.4,75.0,0.38555170030012953,206.8,1.0
ablation,clustered,500,15,dominating,0.5,none,CARE-noswitch,10,76.4,75.0,0.6060531738999998,444.2,1.0
ablation,clustered,500,25,connected,0.1,none,CARE-DS,10,49.0,44.0,1.3113169050002398,138.5,1.0
ablation,clustered,500,25,connected,0.1,none,CARE-noreserve,10,49.9,43.5,1.5753081514000769,169.9,1.0
ablation,clustered,500,25,connected,0.1,none,CARE-noswitch,10,48.9,44.0,1.409405482299917,608.4,1.0
ablation,clustered,500,25,connected,0.25,none,CARE-DS,10,49.0,44.0,1.2796228950999649,107.3,1.0
ablation,clustered,500,25,connected,0.25,none,CARE-noreserve,10,48.8,43.5,1.6491602851999232,108.3,1.0
ablation,clustered,500,25,connected,0.25,none,CARE-noswitch,10,49.5,44.0,1.2229214482995303,494.1,1.0
ablation,clustered,500,25,connected,0.5,none,CARE-DS,10,49.7,44.0,1.4550657976002186,96.8,1.0
ablation,clustered,500,25,connected,0.5,none,CARE-noreserve,10,49.6,44.0,1.4276764813000227,88.3,1.0
ablation,clustered,500,25,connected,0.5,none,CARE-noswitch,10,50.0,44.0,1.4359054125998227,374.0,1.0
ablation,clustered,500,25,dominating,0.1,none,CARE-DS,10,112.0,102.5,0.7429518296001334,288.5,1.0
ablation,clustered,500,25,dominating,0.1,none,CARE-noreserve,10,111.4,102.5,0.6795423647000461,471.8,1.0
ablation,clustered,500,25,dominating,0.1,none,CARE-noswitch,10,112.0,102.5,0.8458981609000148,570.4,1.0
ablation,clustered,500,25,dominating,0.25,none,CARE-DS,10,112.3,103.0,0.6070936364001682,267.9,1.0
ablation,clustered,500,25,dominating,0.25,none,CARE-noreserve,10,111.7,103.0,0.5816714986998704,315.9,1.0
ablation,clustered,500,25,dominating,0.25,none,CARE-noswitch,10,112.2,102.5,0.8222964587002025,1012.7,1.0
ablation,clustered,500,25,dominating,0.5,none,CARE-DS,10,112.1,102.5,0.5933290015998864,220.6,1.0
ablation,clustered,500,25,dominating,0.5,none,CARE-noreserve,10,111.6,102.5,0.5822441637001248,242.1,1.0
ablation,clustered,500,25,dominating,0.5,none,CARE-noswitch,10,112.0,102.5,0.859395380100068,838.1,1.0
ablation,clustered,500,35,connected,0.1,none,CARE-DS,10,64.7,51.0,1.801710773299601,108.6,1.0
ablation,clustered,500,35,connected,0.1,none,CARE-noreserve,10,64.6,51.0,2.0795131745999242,131.3,1.0
ablation,clustered,500,35,connected,0.1,none,CARE-noswitch,10,64.7,51.0,1.780172366500119,459.3,1.0
ablation,clustered,500,35,connected,0.25,none,CARE-DS,10,64.7,51.0,1.716812034599934,111.5,1.0
ablation,clustered,500,35,connected,0.25,none,CARE-noreserve,10,64.6,51.0,1.9813132493000922,108.0,1.0
ablation,clustered,500,35,connected,0.25,none,CARE-noswitch,10,64.7,51.0,1.7087860575999003,520.9,1.0
ablation,clustered,500,35,connected,0.5,none,CARE-DS,10,64.6,51.0,1.7542649304996303,76.6,1.0
ablation,clustered,500,35,connected,0.5,none,CARE-noreserve,10,64.6,51.0,1.8778792435998184,71.7,1.0
ablation,clustered,500,35,connected,0.5,none,CARE-noswitch,10,64.6,51.0,2.033448833100556,384.7,1.0
ablation,clustered,500,35,dominating,0.1,none,CARE-DS,10,143.1,136.5,0.9172939441996277,362.0,1.0
ablation,clustered,500,35,dominating,0.1,none,CARE-noreserve,10,143.4,136.5,0.904836324200005,488.0,1.0
ablation,clustered,500,35,dominating,0.1,none,CARE-noswitch,10,143.4,136.5,0.9953065003998744,1059.4,1.0
ablation,clustered,500,35,dominating,0.25,none,CARE-DS,10,143.8,137.0,0.902597441099988,257.4,1.0
ablation,clustered,500,35,dominating,0.25,none,CARE-noreserve,10,143.2,136.0,0.859498867900038,293.7,1.0
ablation,clustered,500,35,dominating,0.25,none,CARE-noswitch,10,143.6,136.5,1.113608384500094,1206.5,1.0
ablation,clustered,500,35,dominating,0.5,none,CARE-DS,10,143.6,137.0,0.8289528547998998,208.8,1.0
ablation,clustered,500,35,dominating,0.5,none,CARE-noreserve,10,143.6,136.5,0.8124451548999787,206.3,1.0
ablation,clustered,500,35,dominating,0.5,none,CARE-noswitch,10,143.1,136.5,1.0993642291998185,840.5,1.0
ablation,er,50,15,connected,0.1,none,CARE-DS,10,416.7,421.5,0.11785736539986824,267.4,1.0
ablation,er,50,15,connected,0.1,none,CARE-noreserve,10,409.6,410.5,0.08731471579976638,422.8,1.0
ablation,er,50,15,connected,0.1,none,CARE-noswitch,10,415.2,421.0,0.16793145619994898,712.1,1.0
ablation,er,50,15,connected,0.25,none,CARE-DS,10,413.7,422.0,0.08834016270029674,193.6,1.0
ablation,er,50,15,connected,0.25,none,CARE-noreserve,10,398.0,417.0,0.07513310529993754,219.4,1.0
ablation,er,50,15,connected,0.25,none,CARE-noswitch,10,416.3,420.0,0.15599509449984902,646.9,1.0
ablation,er,50,15,connected,0.5,none,CARE-DS,10,418.4,422.5,0.08859403450042005,160.8,1.0
ablation,er,50,15,connected,0.5,none,CARE-noreserve,10,395.1,396.0,0.06830133050016224,156.1,1.0
ablation,er,50,15,connected,0.5,none,CARE-noswitch,10,403.5,405.0,0.14551055270003416,617.3,1.0
ablation,er,50,15,dominating,0.1,none,CARE-DS,10,441.3,440.5,0.12639819580026593,298.1,1.0
ablation,er,50,15,dominating,0.1,none,CARE-noreserve,10,437.9,433.5,0.08212094589980547,494.9,1.0
ablation,er,50,15,dominating,0.1,none,CARE-noswitch,10,451.9,446.0,0.21039939430002047,792.7,1.0
ablation,er,50,15,dominating,0.25,none,CARE-DS,10,434.7,438.5,0.0914917428999615,236.0,1.0
ablation,er,50,15,dominating,0.25,none,CARE-noreserve,10,427.1,426.0,0.06527993649997367,250.6,1.0
ablation,er,50,15,dominating,0.25,none,CARE-noswitch,10,433.4,439.0,0.17470185489992213,667.2,1.0
ablation,er,50,15,dominating,0.5,none,CARE-DS,10,429.6,437.0,0.06202471179985873,194.4,1.0
ablation,er,50,15,dominating,0.5,none,CARE-noreserve,10,414.6,414.5,0.05400401930000946,188.4,1.0
ablation,er,50,15,dominating,0.5,none,CARE-noswitch,10,421.4,433.0,0.17941386300008158,599.8,1.0
ablation,er,50,25,connected,0.1,none,CARE-DS,10,761.8,782.0,0.14280925889979695,327.1,1.0
ablation,er,50,25,connected,0.1,none,CARE-noreserve,10,759.8,777.5,0.14002484209986502,555.5,1.0
ablation,er,50,25,connected,0.1,none,CARE-noswitch,10,762.4,781.0,0.19577842340004276,855.4,1.0
ablation,er,50,25,connected,0.25,none,CARE-DS,10,755.1,788.5,0.13260291240003422,238.5,1.0
ablation,er,50,25,connected,0.25,none,CARE-noreserve,10,750.4,771.5,0.11126623709997144,287.7,1.0
ablation,er,50,25,connected,0.25,none,CARE-noswitch,10,745.1,769.0,0.21239125139945822,759.8,1.0
ablation,er,50,25,connected,0.5,none,CARE-DS,10,749.5,776.5,0.11778351630055109,184.7,1.0
ablation,er,50,25,connected,0.5,none,CARE-noreserve,10,723.9,731.5,0.10715604509978216,192.2,1.0
ablation,er,50,25,connected,0.5,none,CARE-noswitch,10,728.7,751.5,0.20247807889991232,636.5,1.0
ablation,er,50,25,dominating,0.1,none,CARE-DS,10,678.4,708.5,0.14350414290001934,350.3,1.0
ablation,er,50,25,dominating,0.1,none,CARE-noreserve,10,669.8,686.5,0.10007597360017821,558.5,1.0
ablation,er,50,25,dominating,0.1,none,CARE-noswitch,10,680.9,701.0,0.21737033260014865,962.4,1.0
ablation,er,50,25,dominating,0.25,none,CARE-DS,10,672.5,698.5,0.09745383379995468,257.7,1.0
ablation,er,50,25,dominating,0.25,none,CARE-noreserve,10,659.9,685.5,0.08144415489969101,304.4,1.0
ablation,er,50,25,dominating,0.25,none,CARE-noswitch,10,662.4,691.0,0.23728212069991056,882.2,1.0
ablation,er,50,25,dominating,0.5,none,CARE-DS,10,664.5,692.0,0.08239847530021502,208.0,1.0
ablation,er,50,25,dominating,0.5,none,CARE-noreserve,10,655.6,681.0,0.06911278600009606,210.1,1.0
ablation,er,50,25,dominating,0.5,none,CARE-noswitch,10,648.8,666.0,0.23956471379988212,765.6,1.0
ablation,er,50,35,connected,0.1,none,CARE-DS,10,1293.0,1308.5,0.23412739400009736,317.4,1.0
ablation,er,50,35,connected,0.1,none,CARE-noreserve,10,1273.7,1254.0,0.1725054675001047,631.2,1.0
ablation,er,50,35,connected,0.1,none,CARE-noswitch,10,1300.3,1307.0,0.32859682989965217,978.7,1.0
ablation,er,50,35,connected,0.25,none,CARE-DS,10,1299.3,1284.5,0.19672956099984729,225.9,1.0
ablation,er,50,35,connected,0.25,none,CARE-noreserve,10,1274.2,1229.5,0.15755509860018715,307.4,1.0
ablation,er,50,35,connected,0.25,none,CARE-noswitch,10,1271.4,1273.0,0.31461542079960053,891.0,1.0
ablation,er,50,35,connected,0.5,none,CARE-DS,10,1282.6,1299.5,0.15341538420016146,175.1,1.0
ablation,er,50,35,connected,0.5,none,CARE-noreserve,10,1233.4,1220.5,0.14107714379997555,192.5,1.0
ablation,er,50,35,connected,0.5,none,CARE-noswitch,10,1259.7,1258.5,0.32034499000019423,638.8,1.0
ablation,er,50,35,dominating,0.1,none,CARE-DS,10,1024.3,1013.5,0.1923671475999981,356.6,1.0
ablation,er,50,35,dominating,0.1,none,CARE-noreserve,10,1012.1,1003.0,0.12450095839985802,618.1,1.0
ablation,er,50,35,dominating,0.1,none,CARE-noswitch,10,1012.3,990.0,0.3128914277998774,946.1,1.0
ablation,er,50,35,dominating,0.25,none,CARE-DS,10,1013.0,998.0,0.1251731561999804,259.6,1.0
ablation,er,50,35,dominating,0.25,none,CARE-noreserve,10,998.1,1008.5,0.10053672779986296,310.9,1.0
ablation,er,50,35,dominating,0.25,none,CARE-noswitch,10,993.6,980.5,0.31003691949990747,1010.6,1.0
ablation,er,50,35,dominating,0.5,none,CARE-DS,10,1000.9,966.5,0.09401533159998504,200.0,1.0
ablation,er,50,35,dominating,0.5,none,CARE-noreserve,10,984.0,992.5,0.08296393179998628,212.3,1.0
ablation,er,50,35,dominating,0.5,none,CARE-noswitch,10,973.2,960.0,0.2592837148999933,688.3,1.0
ablation,er,150,15,connected,0.1,none,CARE-DS,10,306.8,319.5,0.40672225690013875,705.0,1.0
ablation,er,150,15,connected,0.1,none,CARE-noreserve,10,297.3,301.5,0.3861535365001146,961.1,1.0
ablation,er,150,15,connected,0.1,none,CARE-noswitch,10,305.3,319.5,0.3954825137998341,2006.4,1.0
ablation,er,150,15,connected,0.25,none,CARE-DS,10,304.2,321.5,0.2996833405995858,550.6,1.0
ablation,er,150,15,connected,0.25,none,CARE-noreserve,10,296.8,307.5,0.3538816891001261,571.8,1.0
ablation,er,150,15,connected,0.25,none,CARE-noswitch,10,308.9,325.0,0.4401731863999885,1970.7,1.0
ablation,er,150,15,connected,0.5,none,CARE-DS,10,297.0,305.5,0.2916684154999529,475.3,1.0
ablation,er,150,15,connected,0.5,none,CARE-noreserve,10,297.3,305.0,0.340256627799863,495.5,1.0
ablation,er,150,15,connected,0.5,none,CARE-noswitch,10,300.5,317.0,0.42137517380051576,1748.9,1.0
ablation,er,150,15,dominating,0.1,none,CARE-DS,10,362.1,378.5,0.3358655443998941,874.2,1.0
ablation,er,150,15,dominating,0.1,none,CARE-noreserve,10,351.0,371.0,0.21663345649994875,1112.8,1.0
ablation,er,150,15,dominating,0.1,none,CARE-noswitch,10,365.6,384.0,0.502386048599783,2394.5,1.0
ablation,er,150,15,dominating,0.25,none,CARE-DS,10,353.5,366.0,0.23639717300011392,679.4,1.0
ablation,er,150,15,dominating,0.25,none,CARE-noreserve,10,351.6,364.0,0.19301316889977893,724.3,1.0
ablation,er,150,15,dominating,0.25,none,CARE-noswitch,10,358.1,373.0,0.5124523663000218,2218.4,1.0
ablation,er,150,15,dominating,0.5,none,CARE-DS,10,348.6,364.5,0.19910250350003475,580.7,1.0
ablation,er,150,15,dominating,0.5,none,CARE-noreserve,10,344.1,361.0,0.1809847483999874,583.9,1.0
ablation,er,150,15,dominating,0.5,none,CARE-noswitch,10,351.5,372.5,0.48248770570007765,2165.6,1.0
ablation,er,150,25,connected,0.1,none,CARE-DS,10,608.5,615.0,0.7240392092999173,1297.5,1.0
ablation,er,150,25,connected,0.1,none,CARE-noreserve,10,614.0,609.0,0.7509133985999142,1735.3,1.0
ablation,er,150,25,connected,0.1,none,CARE-noswitch,10,623.5,618.5,0.9272235571996135,3722.1,1.0
ablation,er,150,25,connected,0.25,none,CARE-DS,10,609.5,608.0,0.6807022101997063,1024.0,1.0
ablation,er,150,25,connected,0.25,none,CARE-noreserve,10,601.5,601.0,0.6720383879999645,1003.2,1.0
ablation,er,150,25,connected,0.25,none,CARE-noswitch,10,607.0,603.5,0.9159808709997378,3430.9,1.0
ablation,er,150,25,connected,0.5,none,CARE-DS,10,586.1,598.5,0.6409951337000166,818.9,1.0
ablation,er,150,25,connected,0.5,none,CARE-noreserve,10,580.5,581.0,0.6389927197998986,765.3,1.0
ablation,er,150,25,connected,0.5,none,CARE-noswitch,10,587.2,588.5,0.8311276145001102,2611.6,1.0
ablation,er,150,25,dominating,0.1,none,CARE-DS,10,631.7,627.0,0.46805647350010987,1416.7,1.0
ablation,er,150,25,dominating,0.1,none,CARE-noreserve,10,623.7,626.0,0.33729911060008816,1742.2,1.0
ablation,er,150,25,dominating,0.1,none,CARE-noswitch,10,633.9,630.0,0.7418285377002576,4059.9,1.0
ablation,er,150,25,dominating,0.25,none,CARE-DS,10,615.1,614.0,0.40139645939980256,1034.3,1.0
ablation,er,150,25,dominating,0.25,none,CARE-noreserve,10,608.0,609.0,0.2894754450000619,1051.0,1.0
ablation,er,150,25,dominating,0.25,none,CARE-noswitch,10,615.0,611.0,0.762630090499897,3545.0,1.0
ablation,er,150,25,dominating,0.5,none,CARE-DS,10,602.2,598.0,0.30942398290007983,901.2,1.0
ablation,er,150,25,dominating,0.5,none,CARE-noreserve,10,597.2,596.0,0.28293461260000186,816.1,1.0
ablation,er,150,25,dominating,0.5,none,CARE-noswitch,10,603.9,603.5,0.749213346399938,2870.6,1.0
ablation,er,150,35,connected,0.1,none,CARE-DS,10,863.4,863.5,1.0591568873000141,1474.6,1.0
ablation,er,150,35,connected,0.1,none,CARE-noreserve,10,855.6,854.5,1.0258208977999856,1908.8,1.0
ablation,er,150,35,connected,0.1,none,CARE-noswitch,10,869.3,871.5,1.3297872252998786,4084.5,1.0
ablation,er,150,35,connected,0.25,none,CARE-DS,10,846.6,840.5,0.9306348095997237,1072.5,1.0
ablation,er,150,35,connected,0.25,none,CARE-noreserve,10,831.1,827.0,0.8656670504999966,1072.8,1.0
ablation,er,150,35,connected,0.25,none,CARE-noswitch,10,848.0,854.0,1.2411668874001407,3214.6,1.0
ablation,er,150,35,connected,0.5,none,CARE-DS,10,828.4,821.0,0.7425635454001167,888.4,1.0
ablation,er,150,35,connected,0.5,none,CARE-noreserve,10,812.6,818.0,0.8058312959000432,816.4,1.0
ablation,er,150,35,connected,0.5,none,CARE-noswitch,10,818.1,821.0,1.1906169244999547,2800.7,1.0
ablation,er,150,35,dominating,0.1,none,CARE-DS,10,841.7,840.5,0.5915256174997922,1461.3,1.0
ablation,er,150,35,dominating,0.1,none,CARE-noreserve,10,829.8,835.0,0.419467585700022,1919.1,1.0
ablation,er,150,35,dominating,0.1,none,CARE-noswitch,10,837.5,835.0,0.9702653222999288,4425.8,1.0
ablation,er,150,35,dominating,0.25,none,CARE-DS,10,823.9,824.0,0.4183368269001221,1089.5,1.0
ablation,er,150,35,dominating,0.25,none,CARE-noreserve,10,819.1,824.5,0.3719467657999303,1115.6,1.0
ablation,er,150,35,dominating,0.25,none,CARE-noswitch,10,811.6,813.0,0.9109685323997837,4003.4,1.0
ablation,er,150,35,dominating,0.5,none,CARE-DS,10,816.5,813.0,0.33735226129983853,899.5,1.0
ablation,er,150,35,dominating,0.5,none,CARE-noreserve,10,781.6,777.0,0.3172578318000887,804.5,1.0
ablation,er,150,35,dominating,0.5,none,CARE-noswitch,10,790.2,773.5,0.8859572909001144,3078.9,1.0
ablation,er,500,15,connected,0.1,none,CARE-DS,10,258.2,262.5,3.0198270875998787,2190.3,1.0
ablation,er,500,15,connected,0.1,none,CARE-noreserve,10,250.0,253.0,3.4511108856000647,2480.7,1.0
ablation,er,500,15,connected,0.1,none,CARE-noswitch,10,263.9,267.5,3.544997265799611,5944.8,1.0
ablation,er,500,15,connected,0.25,none,CARE-DS,10,258.2,268.5,2.9907998491999024,1720.6,1.0
ablation,er,500,15,connected,0.25,none,CARE-noreserve,10,243.9,257.0,3.492227900800117,1544.1,1.0
ablation,er,500,15,connected,0.25,none,CARE-noswitch,10,262.9,276.0,3.3149336788001165,5101.4,1.0
ablation,er,500,15,connected,0.5,none,CARE-DS,10,242.8,246.0,2.92139273949997,1363.0,1.0
ablation,er,500,15,connected,0.5,none,CARE-noreserve,10,238.5,236.0,3.598208595299911,1365.2,1.0
ablation,er,500,15,connected,0.5,none,CARE-noswitch,10,256.3,260.0,3.640352586699555,4753.0,1.0
ablation,er,500,15,dominating,0.1,none,CARE-DS,10,311.0,328.0,1.173206540800129,2787.4,1.0
ablation,er,500,15,dominating,0.1,none,CARE-noreserve,10,303.2,321.0,0.9899511593999705,3111.4,1.0
ablation,er,500,15,dominating,0.1,none,CARE-noswitch,10,312.1,331.0,1.744644552200043,6817.3,1.0
ablation,er,500,15,dominating,0.25,none,CARE-DS,10,305.2,322.5,0.8567669884998395,2002.6,1.0
ablation,er,500,15,dominating,0.25,none,CARE-noreserve,10,298.4,313.5,0.8210422404999917,2049.8,1.0
ablation,er,500,15,dominating,0.25,none,CARE-noswitch,10,316.2,332.5,1.8391438104000373,6452.3,1.0
ablation,er,500,15,dominating,0.5,none,CARE-DS,10,300.8,319.0,0.8363785859000018,2002.5,1.0
ablation,er,500,15,dominating,0.5,none,CARE-noreserve,10,292.7,306.5,0.8454638645999694,1803.1,1.0
ablation,er,500,15,dominating,0.5,none,CARE-noswitch,10,305.8,325.5,1.7686820213998544,5486.8,1.0
ablation,er,500,25,connected,0.1,none,CARE-DS,10,575.7,577.0,9.617153222699745,5614.1,1.0
ablation,er,500,25,connected,0.1,none,CARE-noreserve,10,565.8,568.5,10.811590720600089,5910.7,1.0
ablation,er,500,25,connected,0.1,none,CARE-noswitch,10,573.9,576.0,9.647999212000105,14440.6,1.0
ablation,er,500,25,connected,0.25,none,CARE-DS,10,558.0,563.0,9.275826837200475,3984.3,1.0
ablation,er,500,25,connected,0.25,none,CARE-noreserve,10,549.7,550.0,9.711780336899938,3787.7,1.0
ablation,er,500,25,connected,0.25,none,CARE-noswitch,10,551.4,556.5,9.769577551499788,14199.5,1.0
ablation,er,500,25,connected,0.5,none,CARE-DS,10,545.1,550.5,8.385748834099832,3547.3,1.0
ablation,er,500,25,connected,0.5,none,CARE-noreserve,10,521.2,531.0,8.570425850999891,2988.0,1.0
ablation,er,500,25,connected,0.5,none,CARE-noswitch,10,530.1,537.0,9.755715083699943,11191.9,1.0
ablation,er,500,25,dominating,0.1,none,CARE-DS,10,600.9,600.0,2.454223376700065,5485.8,1.0
ablation,er,500,25,dominating,0.1,none,CARE-noreserve,10,598.2,597.5,2.0837131494002277,6165.0,1.0
ablation,er,500,25,dominating,0.1,none,CARE-noswitch,10,603.7,608.0,3.658544793500005,14471.7,1.0
ablation,er,500,25,dominating,0.25,none,CARE-DS,10,584.2,585.0,1.8791726650000782,4184.2,1.0
ablation,er,500,25,dominating,0.25,none,CARE-noreserve,10,574.9,578.0,1.796841979600049,3931.2,1.0
ablation,er,500,25,dominating,0.25,none,CARE-noswitch,10,587.7,590.5,3.484845107300134,11729.2,1.0
ablation,er,500,25,dominating,0.5,none,CARE-DS,10,567.1,571.0,1.6789999707998504,3742.3,1.0
ablation,er,500,25,dominating,0.5,none,CARE-noreserve,10,547.4,546.0,1.552433259300051,3062.9,1.0
ablation,er,500,25,dominating,0.5,none,CARE-noswitch,10,566.0,566.0,3.14024257129995,10608.4,1.0
ablation,er,500,35,connected,0.1,none,CARE-DS,10,757.3,753.5,14.613526117400216,5629.5,1.0
ablation,er,500,35,connected,0.1,none,CARE-noreserve,10,746.8,742.0,14.403287582200301,6485.0,1.0
ablation,er,500,35,connected,0.1,none,CARE-noswitch,10,759.4,754.0,14.8750684233004,15194.4,1.0
ablation,er,500,35,connected,0.25,none,CARE-DS,10,738.8,734.0,14.177662957900248,4500.8,1.0
ablation,er,500,35,connected,0.25,none,CARE-noreserve,10,723.0,719.5,14.570487536600012,3959.5,1.0
ablation,er,500,35,connected,0.25,none,CARE-noswitch,10,735.0,733.0,15.200022097799774,13481.1,1.0
ablation,er,500,35,connected,0.5,none,CARE-DS,10,722.7,718.5,13.504877766300524,3865.9,1.0
ablation,er,500,35,connected,0.5,none,CARE-noreserve,10,693.8,693.0,12.864800286699937,3163.8,1.0
ablation,er,500,35,connected,0.5,none,CARE-noswitch,10,707.3,709.0,14.156297878100123,10649.1,1.0
ablation,er,500,35,dominating,0.1,none,CARE-DS,10,772.0,772.0,2.751386953699966,5553.1,1.0
ablation,er,500,35,dominating,0.1,none,CARE-noreserve,10,765.5,757.0,2.340522375199998,6293.5,1.0
ablation,er,500,35,dominating,0.1,none,CARE-noswitch,10,782.9,783.5,3.860615840600167,14818.5,1.0
ablation,er,500,35,dominating,0.25,none,CARE-DS,10,753.6,754.5,2.3157170170999053,4499.2,1.0
ablation,er,500,35,dominating,0.25,none,CARE-noreserve,10,733.8,730.5,1.9013292678001563,4082.9,1.0
ablation,er,500,35,dominating,0.25,none,CARE-noswitch,10,756.1,753.5,3.6929154112000107,12405.9,1.0
ablation,er,500,35,dominating,0.5,none,CARE-DS,10,732.8,736.0,1.9813294229999883,3733.4,1.0
ablation,er,500,35,dominating,0.5,none,CARE-noreserve,10,711.2,708.0,1.9404506507999941,3399.7,1.0
ablation,er,500,35,dominating,0.5,none,CARE-noswitch,10,730.5,726.0,3.5742750057001103,10012.7,1.0
ablation,rgg,50,15,connected,0.1,none,CARE-DS,10,214.6,214.0,0.08225043729989917,101.7,1.0
ablation,rgg,50,15,connected,0.1,none,CARE-noreserve,10,211.5,213.0,0.06391278770006462,169.1,1.0
ablation,rgg,50,15,connected,0.1,none,CARE-noswitch,10,212.6,214.0,0.11717628429996688,392.3,1.0
ablation,rgg,50,15,connected,0.25,none,CARE-DS,10,210.6,214.0,0.07392209630024804,73.4,1.0
ablation,rgg,50,15,connected,0.25,none,CARE-noreserve,10,214.3,213.0,0.060402680400238704,102.2,1.0
ablation,rgg,50,15,connected,0.25,none,CARE-noswitch,10,207.1,214.0,0.09488932799995378,259.7,1.0
ablation,rgg,50,15,connected,0.5,none,CARE-DS,10,208.5,214.0,0.06843985249997783,66.4,1.0
ablation,rgg,50,15,connected,0.5,none,CARE-noreserve,10,207.2,212.5,0.04775122579994781,74.7,1.0
ablation,rgg,50,15,connected,0.5,none,CARE-noswitch,10,208.7,209.0,0.10965762020005054,275.7,1.0
ablation,rgg,50,15,dominating,0.1,none,CARE-DS,10,276.4,266.0,0.07047658809997297,80.1,1.0
ablation,rgg,50,15,dominating,0.1,none,CARE-noreserve,10,275.5,265.0,0.06236910609977707,188.9,1.0
ablation,rgg,50,15,dominating,0.1,none,CARE-noswitch,10,276.3,265.5,0.09723899470009197,148.6,1.0
ablation,rgg,50,15,dominating,0.25,none,CARE-DS,10,276.4,266.0,0.05422515980008026,75.6,1.0
ablation,rgg,50,15,dominating,0.25,none,CARE-noreserve,10,275.6,265.0,0.04897390260011884,102.7,1.0
ablation,rgg,50,15,dominating,0.25,none,CARE-noswitch,10,276.4,266.0,0.0975952052999673,167.7,1.0
ablation,rgg,50,15,dominating,0.5,none,CARE-DS,10,276.3,266.0,0.04044895720007839,61.0,1.0
ablation,rgg,50,15,dominating,0.5,none,CARE-noreserve,10,275.5,265.0,0.03997393929994356,72.4,1.0
ablation,rgg,50,15,dominating,0.5,none,CARE-noswitch,10,275.7,265.5,0.09022149619986516,223.2,1.0
ablation,rgg,50,25,connected,0.1,none,CARE-DS,10,635.0,630.0,0.184398508599952,168.9,1.0
ablation,rgg,50,25,connected,0.1,none,CARE-noreserve,10,648.5,636.0,0.10735658419998795,405.3,1.0
ablation,rgg,50,25,connected,0.1,none,CARE-noswitch,10,630.1,631.5,0.23698619320011854,362.3,1.0
ablation,rgg,50,25,connected,0.25,none,CARE-DS,10,642.2,623.0,0.14266047560013245,146.9,1.0
ablation,rgg,50,25,connected,0.25,none,CARE-noreserve,10,644.5,618.0,0.08778480320006561,204.4,1.0
ablation,rgg,50,25,connected,0.25,none,CARE-noswitch,10,629.8,622.0,0.2263250641001832,462.0,1.0
ablation,rgg,50,25,connected,0.5,none,CARE-DS,10,630.1,616.0,0.09717441439997851,113.2,1.0
ablation,rgg,50,25,connected,0.5,none,CARE-noreserve,10,631.0,633.5,0.08044650820011152,136.5,1.0
ablation,rgg,50,25,connected,0.5,none,CARE-noswitch,10,615.3,608.0,0.19859015570000332,358.6,1.0
ablation,rgg,50,25,dominating,0.1,none,CARE-DS,10,752.8,729.0,0.1438849519000541,171.2,1.0
ablation,rgg,50,25,dominating,0.1,none,CARE-noreserve,10,737.3,708.0,0.08436712740021898,443.7,1.0
ablation,rgg,50,25,dominating,0.1,none,CARE-noswitch,10,757.3,744.5,0.1922172329000204,272.9,1.0
ablation,rgg,50,25,dominating,0.25,none,CARE-DS,10,751.3,718.0,0.10173856629999131,148.3,1.0
ablation,rgg,50,25,dominating,0.25,none,CARE-noreserve,10,730.4,720.0,0.06821439370014554,220.1,1.0
ablation,rgg,50,25,dominating,0.25,none,CARE-noswitch,10,754.0,729.0,0.198211859300045,355.8,1.0
ablation,rgg,50,25,dominating,0.5,none,CARE-DS,10,740.5,711.0,0.06740145929989008,116.6,1.0
ablation,rgg,50,25,dominating,0.5,none,CARE-noreserve,10,737.2,714.0,0.05726783650015928,143.8,1.0
ablation,rgg,50,25,dominating,0.5,none,CARE-noswitch,10,757.4,744.0,0.19514316769982537,365.6,1.0
ablation,rgg,50,35,connected,0.1,none,CARE-DS,10,3047.8,1208.0,0.6216503970000303,126.7,1.0
ablation,rgg,50,35,connected,0.1,none,CARE-noreserve,10,3046.2,1214.5,0.34011918790019985,411.4,1.0
ablation,rgg,50,35,connected,0.1,none,CARE-noswitch,10,3042.8,1222.0,0.5953623458000947,222.5,1.0
ablation,rgg,50,35,connected,0.25,none,CARE-DS,10,3050.3,1218.0,0.46984653069994237,116.6,1.0
ablation,rgg,50,35,connected,0.25,none,CARE-noreserve,10,3032.3,1188.5,0.3258392108998123,185.6,1.0
ablation,rgg,50,35,connected,0.25,none,CARE-noswitch,10,3047.4,1207.0,0.6266462925000269,231.5,1.0
ablation,rgg,50,35,connected,0.5,none,CARE-DS,10,3049.0,1213.0,0.4091672549998293,98.9,1.0
ablation,rgg,50,35,connected,0.5,none,CARE-noreserve,10,3026.5,1204.0,0.3374701322999499,109.2,1.0
ablation,rgg,50,35,connected,0.5,none,CARE-noswitch,10,3044.7,1226.5,0.5575309949999792,197.7,1.0
ablation,rgg,50,35,dominating,0.1,none,CARE-DS,10,1121.7,1115.5,0.20402035460010662,151.2,1.0
ablation,rgg,50,35,dominating,0.1,none,CARE-noreserve,10,1103.3,1110.0,0.10561228599990495,503.8,1.0
ablation,rgg,50,35,dominating,0.1,none,CARE-noswitch,10,1117.9,1113.0,0.266088593600034,271.0,1.0
ablation,rgg,50,35,dominating,0.25,none,CARE-DS,10,1121.8,1114.0,0.14826702549971738,146.7,1.0
ablation,rgg,50,35,dominating,0.25,none,CARE-noreserve,10,1107.4,1105.5,0.0917335922999882,230.4,1.0
ablation,rgg,50,35,dominating,0.25,none,CARE-noswitch,10,1117.4,1115.5,0.26052244399998015,264.7,1.0
ablation,rgg,50,35,dominating,0.5,none,CARE-DS,10,1113.0,1106.0,0.10030876589999023,115.3,1.0
ablation,rgg,50,35,dominating,0.5,none,CARE-noreserve,10,1095.7,1106.0,0.08036136000009718,140.8,1.0
ablation,rgg,50,35,dominating,0.5,none,CARE-noswitch,10,1118.7,1114.0,0.2719449676999829,287.7,1.0
ablation,rgg,150,15,connected,0.1,none,CARE-DS,10,175.5,168.5,0.2807972017999418,324.3,1.0
ablation,rgg,150,15,connected,0.1,none,CARE-noreserve,10,168.3,167.0,0.3334084360999441,448.0,1.0
ablation,rgg,150,15,connected,0.1,none,CARE-noswitch,10,177.3,172.0,0.32667228740001514,959.9,1.0
ablation,rgg,150,15,connected,0.25,none,CARE-DS,10,173.0,173.0,0.26695559629979465,252.4,1.0
ablation,rgg,150,15,connected,0.25,none,CARE-noreserve,10,168.8,171.5,0.2719248608998896,283.7,1.0
ablation,rgg,150,15,connected,0.25,none,CARE-noswitch,10,170.2,170.5,0.3813155044001178,813.9,1.0
ablation,rgg,150,15,connected,0.5,none,CARE-DS,10,175.2,172.5,0.2734416433999286,230.9,1.0
ablation,rgg,150,15,connected,0.5,none,CARE-noreserve,10,166.8,163.5,0.22183867719995756,201.3,1.0
ablation,rgg,150,15,connected,0.5,none,CARE-noswitch,10,170.7,168.0,0.33627752390002563,995.2,1.0
ablation,rgg,150,15,dominating,0.1,none,CARE-DS,10,255.4,253.0,0.21333915230015915,307.0,1.0
ablation,rgg,150,15,dominating,0.1,none,CARE-noreserve,10,257.0,252.5,0.1788526489997821,529.2,1.0
ablation,rgg,150,15,dominating,0.1,none,CARE-noswitch,10,260.3,253.0,0.3447369672000605,1320.1,1.0
ablation,rgg,150,15,dominating,0.25,none,CARE-DS,10,256.0,250.5,0.15910164510014507,228.2,1.0
ablation,rgg,150,15,dominating,0.25,none,CARE-noreserve,10,253.1,252.0,0.12696763290005034,283.0,1.0
ablation,rgg,150,15,dominating,0.25,none,CARE-noswitch,10,259.9,252.0,0.30402897279982427,1054.8,1.0
ablation,rgg,150,15,dominating,0.5,none,CARE-DS,10,260.2,251.0,0.13951334739995214,235.9,1.0
ablation,rgg,150,15,dominating,0.5,none,CARE-noreserve,10,258.2,250.0,0.12967390840012735,243.3,1.0
ablation,rgg,150,15,dominating,0.5,none,CARE-noswitch,10,260.5,252.5,0.3173398747000647,927.5,1.0
ablation,rgg,150,25,connected,0.1,none,CARE-DS,10,355.3,328.0,0.5789214285002344,461.9,1.0
ablation,rgg,150,25,connected,0.1,none,CARE-noreserve,10,349.6,322.0,0.48635224179988656,723.1,1.0
ablation,rgg,150,25,connected,0.1,none,CARE-noswitch,10,358.8,325.5,0.7032746024000517,1662.4,1.0
ablation,rgg,150,25,connected,0.25,none,CARE-DS,10,359.4,327.5,0.49922080299993465,368.2,1.0
ablation,rgg,150,25,connected,0.25,none,CARE-noreserve,10,345.5,327.0,0.48564137310004296,402.7,1.0
ablation,rgg,150,25,connected,0.25,none,CARE-noswitch,10,358.2,327.5,0.6553798324999661,1524.0,1.0
ablation,rgg,150,25,connected,0.5,none,CARE-DS,10,357.5,323.5,0.48501744590003,343.2,1.0
ablation,rgg,150,25,connected,0.5,none,CARE-noreserve,10,344.8,324.5,0.44461145019995457,337.1,1.0
ablation,rgg,150,25,connected,0.5,none,CARE-noswitch,10,348.7,323.5,0.5787270795998666,1182.2,1.0
ablation,rgg,150,25,dominating,0.1,none,CARE-DS,10,438.7,414.5,0.3022497844001918,323.9,1.0
ablation,rgg,150,25,dominating,0.1,none,CARE-noreserve,10,437.9,414.0,0.2107426509000106,701.8,1.0
ablation,rgg,150,25,dominating,0.1,none,CARE-noswitch,10,438.7,414.5,0.4441736660999595,870.8,1.0
ablation,rgg,150,25,dominating,0.25,none,CARE-DS,10,438.1,415.0,0.2359601985000154,264.6,1.0
ablation,rgg,150,25,dominating,0.25,none,CARE-noreserve,10,437.4,414.0,0.1910198120001041,371.9,1.0
ablation,rgg,150,25,dominating,0.25,none,CARE-noswitch,10,438.7,415.0,0.42455612550002114,763.5,1.0
ablation,rgg,150,25,dominating,0.5,none,CARE-DS,10,435.8,411.5,0.17123731129995573,230.5,1.0
ablation,rgg,150,25,dominating,0.5,none,CARE-noreserve,10,433.7,410.0,0.1741547247999733,262.0,1.0
ablation,rgg,150,25,dominating,0.5,none,CARE-noswitch,10,436.2,414.0,0.42688377150016094,822.8,1.0
ablation,rgg,150,35,connected,0.1,none,CARE-DS,10,597.8,610.0,0.723631861100148,547.5,1.0
ablation,rgg,150,35,connected,0.1,none,CARE-noreserve,10,585.8,569.0,0.7597017599001447,964.2,1.0
ablation,rgg,150,35,connected,0.1,none,CARE-noswitch,10,594.9,604.0,0.8918115464000038,1582.1,1.0
ablation,rgg,150,35,connected,0.25,none,CARE-DS,10,598.3,593.5,0.6100571841000602,451.4,1.0
ablation,rgg,150,35,connected,0.25,none,CARE-noreserve,10,585.8,569.0,0.7101000903999193,535.2,1.0
ablation,rgg,150,35,connected,0.25,none,CARE-noswitch,10,587.8,592.0,0.8089299970001775,1642.0,1.0
ablation,rgg,150,35,connected,0.5,none,CARE-DS,10,587.6,594.0,0.5376161849001619,363.6,1.0
ablation,rgg,150,35,connected,0.5,none,CARE-noreserve,10,584.5,569.5,0.6457330218999232,404.6,1.0
ablation,rgg,150,35,connected,0.5,none,CARE-noswitch,10,576.1,558.5,0.7791046982000808,1439.1,1.0
ablation,rgg,150,35,dominating,0.1,none,CARE-DS,10,690.5,680.0,0.43144957040012744,391.5,1.0
ablation,rgg,150,35,dominating,0.1,none,CARE-noreserve,10,687.7,679.0,0.2954728949998752,911.3,1.0
ablation,rgg,150,35,dominating,0.1,none,CARE-noswitch,10,691.5,680.0,0.5776914883002974,714.5,1.0
ablation,rgg,150,35,dominating,0.25,none,CARE-DS,10,689.4,680.0,0.3074263321999751,323.5,1.0
ablation,rgg,150,35,dominating,0.25,none,CARE-noreserve,10,685.4,671.0,0.25484045809980665,445.8,1.0
ablation,rgg,150,35,dominating,0.25,none,CARE-noswitch,10,691.3,680.0,0.557887970199954,867.2,1.0
ablation,rgg,150,35,dominating,0.5,none,CARE-DS,10,687.7,679.0,0.23414668359991989,286.9,1.0
ablation,rgg,150,35,dominating,0.5,none,CARE-noreserve,10,683.3,677.0,0.20440027399999958,297.6,1.0
ablation,rgg,150,35,dominating,0.5,none,CARE-noswitch,10,689.0,678.5,0.5691910568998537,900.1,1.0
ablation,rgg,500,15,connected,0.1,none,CARE-DS,10,122.2,127.0,1.6103477386000122,808.4,1.0
ablation,rgg,500,15,connected,0.1,none,CARE-noreserve,10,119.4,123.5,2.3082222859999093,1017.8,1.0
ablation,rgg,500,15,connected,0.1,none,CARE-noswitch,10,121.5,122.0,1.8111886417000278,3588.5,1.0
ablation,rgg,500,15,connected,0.25,none,CARE-DS,10,120.3,126.5,2.1535691891001987,641.1,1.0
ablation,rgg,500,15,connected,0.25,none,CARE-noreserve,10,116.5,124.5,2.0220688737000274,610.4,1.0
ablation,rgg,500,15,connected,0.25,none,CARE-noswitch,10,121.0,126.0,1.8012965307000741,2393.4,1.0
ablation,rgg,500,15,connected,0.5,none,CARE-DS,10,122.6,127.5,2.069052987299892,575.1,1.0
ablation,rgg,500,15,connected,0.5,none,CARE-noreserve,10,122.8,124.5,1.778148358999897,592.4,1.0
ablation,rgg,500,15,connected,0.5,none,CARE-noswitch,10,120.8,126.0,2.5019182996999008,2498.0,1.0
ablation,rgg,500,15,dominating,0.1,none,CARE-DS,10,181.1,197.0,0.7498798103998524,797.2,1.0
ablation,rgg,500,15,dominating,0.1,none,CARE-noreserve,10,180.8,196.5,0.6868285157997889,1089.9,1.0
ablation,rgg,500,15,dominating,0.1,none,CARE-noswitch,10,181.1,197.0,0.9894336595998539,2355.6,1.0
ablation,rgg,500,15,dominating,0.25,none,CARE-DS,10,180.4,192.0,0.6254460543000278,631.0,1.0
ablation,rgg,500,15,dominating,0.25,none,CARE-noreserve,10,179.0,191.5,0.613044882399754,696.1,1.0
ablation,rgg,500,15,dominating,0.25,none,CARE-noswitch,10,181.2,197.0,0.9873347208000268,1901.6,1.0
ablation,rgg,500,15,dominating,0.5,none,CARE-DS,10,180.3,195.0,0.595907179599908,563.0,1.0
ablation,rgg,500,15,dominating,0.5,none,CARE-noreserve,10,180.0,195.5,0.6361839840997163,546.5,1.0
ablation,rgg,500,15,dominating,0.5,none,CARE-noswitch,10,180.5,195.0,1.0702336542000013,2011.9,1.0
ablation,rgg,500,25,connected,0.1,none,CARE-DS,10,333.7,330.0,5.012235442999918,1777.0,1.0
ablation,rgg,500,25,connected,0.1,none,CARE-noreserve,10,330.0,319.0,5.700802902099985,2487.5,1.0
ablation,rgg,500,25,connected,0.1,none,CARE-noswitch,10,328.8,327.0,5.7174268365997705,5125.0,1.0
ablation,rgg,500,25,connected,0.25,none,CARE-DS,10,332.8,330.0,4.537514313399697,1359.2,1.0
ablation,rgg,500,25,connected,0.25,none,CARE-noreserve,10,324.7,316.5,5.694285904800017,1541.1,1.0
ablation,rgg,500,25,connected,0.25,none,CARE-noswitch,10,326.7,322.5,5.2580734612995,5674.9,1.0
ablation,rgg,500,25,connected,0.5,none,CARE-DS,10,332.3,327.5,4.512484613800188,1325.7,1.0
ablation,rgg,500,25,connected,0.5,none,CARE-noreserve,10,320.3,317.5,5.489057652599786,1221.2,1.0
ablation,rgg,500,25,connected,0.5,none,CARE-noswitch,10,326.4,325.5,5.386775541499992,4671.7,1.0
ablation,rgg,500,25,dominating,0.1,none,CARE-DS,10,423.6,440.5,1.3604988946999583,1374.7,1.0
ablation,rgg,500,25,dominating,0.1,none,CARE-noreserve,10,413.5,433.5,1.0917891793001218,2193.0,1.0
ablation,rgg,500,25,dominating,0.1,none,CARE-noswitch,10,422.8,440.5,1.7478789532000518,3571.5,1.0
ablation,rgg,500,25,dominating,0.25,none,CARE-DS,10,422.0,440.5,1.1514647457001046,1123.6,1.0
ablation,rgg,500,25,dominating,0.25,none,CARE-noreserve,10,416.9,439.5,0.9416771154000344,1271.3,1.0
ablation,rgg,500,25,dominating,0.25,none,CARE-noswitch,10,419.3,440.5,1.7682597848000114,4647.4,1.0
ablation,rgg,500,25,dominating,0.5,none,CARE-DS,10,419.6,439.5,0.9745500847000585,936.4,1.0
ablation,rgg,500,25,dominating,0.5,none,CARE-noreserve,10,418.1,438.0,0.9224271709002096,1046.3,1.0
ablation,rgg,500,25,dominating,0.5,none,CARE-noswitch,10,418.7,432.0,1.6926732178000747,3258.4,1.0
ablation,rgg,500,35,connected,0.1,none,CARE-DS,10,452.0,500.0,7.54704622770023,1867.2,1.0
ablation,rgg,500,35,connected,0.1,none,CARE-noreserve,10,436.5,467.0,7.81832705400011,2380.6,1.0
ablation,rgg,500,35,connected,0.1,none,CARE-noswitch,10,441.8,473.0,6.960101929000484,4565.7,1.0
ablation,rgg,500,35,connected,0.25,none,CARE-DS,10,450.0,497.0,6.835729438199633,1461.9,1.0
ablation,rgg,500,35,connected,0.25,none,CARE-noreserve,10,440.0,457.0,8.008896575500057,1488.3,1.0
ablation,rgg,500,35,connected,0.25,none,CARE-noswitch,10,440.3,489.5,7.061525743999846,5134.2,1.0
ablation,rgg,500,35,connected,0.5,none,CARE-DS,10,448.4,478.5,7.4104701108995865,1289.5,1.0
ablation,rgg,500,35,connected,0.5,none,CARE-noreserve,10,438.5,470.5,7.1401063453999996,1126.9,1.0
ablation,rgg,500,35,connected,0.5,none,CARE-noswitch,10,425.9,458.5,7.246316062500227,4959.8,1.0
ablation,rgg,500,35,dominating,0.1,none,CARE-DS,10,564.4,598.5,1.7040910945000178,1324.8,1.0
ablation,rgg,500,35,dominating,0.1,none,CARE-noreserve,10,557.3,578.0,1.3255796113000542,2348.9,1.0
ablation,rgg,500,35,dominating,0.1,none,CARE-noswitch,10,566.6,598.5,2.1674783284001022,4445.5,1.0
ablation,rgg,500,35,dominating,0.25,none,CARE-DS,10,566.8,598.5,1.381132031099969,1104.6,1.0
ablation,rgg,500,35,dominating,0.25,none,CARE-noreserve,10,557.6,597.5,1.2607568993998939,1230.2,1.0
ablation,rgg,500,35,dominating,0.25,none,CARE-noswitch,10,566.5,598.0,2.229532191600174,3454.7,1.0
ablation,rgg,500,35,dominating,0.5,none,CARE-DS,10,563.8,595.5,1.1183223674997862,929.8,1.0
ablation,rgg,500,35,dominating,0.5,none,CARE-noreserve,10,564.1,596.0,1.160536811900147,962.9,1.0
ablation,rgg,500,35,dominating,0.5,none,CARE-noswitch,10,561.1,591.5,2.071617443299965,3540.6,1.0
ablation,watts_strogatz,50,15,connected,0.1,none,CARE-DS,10,450.4,447.0,0.11458463849940012,372.6,1.0
ablation,watts_strogatz,50,15,connected,0.1,none,CARE-noreserve,10,443.0,435.0,0.09627387260006796,481.8,1.0
ablation,watts_strogatz,50,15,connected,0.1,none,CARE-noswitch,10,448.7,450.0,0.16309909330011574,1064.6,1.0
ablation,watts_strogatz,50,15,connected,0.25,none,CARE-DS,10,445.3,442.0,0.10062276069984359,257.2,1.0
ablation,watts_strogatz,50,15,connected,0.25,none,CARE-noreserve,10,439.4,434.0,0.0807828720000543,267.5,1.0
ablation,watts_strogatz,50,15,connected,0.25,none,CARE-noswitch,10,433.8,436.0,0.1701741271001083,930.2,1.0
ablation,watts_strogatz,50,15,connected,0.5,none,CARE-DS,10,434.4,430.5,0.09726312739985583,215.1,1.0
ablation,watts_strogatz,50,15,connected,0.5,none,CARE-noreserve,10,421.8,421.0,0.07098016899999489,202.7,1.0
ablation,watts_strogatz,50,15,connected,0.5,none,CARE-noswitch,10,425.1,423.5,0.15179855990008945,719.4,1.0
ablation,watts_strogatz,50,15,dominating,0.1,none,CARE-DS,10,540.4,542.5,0.11252312959977642,345.3,1.0
ablation,watts_strogatz,50,15,dominating,0.1,none,CARE-noreserve,10,526.1,517.5,0.08524880800005118,467.3,1.0
ablation,watts_strogatz,50,15,dominating,0.1,none,CARE-noswitch,10,534.2,530.5,0.20080011260015448,987.6,1.0
ablation,watts_strogatz,50,15,dominating,0.25,none,CARE-DS,10,524.0,528.0,0.0729594340999938,220.7,1.0
ablation,watts_strogatz,50,15,dominating,0.25,none,CARE-noreserve,10,518.2,531.5,0.06771168190007296,268.8,1.0
ablation,watts_strogatz,50,15,dominating,0.25,none,CARE-noswitch,10,531.5,530.5,0.17605503840004527,871.9,1.0
ablation,watts_strogatz,50,15,dominating,0.5,none,CARE-DS,10,518.3,518.5,0.054829534399868804,186.2,1.0
ablation,watts_strogatz,50,15,dominating,0.5,none,CARE-noreserve,10,514.5,522.0,0.052503787099885756,185.0,1.0
ablation,watts_strogatz,50,15,dominating,0.5,none,CARE-noswitch,10,520.1,515.5,0.16722317020030458,666.7,1.0
ablation,watts_strogatz,50,25,connected,0.1,none,CARE-DS,10,858.2,845.5,0.16738319730011422,373.7,1.0
ablation,watts_strogatz,50,25,connected,0.1,none,CARE-noreserve,10,850.5,831.0,0.13845217469988708,573.2,1.0
ablation,watts_strogatz,50,25,connected,0.1,none,CARE-noswitch,10,847.1,838.0,0.23466591179931123,1064.6,1.0
ablation,watts_strogatz,50,25,connected,0.25,none,CARE-DS,10,846.2,829.5,0.12137835599987734,249.8,1.0
ablation,watts_strogatz,50,25,connected,0.25,none,CARE-noreserve,10,829.4,826.5,0.11001273840020073,290.7,1.0
ablation,watts_strogatz,50,25,connected,0.25,none,CARE-noswitch,10,828.7,825.5,0.2136747949996788,1007.9,1.0
ablation,watts_strogatz,50,25,connected,0.5,none,CARE-DS,10,829.4,821.0,0.09830442690054039,190.6,1.0
ablation,watts_strogatz,50,25,connected,0.5,none,CARE-noreserve,10,815.7,821.5,0.1071568917001059,201.4,1.0
ablation,watts_strogatz,50,25,connected,0.5,none,CARE-noswitch,10,828.6,824.0,0.19708484590009898,706.1,1.0
ablation,watts_strogatz,50,25,dominating,0.1,none,CARE-DS,10,850.2,852.0,0.13318996219986726,392.9,1.0
ablation,watts_strogatz,50,25,dominating,0.1,none,CARE-noreserve,10,833.9,833.0,0.10165590970009357,588.6,1.0
ablation,watts_strogatz,50,25,dominating,0.1,none,CARE-noswitch,10,838.8,845.0,0.22516206199989025,1367.0,1.0
ablation,watts_strogatz,50,25,dominating,0.25,none,CARE-DS,10,822.8,841.5,0.08696733149999994,252.3,1.0
ablation,watts_strogatz,50,25,dominating,0.25,none,CARE-noreserve,10,826.9,830.5,0.09489170700007887,304.2,1.0
ablation,watts_strogatz,50,25,dominating,0.25,none,CARE-noswitch,10,817.4,832.0,0.230486586599909,1079.8,1.0
ablation,watts_strogatz,50,25,dominating,0.5,none,CARE-DS,10,816.7,814.0,0.07013498159994919,204.0,1.0
ablation,watts_strogatz,50,25,dominating,0.5,none,CARE-noreserve,10,807.5,800.0,0.06754974190007482,213.1,1.0
ablation,watts_strogatz,50,25,dominating,0.5,none,CARE-noswitch,10,805.1,809.0,0.21278840930008297,768.0,1.0
ablation,watts_strogatz,50,35,connected,0.1,none,CARE-DS,10,1347.7,1346.0,0.2267352503000438,304.1,1.0
ablation,watts_strogatz,50,35,connected,0.1,none,CARE-noreserve,10,1323.9,1344.5,0.19075091249987958,619.7,1.0
ablation,watts_strogatz,50,35,connected,0.1,none,CARE-noswitch,10,1333.4,1350.0,0.3113019262998932,1189.5,1.0
ablation,watts_strogatz,50,35,connected,0.25,none,CARE-DS,10,1333.7,1332.0,0.1775710608995723,223.4,1.0
ablation,watts_strogatz,50,35,connected,0.25,none,CARE-noreserve,10,1317.4,1325.5,0.16078905129988924,300.7,1.0
ablation,watts_strogatz,50,35,connected,0.25,none,CARE-noswitch,10,1318.9,1318.0,0.30730564750028855,925.0,1.0
ablation,watts_strogatz,50,35,connected,0.5,none,CARE-DS,10,1311.6,1325.5,0.1325727807001385,170.8,1.0
ablation,watts_strogatz,50,35,connected,0.5,none,CARE-noreserve,10,1312.2,1312.0,0.14392364309987896,187.9,1.0
ablation,watts_strogatz,50,35,connected,0.5,none,CARE-noswitch,10,1295.4,1314.5,0.29138867410001695,623.8,1.0
ablation,watts_strogatz,50,35,dominating,0.1,none,CARE-DS,10,1161.7,1150.0,0.16670285569998664,375.6,1.0
ablation,watts_strogatz,50,35,dominating,0.1,none,CARE-noreserve,10,1128.0,1117.0,0.12098880270004879,627.4,1.0
ablation,watts_strogatz,50,35,dominating,0.1,none,CARE-noswitch,10,1146.0,1137.0,0.28727877409992286,1232.0,1.0
ablation,watts_strogatz,50,35,dominating,0.25,none,CARE-DS,10,1143.1,1139.0,0.1254546724999272,261.9,1.0
ablation,watts_strogatz,50,35,dominating,0.25,none,CARE-noreserve,10,1116.2,1132.5,0.09649956319999542,314.2,1.0
ablation,watts_strogatz,50,35,dominating,0.25,none,CARE-noswitch,10,1120.5,1118.0,0.3012368342999252,1029.4,1.0
ablation,watts_strogatz,50,35,dominating,0.5,none,CARE-DS,10,1138.4,1141.5,0.08327443920015862,193.3,1.0
ablation,watts_strogatz,50,35,dominating,0.5,none,CARE-noreserve,10,1097.2,1082.0,0.09018478410007444,208.9,1.0
ablation,watts_strogatz,50,35,dominating,0.5,none,CARE-noswitch,10,1106.2,1105.0,0.26189811690010173,706.1,1.0
ablation,watts_strogatz,150,15,connected,0.1,none,CARE-DS,10,398.2,406.0,0.4674145219996717,1366.5,1.0
ablation,watts_strogatz,150,15,connected,0.1,none,CARE-noreserve,10,387.1,387.5,0.5127384857000834,1414.2,1.0
ablation,watts_strogatz,150,15,connected,0.1,none,CARE-noswitch,10,398.5,396.0,0.5812436722997518,3371.4,1.0
ablation,watts_strogatz,150,15,connected,0.25,none,CARE-DS,10,384.8,386.5,0.4695024729000579,926.7,1.0
ablation,watts_strogatz,150,15,connected,0.25,none,CARE-noreserve,10,382.2,386.5,0.4162779782997859,907.6,1.0
ablation,watts_strogatz,150,15,connected,0.25,none,CARE-noswitch,10,391.4,398.0,0.5589978182000778,3145.9,1.0
ablation,watts_strogatz,150,15,connected,0.5,none,CARE-DS,10,377.0,382.5,0.4460663319003288,823.9,1.0
ablation,watts_strogatz,150,15,connected,0.5,none,CARE-noreserve,10,358.4,362.0,0.4032342377000532,739.6,1.0
ablation,watts_strogatz,150,15,connected,0.5,none,CARE-noswitch,10,374.0,376.5,0.5251882862998173,2940.1,1.0
ablation,watts_strogatz,150,15,dominating,0.1,none,CARE-DS,10,497.6,503.0,0.41016677459992934,1074.5,1.0
ablation,watts_strogatz,150,15,dominating,0.1,none,CARE-noreserve,10,482.3,483.0,0.2937329475002116,1254.5,1.0
ablation,watts_strogatz,150,15,dominating,0.1,none,CARE-noswitch,10,500.9,507.0,0.6294673298001726,3072.5,1.0
ablation,watts_strogatz,150,15,dominating,0.25,none,CARE-DS,10,482.1,487.5,0.2806492078001611,771.8,1.0
ablation,watts_strogatz,150,15,dominating,0.25,none,CARE-noreserve,10,478.7,479.0,0.22623729570004794,797.6,1.0
ablation,watts_strogatz,150,15,dominating,0.25,none,CARE-noswitch,10,488.4,497.0,0.583095297500131,2621.4,1.0
ablation,watts_strogatz,150,15,dominating,0.5,none,CARE-DS,10,479.8,490.5,0.20456055240001655,688.0,1.0
ablation,watts_strogatz,150,15,dominating,0.5,none,CARE-noreserve,10,464.3,464.5,0.19629678310002413,610.2,1.0
ablation,watts_strogatz,150,15,dominating,0.5,none,CARE-noswitch,10,480.7,482.5,0.5419270614001107,2317.5,1.0
ablation,watts_strogatz,150,25,connected,0.1,none,CARE-DS,10,703.5,707.0,0.7644966103996922,1474.6,1.0
ablation,watts_strogatz,150,25,connected,0.1,none,CARE-noreserve,10,692.3,693.5,0.7054878899998585,1697.9,1.0
ablation,watts_strogatz,150,25,connected,0.1,none,CARE-noswitch,10,701.5,698.5,0.9755274120998365,4082.8,1.0
ablation,watts_strogatz,150,25,connected,0.25,none,CARE-DS,10,687.9,688.5,0.750425679500222,1039.9,1.0
ablation,watts_strogatz,150,25,connected,0.25,none,CARE-noreserve,10,672.4,673.5,0.6886201444997824,1038.8,1.0
ablation,watts_strogatz,150,25,connected,0.25,none,CARE-noswitch,10,682.3,679.0,1.0351362651999807,3350.3,1.0
ablation,watts_strogatz,150,25,connected,0.5,none,CARE-DS,10,668.9,665.5,0.6811870879997514,867.5,1.0
ablation,watts_strogatz,150,25,connected,0.5,none,CARE-noreserve,10,648.6,651.0,0.6078625637001096,781.1,1.0
ablation,watts_strogatz,150,25,connected,0.5,none,CARE-noswitch,10,658.9,661.0,0.8937468628999341,2744.3,1.0
ablation,watts_strogatz,150,25,dominating,0.1,none,CARE-DS,10,808.6,807.0,0.46549945579999985,1298.5,1.0
ablation,watts_strogatz,150,25,dominating,0.1,none,CARE-noreserve,10,793.5,802.0,0.32565441230008213,1638.0,1.0
ablation,watts_strogatz,150,25,dominating,0.1,none,CARE-noswitch,10,807.4,803.5,0.7399939881000137,3774.1,1.0
ablation,watts_strogatz,150,25,dominating,0.25,none,CARE-DS,10,794.7,787.5,0.34976135510014494,914.9,1.0
ablation,watts_strogatz,150,25,dominating,0.25,none,CARE-noreserve,10,791.6,796.0,0.3139309810000668,946.9,1.0
ablation,watts_strogatz,150,25,dominating,0.25,none,CARE-noswitch,10,791.2,797.0,0.7607503251998423,3305.3,1.0
ablation,watts_strogatz,150,25,dominating,0.5,none,CARE-DS,10,786.7,791.0,0.2540142918999663,736.5,1.0
ablation,watts_strogatz,150,25,dominating,0.5,none,CARE-noreserve,10,772.5,770.0,0.254202662300122,717.7,1.0
ablation,watts_strogatz,150,25,dominating,0.5,none,CARE-noswitch,10,769.4,768.5,0.6859977391002758,2617.0,1.0
ablation,watts_strogatz,150,35,connected,0.1,none,CARE-DS,10,1001.2,1010.5,1.1779662151002412,1472.2,1.0
ablation,watts_strogatz,150,35,connected,0.1,none,CARE-noreserve,10,988.1,988.5,1.1660199030999139,1841.0,1.0
ablation,watts_strogatz,150,35,connected,0.1,none,CARE-noswitch,10,993.9,999.0,1.3981976287999713,4357.9,1.0
ablation,watts_strogatz,150,35,connected,0.25,none,CARE-DS,10,975.5,974.5,0.9148966131999259,1021.7,1.0
ablation,watts_strogatz,150,35,connected,0.25,none,CARE-noreserve,10,965.8,963.0,1.101219513900014,1057.3,1.0
ablation,watts_strogatz,150,35,connected,0.25,none,CARE-noswitch,10,973.4,981.0,1.3027378929000406,3452.8,1.0
ablation,watts_strogatz,150,35,connected,0.5,none,CARE-DS,10,958.9,962.5,0.8465284070001872,849.1,1.0
ablation,watts_strogatz,150,35,connected,0.5,none,CARE-noreserve,10,929.5,926.0,0.9185530393999215,776.6,1.0
ablation,watts_strogatz,150,35,connected,0.5,none,CARE-noswitch,10,934.5,945.5,1.3069395610998982,3031.2,1.0
ablation,watts_strogatz,150,35,dominating,0.1,none,CARE-DS,10,1091.2,1096.0,0.5766455103997032,1432.0,1.0
ablation,watts_strogatz,150,35,dominating,0.1,none,CARE-noreserve,10,1085.9,1090.5,0.473625688699849,1879.4,1.0
ablation,watts_strogatz,150,35,dominating,0.1,none,CARE-noswitch,10,1078.0,1093.0,0.9904699467000683,4381.0,1.0
ablation,watts_strogatz,150,35,dominating,0.25,none,CARE-DS,10,1071.6,1078.0,0.4370543311000802,994.8,1.0
ablation,watts_strogatz,150,35,dominating,0.25,none,CARE-noreserve,10,1058.7,1060.0,0.3662329771001168,1039.5,1.0
ablation,watts_strogatz,150,35,dominating,0.25,none,CARE-noswitch,10,1049.5,1055.5,1.0086819588997968,3787.5,1.0
ablation,watts_strogatz,150,35,dominating,0.5,none,CARE-DS,10,1048.4,1049.0,0.34686802509995684,801.2,1.0
ablation,watts_strogatz,150,35,dominating,0.5,none,CARE-noreserve,10,1036.5,1043.0,0.359734575999937,761.8,1.0
ablation,watts_strogatz,150,35,dominating,0.5,none,CARE-noswitch,10,1019.7,1029.0,0.9741334658998312,2981.0,1.0
ablation,watts_strogatz,500,15,connected,0.1,none,CARE-DS,10,385.0,382.5,4.431329414200081,5137.3,1.0
ablation,watts_strogatz,500,15,connected,0.1,none,CARE-noreserve,10,381.0,380.0,5.14580811529986,4968.2,1.0
ablation,watts_strogatz,500,15,connected,0.1,none,CARE-noswitch,10,389.5,386.0,4.890249216600023,15926.9,1.0
ablation,watts_strogatz,500,15,connected,0.25,none,CARE-DS,10,372.0,368.5,5.243214936499863,3915.3,1.0
ablation,watts_strogatz,500,15,connected,0.25,none,CARE-noreserve,10,366.9,367.0,4.255772238100053,3381.9,1.0
ablation,watts_strogatz,500,15,connected,0.25,none,CARE-noswitch,10,378.3,377.0,4.985457886899894,12300.3,1.0
ablation,watts_strogatz,500,15,connected,0.5,none,CARE-DS,10,362.4,360.5,4.578989078799713,3425.5,1.0
ablation,watts_strogatz,500,15,connected,0.5,none,CARE-noreserve,10,349.3,353.0,4.729753414400056,2863.0,1.0
ablation,watts_strogatz,500,15,connected,0.5,none,CARE-noswitch,10,361.5,363.5,5.012451389600028,10895.5,1.0
ablation,watts_strogatz,500,15,dominating,0.1,none,CARE-DS,10,482.8,481.5,1.36313677119997,3997.3,1.0
ablation,watts_strogatz,500,15,dominating,0.1,none,CARE-noreserve,10,469.7,470.5,1.1291262404999542,4266.6,1.0
ablation,watts_strogatz,500,15,dominating,0.1,none,CARE-noswitch,10,479.1,479.0,1.9468718728999193,10356.5,1.0
ablation,watts_strogatz,500,15,dominating,0.25,none,CARE-DS,10,470.6,471.5,1.1178280970000742,2984.6,1.0
ablation,watts_strogatz,500,15,dominating,0.25,none,CARE-noreserve,10,463.7,468.5,0.9784505328000705,2817.0,1.0
ablation,watts_strogatz,500,15,dominating,0.25,none,CARE-noswitch,10,479.0,475.5,1.9935465226000815,9121.3,1.0
ablation,watts_strogatz,500,15,dominating,0.5,none,CARE-DS,10,457.7,459.0,0.9493911733999993,2419.4,1.0
ablation,watts_strogatz,500,15,dominating,0.5,none,CARE-noreserve,10,446.3,446.5,0.8957272547998401,2290.2,1.0
ablation,watts_strogatz,500,15,dominating,0.5,none,CARE-noswitch,10,450.8,449.0,1.781226631499976,7618.6,1.0
ablation,watts_strogatz,500,25,connected,0.1,none,CARE-DS,10,664.5,667.5,9.161730561600052,5840.8,1.0
ablation,watts_strogatz,500,25,connected,0.1,none,CARE-noreserve,10,654.5,652.0,11.004159471999992,6005.6,1.0
ablation,watts_strogatz,500,25,connected,0.1,none,CARE-noswitch,10,663.4,662.5,10.146720192099929,17292.2,1.0
ablation,watts_strogatz,500,25,connected,0.25,none,CARE-DS,10,641.2,642.5,8.718637997200313,4330.4,1.0
ablation,watts_strogatz,500,25,connected,0.25,none,CARE-noreserve,10,631.5,630.0,9.17250633600006,4008.3,1.0
ablation,watts_strogatz,500,25,connected,0.25,none,CARE-noswitch,10,639.8,641.0,10.219199434400071,14870.5,1.0
ablation,watts_strogatz,500,25,connected,0.5,none,CARE-DS,10,616.7,615.5,8.478608187199644,3817.6,1.0
ablation,watts_strogatz,500,25,connected,0.5,none,CARE-noreserve,10,600.2,600.5,8.214236319700102,3235.8,1.0
ablation,watts_strogatz,500,25,connected,0.5,none,CARE-noswitch,10,610.7,608.0,9.685308327200072,12208.6,1.0
ablation,watts_strogatz,500,25,dominating,0.1,none,CARE-DS,10,777.0,775.0,2.0488391800999124,5186.7,1.0
ablation,watts_strogatz,500,25,dominating,0.1,none,CARE-noreserve,10,766.9,774.0,1.8622469582999657,5354.7,1.0
ablation,watts_strogatz,500,25,dominating,0.1,none,CARE-noswitch,10,778.0,776.0,3.0760137399997802,14918.9,1.0
ablation,watts_strogatz,500,25,dominating,0.25,none,CARE-DS,10,765.2,759.0,1.5958792592999997,3688.8,1.0
ablation,watts_strogatz,500,25,dominating,0.25,none,CARE-noreserve,10,753.5,756.5,1.4050689396998677,3455.0,1.0
ablation,watts_strogatz,500,25,dominating,0.25,none,CARE-noswitch,10,752.7,752.5,2.916413736099912,12413.1,1.0
ablation,watts_strogatz,500,25,dominating,0.5,none,CARE-DS,10,745.8,743.5,1.4234501675999127,3223.4,1.0
ablation,watts_strogatz,500,25,dominating,0.5,none,CARE-noreserve,10,731.7,732.0,1.2852626893998604,2853.0,1.0
ablation,watts_strogatz,500,25,dominating,0.5,none,CARE-noswitch,10,726.2,734.0,2.6085596314002033,9783.6,1.0
ablation,watts_strogatz,500,35,connected,0.1,none,CARE-DS,10,947.4,944.0,16.061619754700224,6504.7,1.0
ablation,watts_strogatz,500,35,connected,0.1,none,CARE-noreserve,10,935.1,939.0,15.051435253200088,6640.2,1.0
ablation,watts_strogatz,500,35,connected,0.1,none,CARE-noswitch,10,941.5,950.0,15.890556768299756,17808.5,1.0
ablation,watts_strogatz,500,35,connected,0.25,none,CARE-DS,10,924.3,924.0,14.977326268600155,4690.1,1.0
ablation,watts_strogatz,500,35,connected,0.25,none,CARE-noreserve,10,897.9,901.5,13.387257739699725,4127.4,1.0
ablation,watts_strogatz,500,35,connected,0.25,none,CARE-noswitch,10,907.0,906.5,15.811905243499496,15621.8,1.0
ablation,watts_strogatz,500,35,connected,0.5,none,CARE-DS,10,885.1,882.5,13.081563825800185,3926.2,1.0
ablation,watts_strogatz,500,35,connected,0.5,none,CARE-noreserve,10,856.6,852.0,13.035159225599909,3387.3,1.0
ablation,watts_strogatz,500,35,connected,0.5,none,CARE-noswitch,10,864.0,870.5,14.89545131399991,12613.1,1.0
ablation,watts_strogatz,500,35,dominating,0.1,none,CARE-DS,10,1066.0,1067.0,2.6370504482997603,5599.9,1.0
ablation,watts_strogatz,500,35,dominating,0.1,none,CARE-noreserve,10,1054.6,1052.0,2.3040499174000617,6144.5,1.0
ablation,watts_strogatz,500,35,dominating,0.1,none,CARE-noswitch,10,1059.0,1061.5,3.6692702464997637,16972.5,1.0
ablation,watts_strogatz,500,35,dominating,0.25,none,CARE-DS,10,1041.6,1045.0,2.0914017242002045,3952.4,1.0
ablation,watts_strogatz,500,35,dominating,0.25,none,CARE-noreserve,10,1036.3,1035.5,1.849180507299934,3755.7,1.0
ablation,watts_strogatz,500,35,dominating,0.25,none,CARE-noswitch,10,1016.4,1014.5,3.616918250100116,15440.7,1.0
ablation,watts_strogatz,500,35,dominating,0.5,none,CARE-DS,10,1025.5,1022.5,1.7906577939998898,3284.7,1.0
ablation,watts_strogatz,500,35,dominating,0.5,none,CARE-noreserve,10,1001.4,1001.0,1.693738527000005,2885.8,1.0
ablation,watts_strogatz,500,35,dominating,0.5,none,CARE-noswitch,10,986.6,984.0,3.547352791399953,11577.2,1.0
