instance_id,instance_seed,topology,n,target_degree,actual_degree,run,mode,switch_cost,failure_scenario,energy_model,algorithm,lifetime,runtime_s,switches,activations,mean_set_size,valid
rgg-n100-d15-r001,3357533634,rgg,100,15,15.0,1,dominating,0.0001,none,radio,CARE-noreserve,125,0.03819572199995491,33,1250,10.0,True
rgg-n100-d15-r001,3357533634,rgg,100,15,15.0,1,dominating,0.0001,none,radio,CARE-noswitch,85,0.04264557399994828,358,891,10.48235294117647,True
rgg-n100-d15-r001,3357533634,rgg,100,15,15.0,1,connected,0.0001,none,radio,CARE-noreserve,733,0.19934900800001287,318,11630,15.866302864938609,True
rgg-n100-d15-r001,3357533634,rgg,100,15,15.0,1,connected,0.0001,none,radio,CARE-noswitch,736,0.3931633229999534,421,11844,16.092391304347824,True
rgg-n100-d15-r000,56696599,rgg,100,15,15.0,0,dominating,0.0001,none,radio,CARE-noreserve,235,0.10059090699996887,67,2350,10.0,True
rgg-n100-d15-r000,56696599,rgg,100,15,15.0,0,dominating,0.0001,none,radio,CARE-noswitch,200,0.0953759499999478,140,1878,9.39,True
rgg-n100-d15-r000,56696599,rgg,100,15,15.0,0,connected,0.0001,none,radio,CARE-noreserve,1074,0.3095266799999763,556,16509,15.371508379888269,True
rgg-n100-d15-r000,56696599,rgg,100,15,15.0,0,connected,0.0001,none,radio,CARE-noswitch,1047,0.6882611639999823,2300,15609,14.908309455587393,True
rgg-n100-d15-r002,2971814125,rgg,100,15,15.0,2,dominating,0.0001,none,radio,CARE-noreserve,290,0.09788052099997913,94,2726,9.4,True
rgg-n100-d15-r002,2971814125,rgg,100,15,15.0,2,dominating,0.0001,none,radio,CARE-noswitch,262,0.16086850900001082,798,2593,9.896946564885496,True
rgg-n100-d15-r002,2971814125,rgg,100,15,15.0,2,connected,0.0001,none,radio,CARE-noreserve,1074,0.3892212759999438,700,16990,15.819366852886406,True
rgg-n100-d15-r002,2971814125,rgg,100,15,15.0,2,connected,0.0001,none,radio,CARE-noswitch,1046,0.6234183419999226,6394,15868,15.17017208413002,True
rgg-n100-d15-r003,3330817321,rgg,100,15,15.0,3,dominating,0.0001,none,radio,CARE-noreserve,279,0.09702441800004635,92,2790,10.0,True
rgg-n100-d15-r003,3330817321,rgg,100,15,15.0,3,dominating,0.0001,none,radio,CARE-noswitch,281,0.1952252139999473,100,3080,10.96085409252669,True
rgg-n100-d15-r003,3330817321,rgg,100,15,15.0,3,connected,0.0001,none,radio,CARE-noreserve,1034,0.37836284599995906,570,18081,17.486460348162474,True
rgg-n100-d15-r003,3330817321,rgg,100,15,15.0,3,connected,0.0001,none,radio,CARE-noswitch,940,0.6538060499999574,5304,15707,16.709574468085105,True
rgg-n100-d15-r004,4007151703,rgg,100,15,15.0,4,dominating,0.0001,none,radio,CARE-noreserve,280,0.08203071800005546,111,2702,9.65,True
rgg-n100-d15-r004,4007151703,rgg,100,15,15.0,4,dominating,0.0001,none,radio,CARE-noswitch,257,0.19323137300000326,529,2542,9.891050583657588,True
rgg-n100-d15-r004,4007151703,rgg,100,15,15.0,4,connected,0.0001,none,radio,CARE-noreserve,691,0.2617698569999902,294,10719,15.512301013024603,True
rgg-n100-d15-r004,4007151703,rgg,100,15,15.0,4,connected,0.0001,none,radio,CARE-noswitch,790,0.6289767370000163,2349,12289,15.555696202531646,True
rgg-n100-d15-r005,3013816830,rgg,100,15,15.0,5,dominating,0.0001,none,radio,CARE-noreserve,195,0.05817283600003975,60,1942,9.95897435897436,True
rgg-n100-d15-r005,3013816830,rgg,100,15,15.0,5,dominating,0.0001,none,radio,CARE-noswitch,200,0.11953895399994963,128,2000,10.0,True
rgg-n100-d15-r005,3013816830,rgg,100,15,15.0,5,connected,0.0001,none,radio,CARE-noreserve,650,0.2893805979999797,265,9800,15.076923076923077,True
rgg-n100-d15-r005,3013816830,rgg,100,15,15.0,5,connected,0.0001,none,radio,CARE-noswitch,658,0.489231301000018,2154,9720,14.772036474164134,True
rgg-n100-d15-r007,4216660719,rgg,100,15,15.0,7,dominating,0.0001,none,radio,CARE-noreserve,116,0.03843056100004105,45,1261,10.870689655172415,True
rgg-n100-d15-r007,4216660719,rgg,100,15,15.0,7,dominating,0.0001,none,radio,CARE-noswitch,143,0.08885171100007483,303,1539,10.762237762237762,True
rgg-n100-d15-r007,4216660719,rgg,100,15,15.0,7,connected,0.0001,none,radio,CARE-noreserve,725,0.2903061249999155,295,11073,15.273103448275862,True
rgg-n100-d15-r007,4216660719,rgg,100,15,15.0,7,connected,0.0001,none,radio,CARE-noswitch,797,0.5586561459999757,1661,11926,14.963613550815559,True
rgg-n100-d15-r008,79670887,rgg,100,15,15.0,8,dominating,0.0001,none,radio,CARE-noreserve,163,0.038581499000088115,40,1732,10.625766871165645,True
rgg-n100-d15-r008,79670887,rgg,100,15,15.0,8,dominating,0.0001,none,radio,CARE-noswitch,197,0.09142092000001867,59,1973,10.01522842639594,True
rgg-n100-d15-r008,79670887,rgg,100,15,15.0,8,connected,0.0001,none,radio,CARE-noreserve,488,0.16226824099999249,223,7343,15.047131147540984,True
rgg-n100-d15-r008,79670887,rgg,100,15,15.0,8,connected,0.0001,none,radio,CARE-noswitch,522,0.3420040290000088,603,7901,15.136015325670497,True
rgg-n100-d15-r006,2413774308,rgg,100,15,15.0,6,dominating,0.0001,none,radio,CARE-noreserve,219,0.11407901699999456,52,2179,9.949771689497718,True
rgg-n100-d15-r006,2413774308,rgg,100,15,15.0,6,dominating,0.0001,none,radio,CARE-noswitch,142,0.14219447300001775,617,1380,9.71830985915493,True
rgg-n100-d15-r006,2413774308,rgg,100,15,15.0,6,connected,0.0001,none,radio,CARE-noreserve,921,0.463341196999977,564,15486,16.814332247557005,True
rgg-n100-d15-r006,2413774308,rgg,100,15,15.0,6,connected,0.0001,none,radio,CARE-noswitch,877,0.5870057390000056,2173,14385,16.402508551881414,True
rgg-n100-d15-r009,1965742141,rgg,100,15,15.0,9,dominating,0.0001,none,radio,CARE-noreserve,323,0.08775592300003154,97,3077,9.526315789473685,True
rgg-n100-d15-r009,1965742141,rgg,100,15,15.0,9,dominating,0.0001,none,radio,CARE-noswitch,206,0.12300445500000023,1133,2051,9.95631067961165,True
rgg-n100-d15-r009,1965742141,rgg,100,15,15.0,9,connected,0.0001,none,radio,CARE-noreserve,1054,0.31797713200001,531,15849,15.037001897533207,True
rgg-n100-d15-r009,1965742141,rgg,100,15,15.0,9,connected,0.0001,none,radio,CARE-noswitch,1030,0.6701815449999913,796,14915,14.480582524271844,True
rgg-n100-d25-r000,3144428161,rgg,100,25,25.0,0,dominating,0.0001,none,radio,CARE-noreserve,301,0.07233502799999769,74,1967,6.534883720930233,True
rgg-n100-d25-r000,3144428161,rgg,100,25,25.0,0,dominating,0.0001,none,radio,CARE-noswitch,219,0.11619870100003027,51,1333,6.0867579908675795,True
rgg-n100-d25-r000,3144428161,rgg,100,25,25.0,0,connected,0.0001,none,radio,CARE-noreserve,1693,0.5131620680000424,531,16464,9.724748966331955,True
rgg-n100-d25-r000,3144428161,rgg,100,25,25.0,0,connected,0.0001,none,radio,CARE-noswitch,1816,1.2713011849999702,3593,17695,9.743942731277533,True
rgg-n100-d25-r001,3133333103,rgg,100,25,25.0,1,dominating,0.0001,none,radio,CARE-noreserve,451,0.08169648599994161,94,2753,6.1042128603104215,True
rgg-n100-d25-r001,3133333103,rgg,100,25,25.0,1,dominating,0.0001,none,radio,CARE-noswitch,446,0.15743817700001728,70,2497,5.598654708520179,True
rgg-n100-d25-r001,3133333103,rgg,100,25,25.0,1,connected,0.0001,none,radio,CARE-noreserve,1632,0.5496685769999203,580,15641,9.583946078431373,True
rgg-n100-d25-r001,3133333103,rgg,100,25,25.0,1,connected,0.0001,none,radio,CARE-noswitch,1608,1.0351627159999452,2624,14788,9.196517412935323,True
rgg-n100-d25-r002,1138363794,rgg,100,25,25.0,2,dominating,0.0001,none,radio,CARE-noreserve,301,0.061769669999989674,61,1954,6.4916943521594686,True
rgg-n100-d25-r002,1138363794,rgg,100,25,25.0,2,dominating,0.0001,none,radio,CARE-noswitch,419,0.1715878759999896,562,2669,6.369928400954654,True
rgg-n100-d25-r002,1138363794,rgg,100,25,25.0,2,connected,0.0001,none,radio,CARE-noreserve,1498,0.6574947819999579,559,12979,8.664218958611482,True
rgg-n100-d25-r002,1138363794,rgg,100,25,25.0,2,connected,0.0001,none,radio,CARE-noswitch,1477,1.0140449699999863,5242,13041,8.829383886255924,True
rgg-n100-d25-r003,488556136,rgg,100,25,25.0,3,dominating,0.0001,none,radio,CARE-noreserve,605,0.1302195959999608,141,3852,6.36694214876033,True
rgg-n100-d25-r003,488556136,rgg,100,25,25.0,3,dominating,0.0001,none,radio,CARE-noswitch,472,0.16312165300007564,95,2982,6.317796610169491,True
rgg-n100-d25-r003,488556136,rgg,100,25,25.0,3,connected,0.0001,none,radio,CARE-noreserve,2017,0.7371942350000609,912,19963,9.897372335151214,True
rgg-n100-d25-r003,488556136,rgg,100,25,25.0,3,connected,0.0001,none,radio,CARE-noswitch,1872,1.0030501319999985,3994,17912,9.568376068376068,True
rgg-n100-d25-r006,3283591459,rgg,100,25,25.0,6,dominating,0.0001,none,radio,CARE-noreserve,238,0.07488334100003158,78,1723,7.239495798319328,True
rgg-n100-d25-r006,3283591459,rgg,100,25,25.0,6,dominating,0.0001,none,radio,CARE-noswitch,292,0.15109277499993823,866,2105,7.208904109589041,True
rgg-n100-d25-r006,3283591459,rgg,100,25,25.0,6,connected,0.0001,none,radio,CARE-noreserve,606,0.397031118999962,176,5926,9.778877887788779,True
rgg-n100-d25-r006,3283591459,rgg,100,25,25.0,6,connected,0.0001,none,radio,CARE-noswitch,593,0.4176805519999789,1717,6122,10.323777403035413,True
rgg-n100-d25-r004,3544514263,rgg,100,25,25.0,4,dominating,0.0001,none,radio,CARE-noreserve,386,0.0672544269999662,104,2587,6.7020725388601035,True
rgg-n100-d25-r004,3544514263,rgg,100,25,25.0,4,dominating,0.0001,none,radio,CARE-noswitch,295,0.14944576799996412,211,1967,6.667796610169492,True
rgg-n100-d25-r004,3544514263,rgg,100,25,25.0,4,connected,0.0001,none,radio,CARE-noreserve,1153,0.42378499099993405,361,11722,10.16652211621856,True
rgg-n100-d25-r004,3544514263,rgg,100,25,25.0,4,connected,0.0001,none,radio,CARE-noswitch,1190,0.8149412220000158,1823,12054,10.129411764705882,True
rgg-n100-d25-r005,286635313,rgg,100,25,25.0,5,dominating,0.0001,none,radio,CARE-noreserve,434,0.07730564300004517,112,2760,6.359447004608295,True
rgg-n100-d25-r005,286635313,rgg,100,25,25.0,5,dominating,0.0001,none,radio,CARE-noswitch,365,0.145141394999996,109,2363,6.473972602739726,True
rgg-n100-d25-r005,286635313,rgg,100,25,25.0,5,connected,0.0001,none,radio,CARE-noreserve,1578,0.5779206519999889,745,15536,9.845373891001268,True
rgg-n100-d25-r005,286635313,rgg,100,25,25.0,5,connected,0.0001,none,radio,CARE-noswitch,1587,1.13160183399998,3639,15621,9.843100189035917,True
rgg-n100-d25-r007,1801526907,rgg,100,25,25.0,7,dominating,0.0001,none,radio,CARE-noreserve,296,0.051567478000038136,63,1831,6.1858108108108105,True
rgg-n100-d25-r007,1801526907,rgg,100,25,25.0,7,dominating,0.0001,none,radio,CARE-noswitch,375,0.13802258900000197,375,2244,5.984,True
rgg-n100-d25-r007,1801526907,rgg,100,25,25.0,7,connected,0.0001,none,radio,CARE-noreserve,1518,0.4410729190000211,524,13423,8.842555994729908,True
rgg-n100-d25-r007,1801526907,rgg,100,25,25.0,7,connected,0.0001,none,radio,CARE-noswitch,1345,0.7568060529999912,3128,11640,8.654275092936803,True
rgg-n100-d25-r009,3265858190,rgg,100,25,25.0,9,dominating,0.0001,none,radio,CARE-noreserve,283,0.04938596699992104,57,1580,5.58303886925795,True
rgg-n100-d25-r009,3265858190,rgg,100,25,25.0,9,dominating,0.0001,none,radio,CARE-noswitch,301,0.14900183600002492,58,1642,5.45514950166113,True
rgg-n100-d25-r009,3265858190,rgg,100,25,25.0,9,connected,0.0001,none,radio,CARE-noreserve,1467,0.5831179279999787,623,14651,9.987048398091343,True
rgg-n100-d25-r009,3265858190,rgg,100,25,25.0,9,connected,0.0001,none,radio,CARE-noswitch,1347,0.9954291870000134,4617,12753,9.46770601336303,True
rgg-n100-d25-r008,1337570210,rgg,100,25,25.0,8,dominating,0.0001,none,radio,CARE-noreserve,345,0.05882872699999098,64,2099,6.084057971014492,True
rgg-n100-d25-r008,1337570210,rgg,100,25,25.0,8,dominating,0.0001,none,radio,CARE-noswitch,400,0.18399704700004804,1566,2176,5.44,True
rgg-n100-d25-r008,1337570210,rgg,100,25,25.0,8,connected,0.0001,none,radio,CARE-noreserve,1939,0.6269573350000428,870,18069,9.318720990201134,True
rgg-n100-d25-r008,1337570210,rgg,100,25,25.0,8,connected,0.0001,none,radio,CARE-noswitch,1825,1.152563502000021,8274,16756,9.181369863013698,True
rgg-n100-d35-r001,3919398251,rgg,100,35,35.0,1,dominating,0.0001,none,radio,CARE-noreserve,539,0.09107355799994821,110,2774,5.146567717996289,True
rgg-n100-d35-r001,3919398251,rgg,100,35,35.0,1,dominating,0.0001,none,radio,CARE-noswitch,408,0.1842574989999548,388,2140,5.245098039215686,True
rgg-n100-d35-r001,3919398251,rgg,100,35,35.0,1,connected,0.0001,none,radio,CARE-noreserve,1008,0.5632225889999063,256,6998,6.942460317460317,True
rgg-n100-d35-r001,3919398251,rgg,100,35,35.0,1,connected,0.0001,none,radio,CARE-noswitch,1227,0.9885961899999529,582,8236,6.712306438467808,True
rgg-n100-d35-r000,2374225988,rgg,100,35,35.0,0,dominating,0.0001,none,radio,CARE-noreserve,361,0.0687176989999898,75,1626,4.50415512465374,True
rgg-n100-d35-r000,2374225988,rgg,100,35,35.0,0,dominating,0.0001,none,radio,CARE-noswitch,390,0.23078523300000597,327,1748,4.482051282051282,True
rgg-n100-d35-r000,2374225988,rgg,100,35,35.0,0,connected,0.0001,none,radio,CARE-noreserve,2227,0.87167394100004,767,15706,7.0525370453524925,True
rgg-n100-d35-r000,2374225988,rgg,100,35,35.0,0,connected,0.0001,none,radio,CARE-noswitch,2090,1.3593070470000157,6540,14143,6.766985645933015,True
rgg-n100-d35-r003,3343172191,rgg,100,35,35.0,3,dominating,0.0001,none,radio,CARE-noreserve,347,0.07822193099991637,86,1807,5.207492795389049,True
rgg-n100-d35-r003,3343172191,rgg,100,35,35.0,3,dominating,0.0001,none,radio,CARE-noswitch,281,0.09795005899991338,40,1449,5.156583629893238,True
rgg-n100-d35-r003,3343172191,rgg,100,35,35.0,3,connected,0.0001,none,radio,CARE-noreserve,1670,0.7165630839999722,404,11723,7.019760479041916,True
rgg-n100-d35-r003,3343172191,rgg,100,35,35.0,3,connected,0.0001,none,radio,CARE-noswitch,1675,1.2945533010000645,4004,11333,6.765970149253731,True
rgg-n100-d35-r002,923233946,rgg,100,35,35.0,2,dominating,0.0001,none,radio,CARE-noreserve,370,0.1011185930000238,48,1697,4.5864864864864865,True
rgg-n100-d35-r002,923233946,rgg,100,35,35.0,2,dominating,0.0001,none,radio,CARE-noswitch,600,0.27398331799997777,75,2788,4.6466666666666665,True
rgg-n100-d35-r002,923233946,rgg,100,35,35.0,2,connected,0.0001,none,radio,CARE-noreserve,2510,0.9342810100000634,763,16901,6.733466135458167,True
rgg-n100-d35-r002,923233946,rgg,100,35,35.0,2,connected,0.0001,none,radio,CARE-noswitch,2422,1.6191646260000425,3852,15704,6.483897605284889,True
rgg-n100-d35-r004,4041180595,rgg,100,35,35.0,4,dominating,0.0001,none,radio,CARE-noreserve,379,0.06287357099995461,75,2018,5.324538258575198,True
rgg-n100-d35-r004,4041180595,rgg,100,35,35.0,4,dominating,0.0001,none,radio,CARE-noswitch,457,0.19251139400000739,521,2346,5.133479212253829,True
rgg-n100-d35-r004,4041180595,rgg,100,35,35.0,4,connected,0.0001,none,radio,CARE-noreserve,2129,0.7800936600000341,576,16278,7.645843118835134,True
rgg-n100-d35-r004,4041180595,rgg,100,35,35.0,4,connected,0.0001,none,radio,CARE-noswitch,2233,1.5890290520000008,2042,17043,7.632333184057322,True
rgg-n100-d35-r005,269727472,rgg,100,35,35.0,5,dominating,0.0001,none,radio,CARE-noreserve,482,0.08381487400004062,101,2513,5.213692946058091,True
rgg-n100-d35-r005,269727472,rgg,100,35,35.0,5,dominating,0.0001,none,radio,CARE-noswitch,478,0.1996515419999696,308,2311,4.834728033472803,True
rgg-n100-d35-r005,269727472,rgg,100,35,35.0,5,connected,0.0001,none,radio,CARE-noreserve,2333,0.7733532790000481,771,17604,7.54564937848264,True
rgg-n100-d35-r005,269727472,rgg,100,35,35.0,5,connected,0.0001,none,radio,CARE-noswitch,2345,1.5419284559999369,4072,16937,7.222601279317697,True
rgg-n100-d35-r006,2773257783,rgg,100,35,35.0,6,dominating,0.0001,none,radio,CARE-noreserve,223,0.05420467399994777,41,1111,4.982062780269058,True
rgg-n100-d35-r006,2773257783,rgg,100,35,35.0,6,dominating,0.0001,none,radio,CARE-noswitch,300,0.16062181799998143,269,1429,4.763333333333334,True
rgg-n100-d35-r006,2773257783,rgg,100,35,35.0,6,connected,0.0001,none,radio,CARE-noreserve,1895,0.6200382629999694,540,14042,7.410026385224274,True
rgg-n100-d35-r006,2773257783,rgg,100,35,35.0,6,connected,0.0001,none,radio,CARE-noswitch,1738,1.1852897670000857,803,12214,7.027617951668584,True
rgg-n100-d35-r007,4087207641,rgg,100,35,35.0,7,dominating,0.0001,none,radio,CARE-noreserve,663,0.12181287600003543,126,3115,4.698340874811463,True
rgg-n100-d35-r007,4087207641,rgg,100,35,35.0,7,dominating,0.0001,none,radio,CARE-noswitch,402,0.2254771499999606,77,1891,4.703980099502488,True
rgg-n100-d35-r007,4087207641,rgg,100,35,35.0,7,connected,0.0001,none,radio,CARE-noreserve,2267,0.8544078660000878,600,14914,6.578738420820468,True
rgg-n100-d35-r007,4087207641,rgg,100,35,35.0,7,connected,0.0001,none,radio,CARE-noswitch,2296,1.5042959479999354,3732,14992,6.529616724738676,True
rgg-n100-d35-r008,374426127,rgg,100,35,35.0,8,dominating,0.0001,none,radio,CARE-noreserve,477,0.13057821699999295,114,2627,5.5073375262054505,True
rgg-n100-d35-r008,374426127,rgg,100,35,35.0,8,dominating,0.0001,none,radio,CARE-noswitch,322,0.13014580700007627,330,1686,5.236024844720497,True
rgg-n100-d35-r008,374426127,rgg,100,35,35.0,8,connected,0.0001,none,radio,CARE-noreserve,2020,0.7072706659999994,569,14572,7.213861386138614,True
rgg-n100-d35-r008,374426127,rgg,100,35,35.0,8,connected,0.0001,none,radio,CARE-noswitch,2216,1.5165429410000115,1442,15567,7.024819494584838,True
rgg-n250-d15-r000,143369941,rgg,250,15,15.0,0,dominating,0.0001,none,radio,CARE-noreserve,199,0.15229917699991802,170,5187,26.065326633165828,True
rgg-n250-d15-r000,143369941,rgg,250,15,15.0,0,dominating,0.0001,none,radio,CARE-noswitch,183,0.1944349670000065,142,4920,26.885245901639344,True
rgg-n250-d15-r000,143369941,rgg,250,15,15.0,0,connected,0.0001,none,radio,CARE-noreserve,486,0.7520408980000184,451,20290,41.748971193415635,True
rgg-n250-d15-r000,143369941,rgg,250,15,15.0,0,connected,0.0001,none,radio,CARE-noswitch,477,0.9030017729999145,2374,19022,39.878406708595385,True
rgg-n100-d35-r009,3627721664,rgg,100,35,35.0,9,dominating,0.0001,none,radio,CARE-noreserve,193,0.04075885500003551,24,914,4.7357512953367875,True
rgg-n100-d35-r009,3627721664,rgg,100,35,35.0,9,dominating,0.0001,none,radio,CARE-noswitch,471,0.1684244520000675,414,2208,4.687898089171974,True
rgg-n100-d35-r009,3627721664,rgg,100,35,35.0,9,connected,0.0001,none,radio,CARE-noreserve,1834,0.7614797129999715,503,12720,6.935659760087241,True
rgg-n100-d35-r009,3627721664,rgg,100,35,35.0,9,connected,0.0001,none,radio,CARE-noswitch,2063,1.4445177860000058,2335,14257,6.910809500727097,True
rgg-n250-d15-r001,2550401368,rgg,250,15,15.0,1,dominating,0.0001,none,radio,CARE-noreserve,235,0.19002458599993588,214,5755,24.48936170212766,True
rgg-n250-d15-r001,2550401368,rgg,250,15,15.0,1,dominating,0.0001,none,radio,CARE-noswitch,137,0.23844376399995326,187,3414,24.919708029197082,True
rgg-n250-d15-r001,2550401368,rgg,250,15,15.0,1,connected,0.0001,none,radio,CARE-noreserve,1025,2.002008309999951,1465,41902,40.88,True
rgg-n250-d15-r001,2550401368,rgg,250,15,15.0,1,connected,0.0001,none,radio,CARE-noswitch,1067,2.667392872999926,8730,41835,39.20805998125586,True
rgg-n250-d15-r004,1125478041,rgg,250,15,15.0,4,dominating,0.0001,none,radio,CARE-noreserve,247,0.2280922620000183,227,6564,26.574898785425102,True
rgg-n250-d15-r004,1125478041,rgg,250,15,15.0,4,dominating,0.0001,none,radio,CARE-noswitch,99,0.21071578199996566,86,2474,24.98989898989899,True
rgg-n250-d15-r004,1125478041,rgg,250,15,15.0,4,connected,0.0001,none,radio,CARE-noreserve,958,2.0528032700000267,1249,38714,40.41127348643006,True
rgg-n250-d15-r004,1125478041,rgg,250,15,15.0,4,connected,0.0001,none,radio,CARE-noswitch,925,2.5126116090000323,10865,35789,38.69081081081081,True
rgg-n250-d15-r002,1797352096,rgg,250,15,15.0,2,dominating,0.0001,none,radio,CARE-noreserve,265,0.2031945749999977,201,6807,25.68679245283019,True
rgg-n250-d15-r002,1797352096,rgg,250,15,15.0,2,dominating,0.0001,none,radio,CARE-noswitch,244,0.3242965819999881,993,6281,25.741803278688526,True
rgg-n250-d15-r002,1797352096,rgg,250,15,15.0,2,connected,0.0001,none,radio,CARE-noreserve,1152,2.0292141109999875,1846,48145,41.79253472222222,True
rgg-n250-d15-r002,1797352096,rgg,250,15,15.0,2,connected,0.0001,none,radio,CARE-noswitch,1142,2.9338759579999305,10597,46396,40.62697022767075,True
rgg-n250-d15-r003,3068920006,rgg,250,15,15.0,3,dominating,0.0001,none,radio,CARE-noreserve,187,0.20054302299990923,145,4719,25.235294117647058,True
rgg-n250-d15-r003,3068920006,rgg,250,15,15.0,3,dominating,0.0001,none,radio,CARE-noswitch,171,0.315348972000038,171,4230,24.736842105263158,True
rgg-n250-d15-r003,3068920006,rgg,250,15,15.0,3,connected,0.0001,none,radio,CARE-noreserve,1252,3.246543997999993,2039,50133,40.04233226837061,True
rgg-n250-d15-r003,3068920006,rgg,250,15,15.0,3,connected,0.0001,none,radio,CARE-noswitch,1191,2.8410913459999847,6185,47213,39.64147774979009,True
rgg-n250-d15-r005,3388211772,rgg,250,15,15.0,5,dominating,0.0001,none,radio,CARE-noreserve,187,0.14476941700002044,200,4877,26.080213903743317,True
rgg-n250-d15-r005,3388211772,rgg,250,15,15.0,5,dominating,0.0001,none,radio,CARE-noswitch,191,0.34507041999995636,2363,5030,26.335078534031414,True
rgg-n250-d15-r005,3388211772,rgg,250,15,15.0,5,connected,0.0001,none,radio,CARE-noreserve,670,1.1611677280000094,778,27872,41.6,True
rgg-n250-d15-r005,3388211772,rgg,250,15,15.0,5,connected,0.0001,none,radio,CARE-noswitch,648,1.5297385420000182,9610,25398,39.19444444444444,True
rgg-n250-d15-r007,2246259752,rgg,250,15,15.0,7,dominating,0.0001,none,radio,CARE-noreserve,169,0.15182728100000986,124,4511,26.692307692307693,True
rgg-n250-d15-r007,2246259752,rgg,250,15,15.0,7,dominating,0.0001,none,radio,CARE-noswitch,171,0.40164513299998816,180,4502,26.327485380116958,True
rgg-n250-d15-r007,2246259752,rgg,250,15,15.0,7,connected,0.0001,none,radio,CARE-noreserve,369,0.874431641000001,287,14673,39.764227642276424,True
rgg-n250-d15-r007,2246259752,rgg,250,15,15.0,7,connected,0.0001,none,radio,CARE-noswitch,403,1.3041796579999527,2724,15810,39.23076923076923,True
rgg-n250-d15-r008,2427340457,rgg,250,15,15.0,8,dominating,0.0001,none,radio,CARE-noreserve,145,0.17254663699998218,62,4060,28.0,True
rgg-n250-d15-r008,2427340457,rgg,250,15,15.0,8,dominating,0.0001,none,radio,CARE-noswitch,145,0.2990013110000973,751,3726,25.69655172413793,True
rgg-n250-d15-r008,2427340457,rgg,250,15,15.0,8,connected,0.0001,none,radio,CARE-noreserve,701,1.3491286900000432,697,30562,43.59771754636234,True
rgg-n250-d15-r008,2427340457,rgg,250,15,15.0,8,connected,0.0001,none,radio,CARE-noswitch,882,1.66302139000004,3241,35836,40.63038548752834,True
rgg-n250-d15-r006,3629176641,rgg,250,15,15.0,6,dominating,0.0001,none,radio,CARE-noreserve,246,0.343314509000038,223,6712,27.284552845528456,True
rgg-n250-d15-r006,3629176641,rgg,250,15,15.0,6,dominating,0.0001,none,radio,CARE-noswitch,198,0.308005210000033,217,5743,29.005050505050505,True
rgg-n250-d15-r006,3629176641,rgg,250,15,15.0,6,connected,0.0001,none,radio,CARE-noreserve,932,1.8105585920000067,1020,39951,42.86587982832618,True
rgg-n250-d15-r006,3629176641,rgg,250,15,15.0,6,connected,0.0001,none,radio,CARE-noswitch,917,2.9065523289999646,11233,38165,41.61941112322792,True
rgg-n250-d15-r009,976547706,rgg,250,15,15.0,9,dominating,0.0001,none,radio,CARE-noreserve,313,0.2115876789999902,220,7880,25.175718849840255,True
rgg-n250-d15-r009,976547706,rgg,250,15,15.0,9,dominating,0.0001,none,radio,CARE-noswitch,269,0.3169562909999968,3285,6597,24.524163568773233,True
rgg-n250-d15-r009,976547706,rgg,250,15,15.0,9,connected,0.0001,none,radio,CARE-noreserve,864,1.7921736839999767,1136,35220,40.763888888888886,True
rgg-n250-d15-r009,976547706,rgg,250,15,15.0,9,connected,0.0001,none,radio,CARE-noswitch,903,2.711883182999941,21304,36006,39.87375415282392,True
rgg-n250-d25-r000,75661331,rgg,250,25,25.0,0,dominating,0.0001,none,radio,CARE-noreserve,289,0.20532088800007386,165,4848,16.775086505190313,True
rgg-n250-d25-r000,75661331,rgg,250,25,25.0,0,dominating,0.0001,none,radio,CARE-noswitch,244,0.4657714259999466,174,3931,16.110655737704917,True
rgg-n250-d25-r000,75661331,rgg,250,25,25.0,0,connected,0.0001,none,radio,CARE-noreserve,2018,4.515083176999951,2530,50988,25.266600594648168,True
rgg-n250-d25-r000,75661331,rgg,250,25,25.0,0,connected,0.0001,none,radio,CARE-noswitch,1961,4.208689031000063,15706,47657,24.302396736359,True
rgg-n250-d25-r001,2940655406,rgg,250,25,25.0,1,dominating,0.0001,none,radio,CARE-noreserve,189,0.10334476299999551,109,3126,16.53968253968254,True
rgg-n250-d25-r001,2940655406,rgg,250,25,25.0,1,dominating,0.0001,none,radio,CARE-noswitch,245,0.2796186560000251,127,3889,15.873469387755103,True
rgg-n250-d25-r001,2940655406,rgg,250,25,25.0,1,connected,0.0001,none,radio,CARE-noreserve,2076,3.7300908450000634,2037,52382,25.23217726396917,True
rgg-n250-d25-r001,2940655406,rgg,250,25,25.0,1,connected,0.0001,none,radio,CARE-noswitch,2117,4.115768420999984,12370,52191,24.653282947567313,True
rgg-n250-d25-r003,2519040470,rgg,250,25,25.0,3,dominating,0.0001,none,radio,CARE-noreserve,290,0.24857459600002585,201,4900,16.896551724137932,True
rgg-n250-d25-r003,2519040470,rgg,250,25,25.0,3,dominating,0.0001,none,radio,CARE-noswitch,257,0.32035218199996507,122,4365,16.98443579766537,True
rgg-n250-d25-r003,2519040470,rgg,250,25,25.0,3,connected,0.0001,none,radio,CARE-noreserve,1558,2.942641637000065,1274,39135,25.118741976893453,True
rgg-n250-d25-r003,2519040470,rgg,250,25,25.0,3,connected,0.0001,none,radio,CARE-noswitch,1421,3.269955330000016,5522,33887,23.84729064039409,True
rgg-n250-d25-r002,1953597113,rgg,250,25,25.0,2,dominating,0.0001,none,radio,CARE-noreserve,433,0.24864677499999743,278,7375,17.032332563510394,True
rgg-n250-d25-r002,1953597113,rgg,250,25,25.0,2,dominating,0.0001,none,radio,CARE-noswitch,191,0.19467355400001907,74,3121,16.340314136125656,True
rgg-n250-d25-r002,1953597113,rgg,250,25,25.0,2,connected,0.0001,none,radio,CARE-noreserve,2200,4.27017070799991,2309,56701,25.77318181818182,True
rgg-n250-d25-r002,1953597113,rgg,250,25,25.0,2,connected,0.0001,none,radio,CARE-noswitch,2208,4.792508318000046,22281,54509,24.687047101449274,True
rgg-n250-d25-r004,989134908,rgg,250,25,25.0,4,dominating,0.0001,none,radio,CARE-noreserve,408,0.33826828799999475,289,6903,16.919117647058822,True
rgg-n250-d25-r004,989134908,rgg,250,25,25.0,4,dominating,0.0001,none,radio,CARE-noswitch,400,0.36327726100000746,198,6597,16.4925,True
rgg-n250-d25-r004,989134908,rgg,250,25,25.0,4,connected,0.0001,none,radio,CARE-noreserve,2131,3.309770753000066,2380,54675,25.6569685593618,True
rgg-n250-d25-r004,989134908,rgg,250,25,25.0,4,connected,0.0001,none,radio,CARE-noswitch,2097,4.075647432999972,17380,51891,24.745350500715308,True
rgg-n250-d25-r005,1223332168,rgg,250,25,25.0,5,dominating,0.0001,none,radio,CARE-noreserve,253,0.17904701300005854,113,4208,16.632411067193676,True
rgg-n250-d25-r005,1223332168,rgg,250,25,25.0,5,dominating,0.0001,none,radio,CARE-noswitch,256,0.31648365099999864,662,4324,16.890625,True
rgg-n250-d25-r005,1223332168,rgg,250,25,25.0,5,connected,0.0001,none,radio,CARE-noreserve,1971,2.7310124240000277,2363,51380,26.06798579401319,True
rgg-n250-d25-r005,1223332168,rgg,250,25,25.0,5,connected,0.0001,none,radio,CARE-noswitch,1985,4.657123619000004,17132,49925,25.151133501259444,True
rgg-n250-d25-r006,3678692509,rgg,250,25,25.0,6,dominating,0.0001,none,radio,CARE-noreserve,429,0.42030908599997474,290,7046,16.424242424242426,True
rgg-n250-d25-r006,3678692509,rgg,250,25,25.0,6,dominating,0.0001,none,radio,CARE-noswitch,360,0.5496351320000485,358,5850,16.25,True
rgg-n250-d25-r006,3678692509,rgg,250,25,25.0,6,connected,0.0001,none,radio,CARE-noreserve,1513,3.0359584949999316,1290,37543,24.81361533377396,True
rgg-n250-d25-r006,3678692509,rgg,250,25,25.0,6,connected,0.0001,none,radio,CARE-noswitch,1652,3.7442640409999512,7908,40323,24.40859564164649,True
rgg-n250-d25-r007,3021294213,rgg,250,25,25.0,7,dominating,0.0001,none,radio,CARE-noreserve,222,0.1770108570000275,122,3558,16.027027027027028,True
rgg-n250-d25-r007,3021294213,rgg,250,25,25.0,7,dominating,0.0001,none,radio,CARE-noswitch,237,0.33912565000002814,150,3945,16.645569620253166,True
rgg-n250-d25-r007,3021294213,rgg,250,25,25.0,7,connected,0.0001,none,radio,CARE-noreserve,2023,2.9126351119999754,2075,50933,25.176964903608503,True
rgg-n250-d25-r007,3021294213,rgg,250,25,25.0,7,connected,0.0001,none,radio,CARE-noswitch,1940,4.266286304000005,14054,47709,24.592268041237112,True
rgg-n250-d25-r009,232640042,rgg,250,25,25.0,9,dominating,0.0001,none,radio,CARE-noreserve,226,0.16895079400001123,128,3775,16.70353982300885,True
rgg-n250-d25-r009,232640042,rgg,250,25,25.0,9,dominating,0.0001,none,radio,CARE-noswitch,215,0.27617723000003025,293,3615,16.813953488372093,True
rgg-n250-d25-r009,232640042,rgg,250,25,25.0,9,connected,0.0001,none,radio,CARE-noreserve,1771,3.090661475999923,1471,43460,24.53980801806889,True
rgg-n250-d25-r009,232640042,rgg,250,25,25.0,9,connected,0.0001,none,radio,CARE-noswitch,1752,4.167379036999932,14918,42997,24.541666666666668,True
rgg-n250-d25-r008,859851415,rgg,250,25,25.0,8,dominating,0.0001,none,radio,CARE-noreserve,397,0.24692212600007224,226,6470,16.297229219143578,True
rgg-n250-d25-r008,859851415,rgg,250,25,25.0,8,dominating,0.0001,none,radio,CARE-noswitch,253,0.2835858979999557,822,4221,16.68379446640316,True
rgg-n250-d25-r008,859851415,rgg,250,25,25.0,8,connected,0.0001,none,radio,CARE-noreserve,2088,3.7994345670000484,2703,54853,26.2705938697318,True
rgg-n250-d25-r008,859851415,rgg,250,25,25.0,8,connected,0.0001,none,radio,CARE-noswitch,2004,4.51601795800002,12684,50542,25.22055888223553,True
rgg-n250-d35-r000,1578380316,rgg,250,35,35.0,0,dominating,0.0001,none,radio,CARE-noreserve,290,0.2609525410000515,107,3588,12.372413793103448,True
rgg-n250-d35-r000,1578380316,rgg,250,35,35.0,0,dominating,0.0001,none,radio,CARE-noswitch,181,0.2478071360000058,97,2274,12.56353591160221,True
rgg-n250-d35-r000,1578380316,rgg,250,35,35.0,0,connected,0.0001,none,radio,CARE-noreserve,2034,4.020752004999963,1350,37760,18.56440511307768,True
rgg-n250-d35-r000,1578380316,rgg,250,35,35.0,0,connected,0.0001,none,radio,CARE-noswitch,2191,5.90736829399998,5234,39099,17.845276129621176,True
rgg-n250-d35-r001,1513737945,rgg,250,35,35.0,1,dominating,0.0001,none,radio,CARE-noreserve,596,0.37764530799995555,322,7449,12.498322147651006,True
rgg-n250-d35-r001,1513737945,rgg,250,35,35.0,1,dominating,0.0001,none,radio,CARE-noswitch,385,0.5943376609999405,129,4779,12.412987012987013,True
rgg-n250-d35-r001,1513737945,rgg,250,35,35.0,1,connected,0.0001,none,radio,CARE-noreserve,2470,3.914205982999988,1597,44771,18.12591093117409,True
rgg-n250-d35-r001,1513737945,rgg,250,35,35.0,1,connected,0.0001,none,radio,CARE-noswitch,2671,6.526885085999993,10630,47730,17.869711718457506,True
rgg-n250-d35-r003,2985365169,rgg,250,35,35.0,3,dominating,0.0001,none,radio,CARE-noreserve,447,0.34030210100002023,259,5636,12.608501118568233,True
rgg-n250-d35-r003,2985365169,rgg,250,35,35.0,3,dominating,0.0001,none,radio,CARE-noswitch,400,0.5117962839999564,266,5022,12.555,True
rgg-n250-d35-r003,2985365169,rgg,250,35,35.0,3,connected,0.0001,none,radio,CARE-noreserve,2254,3.8271873200000073,1608,42792,18.9849157054126,True
rgg-n250-d35-r003,2985365169,rgg,250,35,35.0,3,connected,0.0001,none,radio,CARE-noswitch,2147,5.306997284999966,8581,38974,18.15277130880298,True
rgg-n250-d35-r002,983468484,rgg,250,35,35.0,2,dominating,0.0001,none,radio,CARE-noreserve,511,0.3208782419999352,266,6828,13.362035225048924,True
rgg-n250-d35-r002,983468484,rgg,250,35,35.0,2,dominating,0.0001,none,radio,CARE-noswitch,380,0.5946949490000861,207,4754,12.510526315789473,True
rgg-n250-d35-r002,983468484,rgg,250,35,35.0,2,connected,0.0001,none,radio,CARE-noreserve,2493,5.054944341999999,1980,48579,19.48616125150421,True
rgg-n250-d35-r002,983468484,rgg,250,35,35.0,2,connected,0.0001,none,radio,CARE-noswitch,2560,5.87916509899992,7702,48222,18.83671875,True
rgg-n250-d35-r005,645313657,rgg,250,35,35.0,5,dominating,0.0001,none,radio,CARE-noreserve,374,0.1575074959999938,175,4384,11.72192513368984,True
rgg-n250-d35-r005,645313657,rgg,250,35,35.0,5,dominating,0.0001,none,radio,CARE-noswitch,500,0.5476175290000356,189,5487,10.974,True
rgg-n250-d35-r005,645313657,rgg,250,35,35.0,5,connected,0.0001,none,radio,CARE-noreserve,2840,4.333725866999998,2508,50751,17.87007042253521,True
rgg-n250-d35-r005,645313657,rgg,250,35,35.0,5,connected,0.0001,none,radio,CARE-noswitch,2741,6.367492324999944,17098,46803,17.075155052900403,True
rgg-n250-d35-r004,1614716617,rgg,250,35,35.0,4,dominating,0.0001,none,radio,CARE-noreserve,628,0.31637581799998316,309,7263,11.565286624203821,True
rgg-n250-d35-r004,1614716617,rgg,250,35,35.0,4,dominating,0.0001,none,radio,CARE-noswitch,500,0.5664013030000206,198,5663,11.326,True
rgg-n250-d35-r004,1614716617,rgg,250,35,35.0,4,connected,0.0001,none,radio,CARE-noreserve,3268,5.926379471000018,3114,58742,17.974908200734394,True
rgg-n250-d35-r004,1614716617,rgg,250,35,35.0,4,connected,0.0001,none,radio,CARE-noswitch,3224,7.7448034940000525,14678,56034,17.3802729528536,True
rgg-n250-d35-r006,562260233,rgg,250,35,35.0,6,dominating,0.0001,none,radio,CARE-noreserve,258,0.1686143939999738,122,3159,12.244186046511627,True
rgg-n250-d35-r006,562260233,rgg,250,35,35.0,6,dominating,0.0001,none,radio,CARE-noswitch,311,0.3550387599999567,215,3896,12.52733118971061,True
rgg-n250-d35-r006,562260233,rgg,250,35,35.0,6,connected,0.0001,none,radio,CARE-noreserve,1728,3.076469814999996,998,30512,17.65740740740741,True
rgg-n250-d35-r006,562260233,rgg,250,35,35.0,6,connected,0.0001,none,radio,CARE-noswitch,1854,4.488821615000006,3273,33037,17.819309600862997,True
rgg-n250-d35-r007,2264077253,rgg,250,35,35.0,7,dominating,0.0001,none,radio,CARE-noreserve,420,0.3077221549999649,205,4999,11.902380952380952,True
rgg-n250-d35-r007,2264077253,rgg,250,35,35.0,7,dominating,0.0001,none,radio,CARE-noswitch,386,0.4162363500000765,283,4618,11.963730569948186,True
rgg-n250-d35-r007,2264077253,rgg,250,35,35.0,7,connected,0.0001,none,radio,CARE-noreserve,3073,5.412794387999952,2618,56017,18.22876667751383,True
rgg-n250-d35-r007,2264077253,rgg,250,35,35.0,7,connected,0.0001,none,radio,CARE-noswitch,3103,7.116354021999996,12965,55149,17.772800515630035,True
rgg-n250-d35-r008,2709928427,rgg,250,35,35.0,8,dominating,0.0001,none,radio,CARE-noreserve,298,0.15929029100004755,148,3573,11.98993288590604,True
rgg-n250-d35-r008,2709928427,rgg,250,35,35.0,8,dominating,0.0001,none,radio,CARE-noswitch,362,0.4325851199999988,1903,4382,12.104972375690608,True
rgg-n250-d35-r008,2709928427,rgg,250,35,35.0,8,connected,0.0001,none,radio,CARE-noreserve,3008,4.797042195000017,2659,55777,18.54288563829787,True
rgg-n250-d35-r008,2709928427,rgg,250,35,35.0,8,connected,0.0001,none,radio,CARE-noswitch,2865,7.419624259999978,23988,51029,17.811169284467713,True
rgg-n250-d35-r009,2918331779,rgg,250,35,35.0,9,dominating,0.0001,none,radio,CARE-noreserve,501,0.3300062499999967,247,6161,12.297405189620758,True
rgg-n250-d35-r009,2918331779,rgg,250,35,35.0,9,dominating,0.0001,none,radio,CARE-noswitch,429,0.5306725920000872,131,5329,12.421911421911421,True
rgg-n250-d35-r009,2918331779,rgg,250,35,35.0,9,connected,0.0001,none,radio,CARE-noreserve,2865,4.309816478000016,2232,52967,18.48760907504363,True
rgg-n250-d35-r009,2918331779,rgg,250,35,35.0,9,connected,0.0001,none,radio,CARE-noswitch,2933,7.159837340999957,14821,51918,17.701329696556428,True
rgg-n500-d15-r000,779922217,rgg,500,15,15.0,0,dominating,0.0001,none,radio,CARE-noreserve,170,0.45408469600010903,268,8516,50.09411764705882,True
rgg-n500-d15-r000,779922217,rgg,500,15,15.0,0,dominating,0.0001,none,radio,CARE-noswitch,184,0.5051200959999278,2683,8867,48.19021739130435,True
rgg-n500-d15-r000,779922217,rgg,500,15,15.0,0,connected,0.0001,none,radio,CARE-noreserve,699,4.087090979999971,1520,55929,80.01287553648069,True
rgg-n500-d15-r000,779922217,rgg,500,15,15.0,0,connected,0.0001,none,radio,CARE-noswitch,725,7.971547403000045,14068,56786,78.32551724137932,True
rgg-n500-d15-r004,3826156678,rgg,500,15,15.0,4,dominating,0.0001,none,radio,CARE-noreserve,178,0.47058395699991706,206,8861,49.78089887640449,True
rgg-n500-d15-r004,3826156678,rgg,500,15,15.0,4,dominating,0.0001,none,radio,CARE-noswitch,169,0.584866580000039,5432,8540,50.532544378698226,True
rgg-n500-d15-r004,3826156678,rgg,500,15,15.0,4,connected,0.0001,none,radio,CARE-noreserve,480,4.210865424999952,893,36988,77.05833333333334,True
rgg-n500-d15-r004,3826156678,rgg,500,15,15.0,4,connected,0.0001,none,radio,CARE-noswitch,482,4.787879405000012,13077,36602,75.93775933609959,True
rgg-n500-d15-r001,2588939200,rgg,500,15,15.0,1,dominating,0.0001,none,radio,CARE-noreserve,217,0.6185445239999581,303,10784,49.69585253456221,True
rgg-n500-d15-r001,2588939200,rgg,500,15,15.0,1,dominating,0.0001,none,radio,CARE-noswitch,164,0.5954417330000297,4084,8205,50.03048780487805,True
rgg-n500-d15-r001,2588939200,rgg,500,15,15.0,1,connected,0.0001,none,radio,CARE-noreserve,914,7.953743589000055,2319,74909,81.95733041575492,True
rgg-n500-d15-r001,2588939200,rgg,500,15,15.0,1,connected,0.0001,none,radio,CARE-noswitch,939,9.168313897000075,15549,75069,79.94568690095846,True
rgg-n500-d15-r003,932988435,rgg,500,15,15.0,3,dominating,0.0001,none,radio,CARE-noreserve,207,0.8245804229999294,520,9801,47.34782608695652,True
rgg-n500-d15-r003,932988435,rgg,500,15,15.0,3,dominating,0.0001,none,radio,CARE-noswitch,185,0.5087778669999352,5610,9412,50.87567567567567,True
rgg-n500-d15-r003,932988435,rgg,500,15,15.0,3,connected,0.0001,none,radio,CARE-noreserve,1062,6.223445661000028,2934,88189,83.04048964218455,True
rgg-n500-d15-r003,932988435,rgg,500,15,15.0,3,connected,0.0001,none,radio,CARE-noswitch,1096,7.3728452719999495,28832,87511,79.84580291970804,True
rgg-n500-d15-r002,4093318010,rgg,500,15,15.0,2,dominating,0.0001,none,radio,CARE-noreserve,105,0.4820385680000072,113,5181,49.34285714285714,True
rgg-n500-d15-r002,4093318010,rgg,500,15,15.0,2,dominating,0.0001,none,radio,CARE-noswitch,100,0.4928270950000524,955,4948,49.48,True
rgg-n500-d15-r002,4093318010,rgg,500,15,15.0,2,connected,0.0001,none,radio,CARE-noreserve,1112,7.524794490999966,3209,91320,82.12230215827338,True
rgg-n500-d15-r002,4093318010,rgg,500,15,15.0,2,connected,0.0001,none,radio,CARE-noswitch,1198,10.54490526799998,41878,96721,80.73539232053422,True
rgg-n500-d15-r005,257955958,rgg,500,15,15.0,5,dominating,0.0001,none,radio,CARE-noreserve,208,0.45761590300003263,361,10513,50.54326923076923,True
rgg-n500-d15-r005,257955958,rgg,500,15,15.0,5,dominating,0.0001,none,radio,CARE-noswitch,200,1.0549319329999207,435,10109,50.545,True
rgg-n500-d15-r005,257955958,rgg,500,15,15.0,5,connected,0.0001,none,radio,CARE-noreserve,1089,5.462105549000057,2628,89306,82.00734618916437,True
rgg-n500-d15-r005,257955958,rgg,500,15,15.0,5,connected,0.0001,none,radio,CARE-noswitch,1048,5.978396482999983,31037,82611,78.82729007633588,True
rgg-n500-d15-r006,856719520,rgg,500,15,15.0,6,dominating,0.0001,none,radio,CARE-noreserve,269,0.508305426999982,387,13307,49.468401486988846,True
rgg-n500-d15-r006,856719520,rgg,500,15,15.0,6,dominating,0.0001,none,radio,CARE-noswitch,171,0.5761984600000005,1184,8722,51.005847953216374,True
rgg-n500-d15-r006,856719520,rgg,500,15,15.0,6,connected,0.0001,none,radio,CARE-noreserve,740,5.664345937999997,1728,57292,77.42162162162163,True
rgg-n500-d15-r006,856719520,rgg,500,15,15.0,6,connected,0.0001,none,radio,CARE-noswitch,746,5.203927304999979,28277,59395,79.61796246648794,True
rgg-n500-d15-r007,952492644,rgg,500,15,15.0,7,dominating,0.0001,none,radio,CARE-noreserve,168,0.4397264719999612,284,8788,52.30952380952381,True
rgg-n500-d15-r007,952492644,rgg,500,15,15.0,7,dominating,0.0001,none,radio,CARE-noswitch,100,0.4011985020000566,1097,4853,48.53,True
rgg-n500-d15-r007,952492644,rgg,500,15,15.0,7,connected,0.0001,none,radio,CARE-noreserve,462,3.3884838709999485,997,36098,78.13419913419914,True
rgg-n500-d15-r007,952492644,rgg,500,15,15.0,7,connected,0.0001,none,radio,CARE-noswitch,536,5.6550729509999655,3985,42601,79.4794776119403,True
rgg-n500-d15-r008,2712374168,rgg,500,15,15.0,8,dominating,0.0001,none,radio,CARE-noreserve,110,0.34155107100002624,157,5677,51.60909090909091,True
rgg-n500-d15-r008,2712374168,rgg,500,15,15.0,8,dominating,0.0001,none,radio,CARE-noswitch,121,0.4665561040000057,186,6231,51.49586776859504,True
rgg-n500-d15-r008,2712374168,rgg,500,15,15.0,8,connected,0.0001,none,radio,CARE-noreserve,319,3.4437747800000125,420,26382,82.70219435736676,True
rgg-n500-d15-r008,2712374168,rgg,500,15,15.0,8,connected,0.0001,none,radio,CARE-noswitch,321,4.148287765000077,2048,25404,79.14018691588785,True
rgg-n500-d25-r001,233372703,rgg,500,25,25.0,1,dominating,0.0001,none,radio,CARE-noreserve,232,0.5370635250000078,277,7679,33.099137931034484,True
rgg-n500-d25-r001,233372703,rgg,500,25,25.0,1,dominating,0.0001,none,radio,CARE-noswitch,283,0.7006220690000191,4406,9386,33.1660777385159,True
rgg-n500-d25-r001,233372703,rgg,500,25,25.0,1,connected,0.0001,none,radio,CARE-noreserve,583,6.386009544999979,693,26457,45.38078902229846,True
rgg-n500-d25-r001,233372703,rgg,500,25,25.0,1,connected,0.0001,none,radio,CARE-noswitch,570,5.5855629349999845,9446,26514,46.51578947368421,True
rgg-n500-d15-r009,2855719555,rgg,500,15,15.0,9,dominating,0.0001,none,radio,CARE-noreserve,212,0.7439277139999376,497,10545,49.740566037735846,True
rgg-n500-d15-r009,2855719555,rgg,500,15,15.0,9,dominating,0.0001,none,radio,CARE-noswitch,200,0.8292234609999696,3155,10097,50.485,True
rgg-n500-d15-r009,2855719555,rgg,500,15,15.0,9,connected,0.0001,none,radio,CARE-noreserve,1141,7.788013415000023,3580,94308,82.6538124452235,True
rgg-n500-d15-r009,2855719555,rgg,500,15,15.0,9,connected,0.0001,none,radio,CARE-noswitch,1229,11.51665466199995,28399,97405,79.25549227013832,True
rgg-n500-d25-r000,3335574371,rgg,500,25,25.0,0,dominating,0.0001,none,radio,CARE-noreserve,283,0.4326322279999886,327,9639,34.06007067137809,True
rgg-n500-d25-r000,3335574371,rgg,500,25,25.0,0,dominating,0.0001,none,radio,CARE-noswitch,271,0.6809808650000377,3315,8955,33.04428044280443,True
rgg-n500-d25-r000,3335574371,rgg,500,25,25.0,0,connected,0.0001,none,radio,CARE-noreserve,1408,12.144770224000013,2269,69393,49.28480113636363,True
rgg-n500-d25-r000,3335574371,rgg,500,25,25.0,0,connected,0.0001,none,radio,CARE-noswitch,1423,15.039064328999984,23616,68841,48.37737174982431,True
rgg-n500-d25-r002,2505074012,rgg,500,25,25.0,2,dominating,0.0001,none,radio,CARE-noreserve,380,1.1055613210000956,541,12754,33.56315789473684,True
rgg-n500-d25-r002,2505074012,rgg,500,25,25.0,2,dominating,0.0001,none,radio,CARE-noswitch,291,0.8607168180000144,3194,9718,33.39518900343643,True
rgg-n500-d25-r002,2505074012,rgg,500,25,25.0,2,connected,0.0001,none,radio,CARE-noreserve,2040,14.105581307999955,3860,103847,50.905392156862746,True
rgg-n500-d25-r002,2505074012,rgg,500,25,25.0,2,connected,0.0001,none,radio,CARE-noswitch,1878,13.471636178999916,22179,89710,47.76890308839191,True
rgg-n500-d25-r003,3110544492,rgg,500,25,25.0,3,dominating,0.0001,none,radio,CARE-noreserve,418,0.8026012920000767,542,13776,32.95693779904306,True
rgg-n500-d25-r003,3110544492,rgg,500,25,25.0,3,dominating,0.0001,none,radio,CARE-noswitch,303,0.7830225559999917,4827,10037,33.12541254125413,True
rgg-n500-d25-r003,3110544492,rgg,500,25,25.0,3,connected,0.0001,none,radio,CARE-noreserve,2136,16.35308423999993,4505,110148,51.56741573033708,True
rgg-n500-d25-r003,3110544492,rgg,500,25,25.0,3,connected,0.0001,none,radio,CARE-noswitch,1958,14.407552228999975,33056,98962,50.54239019407559,True
rgg-n500-d25-r005,1683634943,rgg,500,25,25.0,5,dominating,0.0001,none,radio,CARE-noreserve,300,0.5266197639999746,386,9331,31.10333333333333,True
rgg-n500-d25-r005,1683634943,rgg,500,25,25.0,5,dominating,0.0001,none,radio,CARE-noswitch,300,0.9301780559999315,6350,9728,32.42666666666667,True
rgg-n500-d25-r005,1683634943,rgg,500,25,25.0,5,connected,0.0001,none,radio,CARE-noreserve,1030,8.812863135000043,1445,47796,46.40388349514563,True
rgg-n500-d25-r005,1683634943,rgg,500,25,25.0,5,connected,0.0001,none,radio,CARE-noswitch,1040,9.135442258000126,20248,48701,46.82788461538462,True
rgg-n500-d25-r004,1374267517,rgg,500,25,25.0,4,dominating,0.0001,none,radio,CARE-noreserve,432,0.8702336590000641,695,14402,33.33796296296296,True
rgg-n500-d25-r004,1374267517,rgg,500,25,25.0,4,dominating,0.0001,none,radio,CARE-noswitch,370,1.0249084540000695,1800,12448,33.64324324324324,True
rgg-n500-d25-r004,1374267517,rgg,500,25,25.0,4,connected,0.0001,none,radio,CARE-noreserve,1898,12.319610144999956,3340,98707,52.005795574288726,True
rgg-n500-d25-r004,1374267517,rgg,500,25,25.0,4,connected,0.0001,none,radio,CARE-noswitch,1862,16.9404292480001,26265,93796,50.37379162191192,True
rgg-n500-d25-r006,3238779741,rgg,500,25,25.0,6,dominating,0.0001,none,radio,CARE-noreserve,216,0.4973661850000326,308,6775,31.36574074074074,True
rgg-n500-d25-r006,3238779741,rgg,500,25,25.0,6,dominating,0.0001,none,radio,CARE-noswitch,404,1.181579313000043,964,12873,31.863861386138613,True
rgg-n500-d25-r006,3238779741,rgg,500,25,25.0,6,connected,0.0001,none,radio,CARE-noreserve,1883,12.710531613999933,3232,93124,49.45512480084971,True
rgg-n500-d25-r006,3238779741,rgg,500,25,25.0,6,connected,0.0001,none,radio,CARE-noswitch,1790,13.393565118999845,7909,83295,46.53351955307262,True
rgg-n500-d25-r007,67974217,rgg,500,25,25.0,7,dominating,0.0001,none,radio,CARE-noreserve,367,0.5893903359999513,465,11871,32.346049046321525,True
rgg-n500-d25-r007,67974217,rgg,500,25,25.0,7,dominating,0.0001,none,radio,CARE-noswitch,277,0.7966027659999781,2044,8927,32.227436823104696,True
rgg-n500-d25-r007,67974217,rgg,500,25,25.0,7,connected,0.0001,none,radio,CARE-noreserve,1957,15.333881302000009,3438,101250,51.73735309146653,True
rgg-n500-d25-r007,67974217,rgg,500,25,25.0,7,connected,0.0001,none,radio,CARE-noswitch,2185,17.4810796270001,27553,107175,49.05034324942792,True
rgg-n500-d25-r009,638933668,rgg,500,25,25.0,9,dominating,0.0001,none,radio,CARE-noreserve,167,0.4142841679999947,179,5512,33.0059880239521,True
rgg-n500-d25-r009,638933668,rgg,500,25,25.0,9,dominating,0.0001,none,radio,CARE-noswitch,198,0.5809582429999409,176,6640,33.535353535353536,True
rgg-n500-d25-r009,638933668,rgg,500,25,25.0,9,connected,0.0001,none,radio,CARE-noreserve,1741,13.156708377999848,3183,88530,50.850086157380815,True
rgg-n500-d25-r009,638933668,rgg,500,25,25.0,9,connected,0.0001,none,radio,CARE-noswitch,1913,16.91195939000022,26713,94010,49.14270778881338,True
rgg-n500-d25-r008,996833422,rgg,500,25,25.0,8,dominating,0.0001,none,radio,CARE-noreserve,322,0.6531769709999935,376,10513,32.649068322981364,True
rgg-n500-d25-r008,996833422,rgg,500,25,25.0,8,dominating,0.0001,none,radio,CARE-noswitch,278,1.0241921629999524,2019,8921,32.089928057553955,True
rgg-n500-d25-r008,996833422,rgg,500,25,25.0,8,connected,0.0001,none,radio,CARE-noreserve,2128,19.656706719999875,5109,110943,52.13486842105263,True
rgg-n500-d25-r008,996833422,rgg,500,25,25.0,8,connected,0.0001,none,radio,CARE-noswitch,1972,17.49080532300013,51278,97417,49.4001014198783,True
rgg-n500-d35-r000,637072266,rgg,500,35,35.0,0,dominating,0.0001,none,radio,CARE-noreserve,290,0.4615038619999723,242,7254,25.013793103448275,True
rgg-n500-d35-r000,637072266,rgg,500,35,35.0,0,dominating,0.0001,none,radio,CARE-noswitch,292,0.8143578100000468,1814,7675,26.284246575342465,True
rgg-n500-d35-r000,637072266,rgg,500,35,35.0,0,connected,0.0001,none,radio,CARE-noreserve,3475,30.170075373999907,6813,127978,36.82820143884892,True
rgg-n500-d35-r000,637072266,rgg,500,35,35.0,0,connected,0.0001,none,radio,CARE-noswitch,3437,33.73831949200007,38975,122294,35.581611870817575,True
rgg-n500-d35-r001,3018708862,rgg,500,35,35.0,1,dominating,0.0001,none,radio,CARE-noreserve,227,0.3716758250000112,224,5459,24.048458149779737,True
rgg-n500-d35-r001,3018708862,rgg,500,35,35.0,1,dominating,0.0001,none,radio,CARE-noswitch,209,0.6797434430000067,304,4990,23.875598086124402,True
rgg-n500-d35-r001,3018708862,rgg,500,35,35.0,1,connected,0.0001,none,radio,CARE-noreserve,3379,26.981896546999906,5785,122359,36.21160106540397,True
rgg-n500-d35-r001,3018708862,rgg,500,35,35.0,1,connected,0.0001,none,radio,CARE-noswitch,3225,31.602798578000147,38832,114214,35.415193798449614,True
rgg-n500-d35-r002,3384363169,rgg,500,35,35.0,2,dominating,0.0001,none,radio,CARE-noreserve,502,0.9196197779999693,543,12237,24.37649402390438,True
rgg-n500-d35-r002,3384363169,rgg,500,35,35.0,2,dominating,0.0001,none,radio,CARE-noswitch,238,0.761975442999983,291,5881,24.710084033613445,True
rgg-n500-d35-r002,3384363169,rgg,500,35,35.0,2,connected,0.0001,none,radio,CARE-noreserve,3324,26.463405714999908,5160,123608,37.186522262334535,True
rgg-n500-d35-r002,3384363169,rgg,500,35,35.0,2,connected,0.0001,none,radio,CARE-noswitch,3442,32.65228077000006,9910,124662,36.217896571760605,True
rgg-n500-d35-r003,468115628,rgg,500,35,35.0,3,dominating,0.0001,none,radio,CARE-noreserve,497,0.8951153549999162,461,12000,24.14486921529175,True
rgg-n500-d35-r003,468115628,rgg,500,35,35.0,3,dominating,0.0001,none,radio,CARE-noswitch,314,0.868877121999958,309,7628,24.29299363057325,True
rgg-n500-d35-r003,468115628,rgg,500,35,35.0,3,connected,0.0001,none,radio,CARE-noreserve,3288,28.587073560999897,5539,122553,37.2728102189781,True
rgg-n500-d35-r003,468115628,rgg,500,35,35.0,3,connected,0.0001,none,radio,CARE-noswitch,3275,32.56778878699993,24898,116382,35.53648854961832,True
rgg-n500-d35-r004,4114990989,rgg,500,35,35.0,4,dominating,0.0001,none,radio,CARE-noreserve,458,0.6779969560000154,454,11555,25.229257641921397,True
rgg-n500-d35-r004,4114990989,rgg,500,35,35.0,4,dominating,0.0001,none,radio,CARE-noswitch,200,0.5876478870000028,198,5041,25.205,True
rgg-n500-d35-r004,4114990989,rgg,500,35,35.0,4,connected,0.0001,none,radio,CARE-noreserve,2269,19.491810001999966,2833,85244,37.56897311591009,True
rgg-n500-d35-r004,4114990989,rgg,500,35,35.0,4,connected,0.0001,none,radio,CARE-noswitch,2540,23.89865430000009,17973,90650,35.688976377952756,True
rgg-n500-d35-r005,4250246924,rgg,500,35,35.0,5,dominating,0.0001,none,radio,CARE-noreserve,398,0.7742659640000511,479,9877,24.816582914572866,True
rgg-n500-d35-r005,4250246924,rgg,500,35,35.0,5,dominating,0.0001,none,radio,CARE-noswitch,197,0.5507991860001766,2787,4843,24.583756345177665,True
rgg-n500-d35-r005,4250246924,rgg,500,35,35.0,5,connected,0.0001,none,radio,CARE-noreserve,3027,25.560680922999836,5004,110498,36.504129501156264,True
rgg-n500-d35-r005,4250246924,rgg,500,35,35.0,5,connected,0.0001,none,radio,CARE-noswitch,2985,26.735011699000097,24621,104520,35.015075376884425,True
rgg-n500-d35-r007,1187222323,rgg,500,35,35.0,7,dominating,0.0001,none,radio,CARE-noreserve,327,0.914862297000127,454,8097,24.761467889908257,True
rgg-n500-d35-r007,1187222323,rgg,500,35,35.0,7,dominating,0.0001,none,radio,CARE-noswitch,255,0.7763211920000685,266,6196,24.298039215686273,True
rgg-n500-d35-r007,1187222323,rgg,500,35,35.0,7,connected,0.0001,none,radio,CARE-noreserve,2973,33.09364996199997,4996,108672,36.55297679112008,True
rgg-n500-d35-r007,1187222323,rgg,500,35,35.0,7,connected,0.0001,none,radio,CARE-noswitch,2982,26.022825536000028,26318,106280,35.64050972501677,True
clustered-n100-d15-r000,166074544,clustered,100,15,15.0,0,dominating,0.0001,none,radio,CARE-noreserve,376,0.0693850189998102,118,4058,10.792553191489361,True
clustered-n100-d15-r000,166074544,clustered,100,15,15.0,0,dominating,0.0001,none,radio,CARE-noswitch,240,0.13826352700016287,612,2653,11.054166666666667,True
clustered-n100-d15-r000,166074544,clustered,100,15,15.0,0,connected,0.0001,none,radio,CARE-noreserve,506,0.2973234410001169,205,8507,16.81225296442688,True
clustered-n100-d15-r000,166074544,clustered,100,15,15.0,0,connected,0.0001,none,radio,CARE-noswitch,517,0.38628563499992197,1559,8939,17.290135396518377,True
clustered-n100-d15-r001,4240657993,clustered,100,15,15.0,1,dominating,0.0001,none,radio,CARE-noreserve,198,0.03876950900007614,68,2017,10.186868686868687,True
clustered-n100-d15-r001,4240657993,clustered,100,15,15.0,1,dominating,0.0001,none,radio,CARE-noswitch,160,0.06844276200013155,46,1656,10.35,True
clustered-n100-d15-r001,4240657993,clustered,100,15,15.0,1,connected,0.0001,none,radio,CARE-noreserve,725,0.2346399380001003,367,12030,16.593103448275862,True
clustered-n100-d15-r001,4240657993,clustered,100,15,15.0,1,connected,0.0001,none,radio,CARE-noswitch,693,0.3635760310000933,2584,11040,15.930735930735931,True
clustered-n100-d15-r002,1631333105,clustered,100,15,15.0,2,dominating,0.0001,none,radio,CARE-noreserve,174,0.04431637899983798,35,1944,11.172413793103448,True
clustered-n100-d15-r002,1631333105,clustered,100,15,15.0,2,dominating,0.0001,none,radio,CARE-noswitch,196,0.08163150200016389,1032,2268,11.571428571428571,True
clustered-n100-d15-r002,1631333105,clustered,100,15,15.0,2,connected,0.0001,none,radio,CARE-noreserve,795,0.2643014730001596,502,13828,17.393710691823898,True
clustered-n100-d15-r002,1631333105,clustered,100,15,15.0,2,connected,0.0001,none,radio,CARE-noswitch,729,0.46368342600021606,1647,12384,16.987654320987655,True
clustered-n100-d15-r003,1753463731,clustered,100,15,15.0,3,dominating,0.0001,none,radio,CARE-noreserve,312,0.09491434799997478,92,3628,11.628205128205128,True
clustered-n100-d15-r003,1753463731,clustered,100,15,15.0,3,dominating,0.0001,none,radio,CARE-noswitch,214,0.15327162100015812,598,2573,12.023364485981308,True
clustered-n100-d15-r003,1753463731,clustered,100,15,15.0,3,connected,0.0001,none,radio,CARE-noreserve,557,0.2646314439998605,276,10072,18.082585278276483,True
clustered-n100-d15-r003,1753463731,clustered,100,15,15.0,3,connected,0.0001,none,radio,CARE-noswitch,507,0.4562754850001056,244,8489,16.743589743589745,True
rgg-n500-d35-r006,1786077479,rgg,500,35,35.0,6,dominating,0.0001,none,radio,CARE-noreserve,456,0.8947065050001584,517,11131,24.410087719298247,True
rgg-n500-d35-r006,1786077479,rgg,500,35,35.0,6,dominating,0.0001,none,radio,CARE-noswitch,372,1.518139089999977,444,8675,23.31989247311828,True
rgg-n500-d35-r006,1786077479,rgg,500,35,35.0,6,connected,0.0001,none,radio,CARE-noreserve,3504,32.974833579000006,7354,127670,36.43550228310502,True
rgg-n500-d35-r006,1786077479,rgg,500,35,35.0,6,connected,0.0001,none,radio,CARE-noswitch,3517,35.893882992000044,36820,120890,34.373045208984934,True
clustered-n100-d15-r004,4247283066,clustered,100,15,15.0,4,dominating,0.0001,none,radio,CARE-noreserve,133,0.06304219300000113,39,1756,13.203007518796992,True
clustered-n100-d15-r004,4247283066,clustered,100,15,15.0,4,dominating,0.0001,none,radio,CARE-noswitch,128,0.10855204499989668,315,1643,12.8359375,True
clustered-n100-d15-r004,4247283066,clustered,100,15,15.0,4,connected,0.0001,none,radio,CARE-noreserve,561,0.4050498770000104,274,11743,20.932263814616757,True
clustered-n100-d15-r004,4247283066,clustered,100,15,15.0,4,connected,0.0001,none,radio,CARE-noswitch,485,0.5525053950000256,2355,9820,20.24742268041237,True
clustered-n100-d15-r006,4265671660,clustered,100,15,15.0,6,dominating,0.0001,none,radio,CARE-noreserve,203,0.10230211899988717,40,2645,13.029556650246306,True
clustered-n100-d15-r006,4265671660,clustered,100,15,15.0,6,dominating,0.0001,none,radio,CARE-noswitch,147,0.0883405289998791,64,2038,13.863945578231293,True
clustered-n100-d15-r006,4265671660,clustered,100,15,15.0,6,connected,0.0001,none,radio,CARE-noreserve,367,0.20130105299995193,112,6972,18.997275204359674,True
clustered-n100-d15-r006,4265671660,clustered,100,15,15.0,6,connected,0.0001,none,radio,CARE-noswitch,302,0.26951630400003523,103,5626,18.629139072847682,True
clustered-n100-d15-r005,2501631132,clustered,100,15,15.0,5,dominating,0.0001,none,radio,CARE-noreserve,150,0.06254778900006386,28,1749,11.66,True
clustered-n100-d15-r005,2501631132,clustered,100,15,15.0,5,dominating,0.0001,none,radio,CARE-noswitch,183,0.09249362299988206,114,2146,11.726775956284152,True
clustered-n100-d15-r005,2501631132,clustered,100,15,15.0,5,connected,0.0001,none,radio,CARE-noreserve,592,0.3645074309999927,258,10597,17.90033783783784,True
clustered-n100-d15-r005,2501631132,clustered,100,15,15.0,5,connected,0.0001,none,radio,CARE-noswitch,561,0.5025728110001637,3610,9825,17.513368983957218,True
clustered-n100-d15-r007,3524642900,clustered,100,15,15.0,7,dominating,0.0001,none,radio,CARE-noreserve,231,0.0693267620001734,66,2768,11.982683982683982,True
clustered-n100-d15-r007,3524642900,clustered,100,15,15.0,7,dominating,0.0001,none,radio,CARE-noswitch,228,0.13107013200010442,389,2725,11.951754385964913,True
clustered-n100-d15-r007,3524642900,clustered,100,15,15.0,7,connected,0.0001,none,radio,CARE-noreserve,394,0.16961501299988413,99,6764,17.16751269035533,True
clustered-n100-d15-r007,3524642900,clustered,100,15,15.0,7,connected,0.0001,none,radio,CARE-noswitch,395,0.2650445399999626,442,6922,17.524050632911393,True
clustered-n100-d15-r008,711047658,clustered,100,15,15.0,8,dominating,0.0001,none,radio,CARE-noreserve,137,0.05409091499996066,29,1644,12.0,True
clustered-n100-d15-r008,711047658,clustered,100,15,15.0,8,dominating,0.0001,none,radio,CARE-noswitch,139,0.0844131930000458,88,1736,12.489208633093526,True
clustered-n100-d15-r008,711047658,clustered,100,15,15.0,8,connected,0.0001,none,radio,CARE-noreserve,384,0.13091672099994867,119,7092,18.46875,True
clustered-n100-d15-r008,711047658,clustered,100,15,15.0,8,connected,0.0001,none,radio,CARE-noswitch,324,0.3058799810000892,1419,5763,17.787037037037038,True
clustered-n100-d15-r009,344961766,clustered,100,15,15.0,9,dominating,0.0001,none,radio,CARE-noreserve,101,0.04908291600008852,31,1223,12.108910891089108,True
clustered-n100-d15-r009,344961766,clustered,100,15,15.0,9,dominating,0.0001,none,radio,CARE-noswitch,101,0.08254020799995487,561,1207,11.950495049504951,True
clustered-n100-d15-r009,344961766,clustered,100,15,15.0,9,connected,0.0001,none,radio,CARE-noreserve,180,0.11124076900000546,42,3111,17.283333333333335,True
clustered-n100-d15-r009,344961766,clustered,100,15,15.0,9,connected,0.0001,none,radio,CARE-noswitch,171,0.15136665799991533,277,3038,17.76608187134503,True
clustered-n100-d25-r001,2591243172,clustered,100,25,25.0,1,dominating,0.0001,none,radio,CARE-noreserve,451,0.10556003300007433,103,2953,6.547671840354767,True
clustered-n100-d25-r001,2591243172,clustered,100,25,25.0,1,dominating,0.0001,none,radio,CARE-noswitch,392,0.18804412099984802,255,2428,6.1938775510204085,True
clustered-n100-d25-r001,2591243172,clustered,100,25,25.0,1,connected,0.0001,none,radio,CARE-noreserve,947,0.28179242100009105,316,8831,9.325237592397043,True
clustered-n100-d25-r001,2591243172,clustered,100,25,25.0,1,connected,0.0001,none,radio,CARE-noswitch,879,0.535605028999953,188,7809,8.8839590443686,True
clustered-n100-d25-r000,3839954462,clustered,100,25,25.0,0,dominating,0.0001,none,radio,CARE-noreserve,627,0.14608634399996845,174,4182,6.669856459330144,True
clustered-n100-d25-r000,3839954462,clustered,100,25,25.0,0,dominating,0.0001,none,radio,CARE-noswitch,497,0.2204682710000725,115,3246,6.531187122736418,True
clustered-n100-d25-r000,3839954462,clustered,100,25,25.0,0,connected,0.0001,none,radio,CARE-noreserve,1377,0.4903568090001045,427,11689,8.488743645606391,True
clustered-n100-d25-r000,3839954462,clustered,100,25,25.0,0,connected,0.0001,none,radio,CARE-noswitch,1257,0.7497494619999543,624,10558,8.399363564041368,True
rgg-n500-d35-r008,3443673427,rgg,500,35,35.0,8,dominating,0.0001,none,radio,CARE-noreserve,521,0.8373812150000504,478,13151,25.24184261036468,True
rgg-n500-d35-r008,3443673427,rgg,500,35,35.0,8,dominating,0.0001,none,radio,CARE-noswitch,300,0.9400437920000968,1476,7274,24.246666666666666,True
rgg-n500-d35-r008,3443673427,rgg,500,35,35.0,8,connected,0.0001,none,radio,CARE-noreserve,2801,25.163877335000052,4481,105927,37.81756515530168,True
rgg-n500-d35-r008,3443673427,rgg,500,35,35.0,8,connected,0.0001,none,radio,CARE-noswitch,2605,22.751446099000077,14733,93302,35.81650671785029,True
clustered-n100-d25-r002,3970987084,clustered,100,25,25.0,2,dominating,0.0001,none,radio,CARE-noreserve,367,0.08453591800002869,88,2355,6.416893732970027,True
clustered-n100-d25-r002,3970987084,clustered,100,25,25.0,2,dominating,0.0001,none,radio,CARE-noswitch,293,0.13488155599998208,52,1746,5.959044368600683,True
clustered-n100-d25-r002,3970987084,clustered,100,25,25.0,2,connected,0.0001,none,radio,CARE-noreserve,1073,0.2966874019998613,354,10815,10.079217148182666,True
clustered-n100-d25-r002,3970987084,clustered,100,25,25.0,2,connected,0.0001,none,radio,CARE-noswitch,1183,0.7915296310000031,1981,11569,9.779374471682164,True
clustered-n100-d25-r003,2666065982,clustered,100,25,25.0,3,dominating,0.0001,none,radio,CARE-noreserve,381,0.08443840699987959,85,2263,5.939632545931759,True
clustered-n100-d25-r003,2666065982,clustered,100,25,25.0,3,dominating,0.0001,none,radio,CARE-noswitch,258,0.11620643899982497,46,1498,5.8062015503875966,True
clustered-n100-d25-r003,2666065982,clustered,100,25,25.0,3,connected,0.0001,none,radio,CARE-noreserve,1974,0.6270541479998428,748,18652,9.448834853090172,True
clustered-n100-d25-r003,2666065982,clustered,100,25,25.0,3,connected,0.0001,none,radio,CARE-noswitch,1966,1.4872840359998918,4617,17746,9.026449643947101,True
clustered-n100-d25-r004,3731448087,clustered,100,25,25.0,4,dominating,0.0001,none,radio,CARE-noreserve,319,0.0686650439999994,93,2176,6.821316614420063,True
clustered-n100-d25-r004,3731448087,clustered,100,25,25.0,4,dominating,0.0001,none,radio,CARE-noswitch,223,0.08665214600000581,172,1470,6.591928251121076,True
clustered-n100-d25-r004,3731448087,clustered,100,25,25.0,4,connected,0.0001,none,radio,CARE-noreserve,1855,0.5355002720000357,701,17737,9.561725067385444,True
clustered-n100-d25-r004,3731448087,clustered,100,25,25.0,4,connected,0.0001,none,radio,CARE-noswitch,1728,1.1864147019998654,3766,16141,9.340856481481481,True
clustered-n100-d25-r005,3733667919,clustered,100,25,25.0,5,dominating,0.0001,none,radio,CARE-noreserve,439,0.13191290300005676,80,3007,6.849658314350798,True
clustered-n100-d25-r005,3733667919,clustered,100,25,25.0,5,dominating,0.0001,none,radio,CARE-noswitch,475,0.17790737200016338,114,3139,6.608421052631579,True
clustered-n100-d25-r005,3733667919,clustered,100,25,25.0,5,connected,0.0001,none,radio,CARE-noreserve,1236,0.4517770439999822,422,12439,10.063915857605178,True
clustered-n100-d25-r005,3733667919,clustered,100,25,25.0,5,connected,0.0001,none,radio,CARE-noswitch,1242,0.7128589999999804,440,12120,9.758454106280194,True
clustered-n100-d25-r006,2186669993,clustered,100,25,25.0,6,dominating,0.0001,none,radio,CARE-noreserve,180,0.05797697499997412,31,1362,7.566666666666666,True
clustered-n100-d25-r006,2186669993,clustered,100,25,25.0,6,dominating,0.0001,none,radio,CARE-noswitch,198,0.1358249549998618,40,1436,7.252525252525253,True
clustered-n100-d25-r006,2186669993,clustered,100,25,25.0,6,connected,0.0001,none,radio,CARE-noreserve,418,0.31032842399986293,95,4657,11.141148325358852,True
clustered-n100-d25-r006,2186669993,clustered,100,25,25.0,6,connected,0.0001,none,radio,CARE-noswitch,456,0.32368382899994685,855,5076,11.131578947368421,True
clustered-n100-d25-r007,4060991854,clustered,100,25,25.0,7,dominating,0.0001,none,radio,CARE-noreserve,391,0.08845557800009374,93,2582,6.603580562659847,True
clustered-n100-d25-r007,4060991854,clustered,100,25,25.0,7,dominating,0.0001,none,radio,CARE-noswitch,226,0.15710526799989566,44,1456,6.442477876106195,True
clustered-n100-d25-r007,4060991854,clustered,100,25,25.0,7,connected,0.0001,none,radio,CARE-noreserve,1619,0.46952336000003925,538,15454,9.545398394070414,True
clustered-n100-d25-r007,4060991854,clustered,100,25,25.0,7,connected,0.0001,none,radio,CARE-noswitch,1546,0.8766244509999979,2481,14430,9.333764553686933,True
clustered-n100-d25-r008,3239589018,clustered,100,25,25.0,8,dominating,0.0001,none,radio,CARE-noreserve,159,0.03432745000009163,43,1193,7.50314465408805,True
clustered-n100-d25-r008,3239589018,clustered,100,25,25.0,8,dominating,0.0001,none,radio,CARE-noswitch,200,0.08986530699985451,48,1431,7.155,True
clustered-n100-d25-r008,3239589018,clustered,100,25,25.0,8,connected,0.0001,none,radio,CARE-noreserve,1264,0.46968318099993667,406,13226,10.46360759493671,True
clustered-n100-d25-r008,3239589018,clustered,100,25,25.0,8,connected,0.0001,none,radio,CARE-noswitch,1327,0.888620476999904,1275,13450,10.135644310474754,True
clustered-n100-d25-r009,3730654238,clustered,100,25,25.0,9,dominating,0.0001,none,radio,CARE-noreserve,369,0.06545737199985524,105,2776,7.523035230352304,True
clustered-n100-d25-r009,3730654238,clustered,100,25,25.0,9,dominating,0.0001,none,radio,CARE-noswitch,194,0.08795057899988024,66,1404,7.237113402061856,True
clustered-n100-d25-r009,3730654238,clustered,100,25,25.0,9,connected,0.0001,none,radio,CARE-noreserve,1226,0.4325566229999822,486,12640,10.309951060358891,True
clustered-n100-d25-r009,3730654238,clustered,100,25,25.0,9,connected,0.0001,none,radio,CARE-noswitch,1124,0.75471504799998,2350,11473,10.207295373665481,True
clustered-n100-d35-r000,709854755,clustered,100,35,35.0,0,dominating,0.0001,none,radio,CARE-noreserve,825,0.12443056300003263,154,3305,4.006060606060606,True
clustered-n100-d35-r000,709854755,clustered,100,35,35.0,0,dominating,0.0001,none,radio,CARE-noswitch,762,0.34566293900002165,1089,3205,4.206036745406824,True
clustered-n100-d35-r000,709854755,clustered,100,35,35.0,0,connected,0.0001,none,radio,CARE-noreserve,2151,0.7416700400001446,602,14930,6.940957694095769,True
clustered-n100-d35-r000,709854755,clustered,100,35,35.0,0,connected,0.0001,none,radio,CARE-noswitch,2056,1.3124371060000612,1373,13756,6.690661478599222,True
clustered-n100-d35-r002,4048981497,clustered,100,35,35.0,2,dominating,0.0001,none,radio,CARE-noreserve,400,0.09766370099987398,48,1679,4.1975,True
clustered-n100-d35-r002,4048981497,clustered,100,35,35.0,2,dominating,0.0001,none,radio,CARE-noswitch,181,0.08696934299996428,43,815,4.502762430939226,True
clustered-n100-d35-r002,4048981497,clustered,100,35,35.0,2,connected,0.0001,none,radio,CARE-noreserve,2169,0.7291873990000113,472,11977,5.52189949285385,True
clustered-n100-d35-r002,4048981497,clustered,100,35,35.0,2,connected,0.0001,none,radio,CARE-noswitch,2035,1.1694476420000228,961,11192,5.4997542997543,True
clustered-n100-d35-r001,2870019341,clustered,100,35,35.0,1,dominating,0.0001,none,radio,CARE-noreserve,461,0.09148376000007374,74,2010,4.360086767895878,True
clustered-n100-d35-r001,2870019341,clustered,100,35,35.0,1,dominating,0.0001,none,radio,CARE-noswitch,383,0.12357948400017449,70,1760,4.595300261096606,True
clustered-n100-d35-r001,2870019341,clustered,100,35,35.0,1,connected,0.0001,none,radio,CARE-noreserve,2278,0.7861451810001654,484,13323,5.848551360842845,True
clustered-n100-d35-r001,2870019341,clustered,100,35,35.0,1,connected,0.0001,none,radio,CARE-noswitch,2180,1.4326313540000228,1256,12604,5.781651376146789,True
clustered-n100-d35-r004,2082142226,clustered,100,35,35.0,4,dominating,0.0001,none,radio,CARE-noreserve,398,0.09192930300014268,71,1683,4.228643216080402,True
clustered-n100-d35-r004,2082142226,clustered,100,35,35.0,4,dominating,0.0001,none,radio,CARE-noswitch,682,0.3181428769999002,120,3030,4.442815249266862,True
clustered-n100-d35-r004,2082142226,clustered,100,35,35.0,4,connected,0.0001,none,radio,CARE-noreserve,2233,0.8232716909999453,541,15685,7.024182713837886,True
clustered-n100-d35-r004,2082142226,clustered,100,35,35.0,4,connected,0.0001,none,radio,CARE-noswitch,2173,1.537498228000004,3327,15257,7.0211688909341925,True
clustered-n100-d35-r003,904110019,clustered,100,35,35.0,3,dominating,0.0001,none,radio,CARE-noreserve,582,0.10933682399991085,108,2796,4.804123711340206,True
clustered-n100-d35-r003,904110019,clustered,100,35,35.0,3,dominating,0.0001,none,radio,CARE-noswitch,377,0.15304657999990923,359,1685,4.469496021220159,True
clustered-n100-d35-r003,904110019,clustered,100,35,35.0,3,connected,0.0001,none,radio,CARE-noreserve,2506,0.9936079059998519,683,17383,6.936552274541102,True
clustered-n100-d35-r003,904110019,clustered,100,35,35.0,3,connected,0.0001,none,radio,CARE-noswitch,2296,1.6186689849998857,3224,15628,6.806620209059234,True
clustered-n100-d35-r005,2414192915,clustered,100,35,35.0,5,dominating,0.0001,none,radio,CARE-noreserve,648,0.12403424100011762,119,2958,4.564814814814815,True
clustered-n100-d35-r005,2414192915,clustered,100,35,35.0,5,dominating,0.0001,none,radio,CARE-noswitch,900,0.43966802699992513,115,4064,4.515555555555555,True
clustered-n100-d35-r005,2414192915,clustered,100,35,35.0,5,connected,0.0001,none,radio,CARE-noreserve,3030,0.8989289139999528,677,18988,6.266666666666667,True
clustered-n100-d35-r005,2414192915,clustered,100,35,35.0,5,connected,0.0001,none,radio,CARE-noswitch,2812,2.0387659539999277,4006,17215,6.121977240398293,True
clustered-n100-d35-r006,1961551141,clustered,100,35,35.0,6,dominating,0.0001,none,radio,CARE-noreserve,670,0.12720940999997765,116,2719,4.058208955223881,True
clustered-n100-d35-r006,1961551141,clustered,100,35,35.0,6,dominating,0.0001,none,radio,CARE-noswitch,678,0.2408100039999681,508,2821,4.160766961651918,True
clustered-n100-d35-r006,1961551141,clustered,100,35,35.0,6,connected,0.0001,none,radio,CARE-noreserve,2490,1.0074538490000577,630,15534,6.2385542168674695,True
clustered-n100-d35-r006,1961551141,clustered,100,35,35.0,6,connected,0.0001,none,radio,CARE-noswitch,2323,1.7948644489999879,3193,14281,6.147653895824365,True
clustered-n100-d35-r007,319439501,clustered,100,35,35.0,7,dominating,0.0001,none,radio,CARE-noreserve,575,0.08291806200008978,101,2640,4.591304347826087,True
clustered-n100-d35-r007,319439501,clustered,100,35,35.0,7,dominating,0.0001,none,radio,CARE-noswitch,469,0.1813027560001501,71,2247,4.791044776119403,True
clustered-n100-d35-r007,319439501,clustered,100,35,35.0,7,connected,0.0001,none,radio,CARE-noreserve,2716,1.1561699709998265,722,19119,7.03939617083947,True
clustered-n100-d35-r007,319439501,clustered,100,35,35.0,7,connected,0.0001,none,radio,CARE-noswitch,2522,2.0518108699998265,2170,17535,6.9528152260111025,True
clustered-n100-d35-r008,883348294,clustered,100,35,35.0,8,dominating,0.0001,none,radio,CARE-noreserve,568,0.09795395500009363,100,2495,4.392605633802817,True
clustered-n100-d35-r008,883348294,clustered,100,35,35.0,8,dominating,0.0001,none,radio,CARE-noswitch,600,0.24748522899994896,476,2550,4.25,True
clustered-n100-d35-r008,883348294,clustered,100,35,35.0,8,connected,0.0001,none,radio,CARE-noreserve,2151,0.8766109349999169,592,14563,6.770339377033937,True
clustered-n100-d35-r008,883348294,clustered,100,35,35.0,8,connected,0.0001,none,radio,CARE-noswitch,2132,1.8247112409999318,3111,14176,6.649155722326454,True
clustered-n250-d15-r000,3196095052,clustered,250,15,15.0,0,dominating,0.0001,none,radio,CARE-noreserve,122,0.12209742799996093,73,3538,29.0,True
clustered-n250-d15-r000,3196095052,clustered,250,15,15.0,0,dominating,0.0001,none,radio,CARE-noswitch,120,0.1822999210000944,852,3541,29.508333333333333,True
clustered-n250-d15-r000,3196095052,clustered,250,15,15.0,0,connected,0.0001,none,radio,CARE-noreserve,265,0.9377527280000777,360,12689,47.88301886792453,True
clustered-n250-d15-r000,3196095052,clustered,250,15,15.0,0,connected,0.0001,none,radio,CARE-noswitch,235,0.7017954810000901,3655,11277,47.98723404255319,True
clustered-n100-d35-r009,4017903789,clustered,100,35,35.0,9,dominating,0.0001,none,radio,CARE-noreserve,684,0.18032878200006053,103,3198,4.675438596491228,True
clustered-n100-d35-r009,4017903789,clustered,100,35,35.0,9,dominating,0.0001,none,radio,CARE-noswitch,501,0.2614729540000553,113,2234,4.4590818363273454,True
clustered-n100-d35-r009,4017903789,clustered,100,35,35.0,9,connected,0.0001,none,radio,CARE-noreserve,2225,0.9330047050000303,547,14557,6.54247191011236,True
clustered-n100-d35-r009,4017903789,clustered,100,35,35.0,9,connected,0.0001,none,radio,CARE-noswitch,2019,1.3316228769999725,3462,12762,6.320950965824665,True
clustered-n250-d15-r001,381667776,clustered,250,15,15.0,1,dominating,0.0001,none,radio,CARE-noreserve,185,0.1646136749998277,189,5764,31.156756756756756,True
clustered-n250-d15-r001,381667776,clustered,250,15,15.0,1,dominating,0.0001,none,radio,CARE-noswitch,154,0.24615139900015492,1929,4795,31.136363636363637,True
clustered-n250-d15-r001,381667776,clustered,250,15,15.0,1,connected,0.0001,none,radio,CARE-noreserve,528,1.4954064379999181,639,25515,48.32386363636363,True
clustered-n250-d15-r001,381667776,clustered,250,15,15.0,1,connected,0.0001,none,radio,CARE-noswitch,531,1.7993572790001053,6698,25829,48.642184557438796,True
clustered-n250-d15-r003,1179602989,clustered,250,15,15.0,3,dominating,0.0001,none,radio,CARE-noreserve,60,0.09832441699995798,0,1740,29.0,True
clustered-n250-d15-r003,1179602989,clustered,250,15,15.0,3,dominating,0.0001,none,radio,CARE-noswitch,60,0.12261697999997523,30,1740,29.0,True
clustered-n250-d15-r003,1179602989,clustered,250,15,15.0,3,connected,0.0001,none,radio,CARE-noreserve,113,0.6625635039999906,49,5237,46.34513274336283,True
clustered-n250-d15-r003,1179602989,clustered,250,15,15.0,3,connected,0.0001,none,radio,CARE-noswitch,113,0.833717925999963,89,5313,47.017699115044245,True
clustered-n250-d15-r002,384796937,clustered,250,15,15.0,2,dominating,0.0001,none,radio,CARE-noreserve,137,0.18472752000002401,75,3804,27.766423357664234,True
clustered-n250-d15-r002,384796937,clustered,250,15,15.0,2,dominating,0.0001,none,radio,CARE-noswitch,157,0.25046457300004477,1558,4304,27.414012738853504,True
clustered-n250-d15-r002,384796937,clustered,250,15,15.0,2,connected,0.0001,none,radio,CARE-noreserve,400,1.315122941000027,298,17728,44.32,True
clustered-n250-d15-r002,384796937,clustered,250,15,15.0,2,connected,0.0001,none,radio,CARE-noswitch,454,1.1643148549999296,3726,20169,44.42511013215859,True
clustered-n250-d15-r006,3281722402,clustered,250,15,15.0,6,dominating,0.0001,none,radio,CARE-noreserve,64,0.14130823000004966,0,2048,32.0,True
clustered-n250-d15-r006,3281722402,clustered,250,15,15.0,6,dominating,0.0001,none,radio,CARE-noswitch,64,0.17417141699979766,39,1859,29.046875,True
clustered-n250-d15-r006,3281722402,clustered,250,15,15.0,6,connected,0.0001,none,radio,CARE-noreserve,143,0.5434285670000918,95,6537,45.71328671328671,True
clustered-n250-d15-r006,3281722402,clustered,250,15,15.0,6,connected,0.0001,none,radio,CARE-noswitch,139,0.7176015810000536,100,6234,44.84892086330935,True
clustered-n250-d15-r004,1299710577,clustered,250,15,15.0,4,dominating,0.0001,none,radio,CARE-noreserve,102,0.13208972699999322,34,2958,29.0,True
clustered-n250-d15-r004,1299710577,clustered,250,15,15.0,4,dominating,0.0001,none,radio,CARE-noswitch,127,0.29010336000010284,1886,3825,30.118110236220474,True
clustered-n250-d15-r004,1299710577,clustered,250,15,15.0,4,connected,0.0001,none,radio,CARE-noreserve,520,0.9047765069999514,456,23223,44.659615384615385,True
clustered-n250-d15-r004,1299710577,clustered,250,15,15.0,4,connected,0.0001,none,radio,CARE-noswitch,463,1.1796338429999196,3337,20796,44.915766738660906,True
clustered-n250-d15-r005,3988167786,clustered,250,15,15.0,5,dominating,0.0001,none,radio,CARE-noreserve,117,0.13430995499993514,56,3219,27.512820512820515,True
clustered-n250-d15-r005,3988167786,clustered,250,15,15.0,5,dominating,0.0001,none,radio,CARE-noswitch,117,0.23089038199987044,110,3213,27.46153846153846,True
clustered-n250-d15-r005,3988167786,clustered,250,15,15.0,5,connected,0.0001,none,radio,CARE-noreserve,445,0.848693909000076,400,20147,45.274157303370785,True
clustered-n250-d15-r005,3988167786,clustered,250,15,15.0,5,connected,0.0001,none,radio,CARE-noswitch,446,1.4145362310000564,8351,21031,47.15470852017937,True
clustered-n250-d15-r008,42083392,clustered,250,15,15.0,8,dominating,0.0001,none,radio,CARE-noreserve,68,0.10076482800013764,40,2278,33.5,True
clustered-n250-d15-r008,42083392,clustered,250,15,15.0,8,dominating,0.0001,none,radio,CARE-noswitch,68,0.14969007500008047,1038,2222,32.6764705882353,True
clustered-n250-d15-r008,42083392,clustered,250,15,15.0,8,connected,0.0001,none,radio,CARE-noreserve,136,0.5941612970000278,51,6492,47.73529411764706,True
clustered-n250-d15-r008,42083392,clustered,250,15,15.0,8,connected,0.0001,none,radio,CARE-noswitch,136,0.6663211960001263,82,6454,47.455882352941174,True
clustered-n250-d15-r007,1557704579,clustered,250,15,15.0,7,dominating,0.0001,none,radio,CARE-noreserve,92,0.15225790499994218,33,2811,30.554347826086957,True
clustered-n250-d15-r007,1557704579,clustered,250,15,15.0,7,dominating,0.0001,none,radio,CARE-noswitch,115,0.2917305609998948,1638,3460,30.08695652173913,True
clustered-n250-d15-r007,1557704579,clustered,250,15,15.0,7,connected,0.0001,none,radio,CARE-noreserve,140,0.6381525780000175,44,6580,47.0,True
clustered-n250-d15-r007,1557704579,clustered,250,15,15.0,7,connected,0.0001,none,radio,CARE-noswitch,140,0.674419897000007,113,6848,48.91428571428571,True
rgg-n500-d35-r009,298275536,rgg,500,35,35.0,9,dominating,0.0001,none,radio,CARE-noreserve,189,0.27992808800013336,134,4740,25.07936507936508,True
rgg-n500-d35-r009,298275536,rgg,500,35,35.0,9,dominating,0.0001,none,radio,CARE-noswitch,300,0.8616681829998925,650,6963,23.21,True
rgg-n500-d35-r009,298275536,rgg,500,35,35.0,9,connected,0.0001,none,radio,CARE-noreserve,2598,23.060851575000015,3901,99357,38.24364896073903,True
rgg-n500-d35-r009,298275536,rgg,500,35,35.0,9,connected,0.0001,none,radio,CARE-noswitch,2549,21.62730870600012,18610,92657,36.35033346410357,True
clustered-n250-d15-r009,2688651448,clustered,250,15,15.0,9,dominating,0.0001,none,radio,CARE-noreserve,101,0.17015708300004917,29,2676,26.495049504950494,True
clustered-n250-d15-r009,2688651448,clustered,250,15,15.0,9,dominating,0.0001,none,radio,CARE-noswitch,75,0.18057993100001113,25,2099,27.986666666666668,True
clustered-n250-d15-r009,2688651448,clustered,250,15,15.0,9,connected,0.0001,none,radio,CARE-noreserve,296,0.8823448200000712,276,13060,44.12162162162162,True
clustered-n250-d15-r009,2688651448,clustered,250,15,15.0,9,connected,0.0001,none,radio,CARE-noswitch,264,0.7629211099999793,9183,11838,44.84090909090909,True
clustered-n250-d25-r000,1306300022,clustered,250,25,25.0,0,dominating,0.0001,none,radio,CARE-noreserve,121,0.14241151800001717,53,2751,22.735537190082646,True
clustered-n250-d25-r000,1306300022,clustered,250,25,25.0,0,dominating,0.0001,none,radio,CARE-noswitch,121,0.25386727499994777,1451,2698,22.297520661157026,True
clustered-n250-d25-r000,1306300022,clustered,250,25,25.0,0,connected,0.0001,none,radio,CARE-noreserve,207,1.31495105099998,93,6280,30.33816425120773,True
clustered-n250-d25-r000,1306300022,clustered,250,25,25.0,0,connected,0.0001,none,radio,CARE-noswitch,207,1.3002672709999388,93,6280,30.33816425120773,True
clustered-n250-d25-r002,1758304849,clustered,250,25,25.0,2,dominating,0.0001,none,radio,CARE-noreserve,154,0.18648094900004253,97,3277,21.27922077922078,True
clustered-n250-d25-r002,1758304849,clustered,250,25,25.0,2,dominating,0.0001,none,radio,CARE-noswitch,155,0.259912328999917,107,2901,18.716129032258063,True
clustered-n250-d25-r002,1758304849,clustered,250,25,25.0,2,connected,0.0001,none,radio,CARE-noreserve,431,1.0985782170000675,376,14459,33.54756380510441,True
clustered-n250-d25-r002,1758304849,clustered,250,25,25.0,2,connected,0.0001,none,radio,CARE-noswitch,403,2.464492878999863,4636,12970,32.18362282878412,True
clustered-n250-d25-r001,1125388148,clustered,250,25,25.0,1,dominating,0.0001,none,radio,CARE-noreserve,188,0.12731382399988433,89,3387,18.01595744680851,True
clustered-n250-d25-r001,1125388148,clustered,250,25,25.0,1,dominating,0.0001,none,radio,CARE-noswitch,225,0.31432570100014345,122,4125,18.333333333333332,True
clustered-n250-d25-r001,1125388148,clustered,250,25,25.0,1,connected,0.0001,none,radio,CARE-noreserve,1009,1.864106621000019,827,28754,28.497522299306244,True
clustered-n250-d25-r001,1125388148,clustered,250,25,25.0,1,connected,0.0001,none,radio,CARE-noswitch,961,2.4437313329999597,6476,27126,28.22684703433923,True
clustered-n250-d25-r003,1581037992,clustered,250,25,25.0,3,dominating,0.0001,none,radio,CARE-noreserve,205,0.20493993499985663,158,3935,19.195121951219512,True
clustered-n250-d25-r003,1581037992,clustered,250,25,25.0,3,dominating,0.0001,none,radio,CARE-noswitch,249,0.34633435399996415,1356,4923,19.771084337349397,True
clustered-n250-d25-r003,1581037992,clustered,250,25,25.0,3,connected,0.0001,none,radio,CARE-noreserve,1150,2.2463709490000383,1173,34879,30.329565217391306,True
clustered-n250-d25-r003,1581037992,clustered,250,25,25.0,3,connected,0.0001,none,radio,CARE-noswitch,1249,3.0529577390000213,7617,37210,29.79183346677342,True
clustered-n250-d25-r004,2300723729,clustered,250,25,25.0,4,dominating,0.0001,none,radio,CARE-noreserve,240,0.15357984399997804,130,4934,20.558333333333334,True
clustered-n250-d25-r004,2300723729,clustered,250,25,25.0,4,dominating,0.0001,none,radio,CARE-noswitch,194,0.22369468299984874,304,3719,19.170103092783506,True
clustered-n250-d25-r004,2300723729,clustered,250,25,25.0,4,connected,0.0001,none,radio,CARE-noreserve,807,1.6436244569999872,721,23790,29.479553903345725,True
clustered-n250-d25-r004,2300723729,clustered,250,25,25.0,4,connected,0.0001,none,radio,CARE-noswitch,859,2.2784247409999807,6143,24347,28.343422584400464,True
clustered-n250-d25-r005,3666884746,clustered,250,25,25.0,5,dominating,0.0001,none,radio,CARE-noreserve,284,0.2936868960000538,210,5485,19.31338028169014,True
clustered-n250-d25-r005,3666884746,clustered,250,25,25.0,5,dominating,0.0001,none,radio,CARE-noswitch,256,0.40863662500009923,2845,4802,18.7578125,True
clustered-n250-d25-r005,3666884746,clustered,250,25,25.0,5,connected,0.0001,none,radio,CARE-noreserve,688,1.681494192999935,486,19546,28.40988372093023,True
clustered-n250-d25-r005,3666884746,clustered,250,25,25.0,5,connected,0.0001,none,radio,CARE-noswitch,684,1.6433800090001114,2992,19438,28.41812865497076,True
clustered-n250-d25-r006,2916005485,clustered,250,25,25.0,6,dominating,0.0001,none,radio,CARE-noreserve,225,0.15099393700006658,101,4044,17.973333333333333,True
clustered-n250-d25-r006,2916005485,clustered,250,25,25.0,6,dominating,0.0001,none,radio,CARE-noswitch,269,0.32544985300000917,582,4962,18.44609665427509,True
clustered-n250-d25-r006,2916005485,clustered,250,25,25.0,6,connected,0.0001,none,radio,CARE-noreserve,650,1.5783865000000787,472,17101,26.30923076923077,True
clustered-n250-d25-r006,2916005485,clustered,250,25,25.0,6,connected,0.0001,none,radio,CARE-noswitch,656,1.9129742719999285,1535,18300,27.896341463414632,True
clustered-n250-d25-r009,2404834683,clustered,250,25,25.0,9,dominating,0.0001,none,radio,CARE-noreserve,233,0.20976093800004492,155,4581,19.660944206008583,True
clustered-n250-d25-r009,2404834683,clustered,250,25,25.0,9,dominating,0.0001,none,radio,CARE-noswitch,199,0.38761741899998015,147,3856,19.376884422110553,True
clustered-n250-d25-r009,2404834683,clustered,250,25,25.0,9,connected,0.0001,none,radio,CARE-noreserve,627,1.4605228600000828,482,19152,30.545454545454547,True
clustered-n250-d25-r009,2404834683,clustered,250,25,25.0,9,connected,0.0001,none,radio,CARE-noswitch,598,1.4438494820001324,1823,19505,32.61705685618729,True
clustered-n250-d25-r007,1736138524,clustered,250,25,25.0,7,dominating,0.0001,none,radio,CARE-noreserve,346,0.3618029839999508,258,6515,18.829479768786126,True
clustered-n250-d25-r007,1736138524,clustered,250,25,25.0,7,dominating,0.0001,none,radio,CARE-noswitch,314,0.3627938090000953,2626,5861,18.6656050955414,True
clustered-n250-d25-r007,1736138524,clustered,250,25,25.0,7,connected,0.0001,none,radio,CARE-noreserve,1262,1.9922019200000705,1014,34259,27.14659270998415,True
clustered-n250-d25-r007,1736138524,clustered,250,25,25.0,7,connected,0.0001,none,radio,CARE-noswitch,1402,3.0514509029999317,8579,37882,27.01997146932953,True
clustered-n250-d25-r008,159855347,clustered,250,25,25.0,8,dominating,0.0001,none,radio,CARE-noreserve,260,0.2052827539998816,138,5139,19.765384615384615,True
clustered-n250-d25-r008,159855347,clustered,250,25,25.0,8,dominating,0.0001,none,radio,CARE-noswitch,264,0.3936069280000538,269,5343,20.238636363636363,True
clustered-n250-d25-r008,159855347,clustered,250,25,25.0,8,connected,0.0001,none,radio,CARE-noreserve,1147,2.0933099080000375,1088,36171,31.535309503051437,True
clustered-n250-d25-r008,159855347,clustered,250,25,25.0,8,connected,0.0001,none,radio,CARE-noswitch,1123,2.947644954999987,5504,33751,30.05431878895815,True
clustered-n250-d35-r000,1472846008,clustered,250,35,35.0,0,dominating,0.0001,none,radio,CARE-noreserve,379,0.2673354449998442,203,5557,14.6622691292876,True
clustered-n250-d35-r000,1472846008,clustered,250,35,35.0,0,dominating,0.0001,none,radio,CARE-noswitch,393,0.4911654449999787,174,5772,14.687022900763358,True
clustered-n250-d35-r000,1472846008,clustered,250,35,35.0,0,connected,0.0001,none,radio,CARE-noreserve,1039,2.447084969999878,663,21186,20.390760346487006,True
clustered-n250-d35-r000,1472846008,clustered,250,35,35.0,0,connected,0.0001,none,radio,CARE-noswitch,1146,4.387872117999905,712,24512,21.3891797556719,True
clustered-n250-d35-r003,852020557,clustered,250,35,35.0,3,dominating,0.0001,none,radio,CARE-noreserve,186,0.14763250400005745,104,3148,16.9247311827957,True
clustered-n250-d35-r003,852020557,clustered,250,35,35.0,3,dominating,0.0001,none,radio,CARE-noswitch,208,0.40139319300010357,96,3514,16.89423076923077,True
clustered-n250-d35-r003,852020557,clustered,250,35,35.0,3,connected,0.0001,none,radio,CARE-noreserve,584,1.4965578940000341,280,13095,22.42294520547945,True
clustered-n250-d35-r003,852020557,clustered,250,35,35.0,3,connected,0.0001,none,radio,CARE-noswitch,591,1.9311197970000649,3916,13245,22.411167512690355,True
clustered-n250-d35-r001,888851908,clustered,250,35,35.0,1,dominating,0.0001,none,radio,CARE-noreserve,338,0.22024503299985554,267,4656,13.775147928994082,True
clustered-n250-d35-r001,888851908,clustered,250,35,35.0,1,dominating,0.0001,none,radio,CARE-noswitch,356,0.4534707919999619,155,5284,14.842696629213483,True
clustered-n250-d35-r001,888851908,clustered,250,35,35.0,1,connected,0.0001,none,radio,CARE-noreserve,999,2.6094042769998396,595,20505,20.525525525525527,True
clustered-n250-d35-r001,888851908,clustered,250,35,35.0,1,connected,0.0001,none,radio,CARE-noswitch,1026,3.4686380480000025,4443,20118,19.608187134502923,True
clustered-n250-d35-r002,1675884169,clustered,250,35,35.0,2,dominating,0.0001,none,radio,CARE-noreserve,334,0.2771721700000853,188,4806,14.389221556886227,True
clustered-n250-d35-r002,1675884169,clustered,250,35,35.0,2,dominating,0.0001,none,radio,CARE-noswitch,200,0.33280497199984893,102,2911,14.555,True
clustered-n250-d35-r002,1675884169,clustered,250,35,35.0,2,connected,0.0001,none,radio,CARE-noreserve,1386,2.8231563250001273,906,30543,22.036796536796537,True
clustered-n250-d35-r002,1675884169,clustered,250,35,35.0,2,connected,0.0001,none,radio,CARE-noswitch,1526,3.4408615960001043,8543,33271,21.80275229357798,True
clustered-n250-d35-r006,427284198,clustered,250,35,35.0,6,dominating,0.0001,none,radio,CARE-noreserve,60,0.11728375999996388,0,840,14.0,True
clustered-n250-d35-r006,427284198,clustered,250,35,35.0,6,dominating,0.0001,none,radio,CARE-noswitch,60,0.13959264899995105,0,840,14.0,True
clustered-n250-d35-r006,427284198,clustered,250,35,35.0,6,connected,0.0001,none,radio,CARE-noreserve,218,1.5718469480000294,64,4760,21.834862385321102,True
clustered-n250-d35-r006,427284198,clustered,250,35,35.0,6,connected,0.0001,none,radio,CARE-noswitch,218,1.5018549060000623,63,4742,21.75229357798165,True
clustered-n250-d35-r007,2365037119,clustered,250,35,35.0,7,dominating,0.0001,none,radio,CARE-noreserve,477,0.28328253400013637,271,6892,14.448637316561845,True
clustered-n250-d35-r007,2365037119,clustered,250,35,35.0,7,dominating,0.0001,none,radio,CARE-noswitch,354,0.38807610200001363,750,5062,14.299435028248588,True
clustered-n250-d35-r007,2365037119,clustered,250,35,35.0,7,connected,0.0001,none,radio,CARE-noreserve,1389,2.841742262000025,814,29241,21.05183585313175,True
clustered-n250-d35-r007,2365037119,clustered,250,35,35.0,7,connected,0.0001,none,radio,CARE-noswitch,1458,3.9790598919998956,6231,29806,20.44307270233196,True
clustered-n250-d35-r005,1942332477,clustered,250,35,35.0,5,dominating,0.0001,none,radio,CARE-noreserve,300,0.32964132099982635,205,4378,14.593333333333334,True
clustered-n250-d35-r005,1942332477,clustered,250,35,35.0,5,dominating,0.0001,none,radio,CARE-noswitch,472,0.5742099569999937,333,7352,15.576271186440678,True
clustered-n250-d35-r005,1942332477,clustered,250,35,35.0,5,connected,0.0001,none,radio,CARE-noreserve,1208,4.246945652000022,865,26210,21.69701986754967,True
clustered-n250-d35-r005,1942332477,clustered,250,35,35.0,5,connected,0.0001,none,radio,CARE-noswitch,1290,4.596468163000054,8284,28120,21.7984496124031,True
clustered-n250-d35-r004,765266854,clustered,250,35,35.0,4,dominating,0.0001,none,radio,CARE-noreserve,392,0.260187015999918,249,6169,15.737244897959183,True
clustered-n250-d35-r004,765266854,clustered,250,35,35.0,4,dominating,0.0001,none,radio,CARE-noswitch,300,0.3383057870000812,290,4586,15.286666666666667,True
clustered-n250-d35-r004,765266854,clustered,250,35,35.0,4,connected,0.0001,none,radio,CARE-noreserve,1920,4.121219015999941,1544,44460,23.15625,True
clustered-n250-d35-r004,765266854,clustered,250,35,35.0,4,connected,0.0001,none,radio,CARE-noswitch,1928,5.832533100999854,6810,44519,23.09076763485477,True
clustered-n250-d35-r008,1219554507,clustered,250,35,35.0,8,dominating,0.0001,none,radio,CARE-noreserve,228,0.19111595399999715,125,3645,15.986842105263158,True
clustered-n250-d35-r008,1219554507,clustered,250,35,35.0,8,dominating,0.0001,none,radio,CARE-noswitch,348,0.38840933200003747,343,5439,15.629310344827585,True
clustered-n250-d35-r008,1219554507,clustered,250,35,35.0,8,connected,0.0001,none,radio,CARE-noreserve,1586,2.517404008000085,1090,33817,21.32219419924338,True
clustered-n250-d35-r008,1219554507,clustered,250,35,35.0,8,connected,0.0001,none,radio,CARE-noswitch,1702,4.6669992399999956,9773,35877,21.079318448883665,True
clustered-n250-d35-r009,2041198239,clustered,250,35,35.0,9,dominating,0.0001,none,radio,CARE-noreserve,310,0.2591545110001334,176,4534,14.625806451612902,True
clustered-n250-d35-r009,2041198239,clustered,250,35,35.0,9,dominating,0.0001,none,radio,CARE-noswitch,371,0.36795418099995914,180,5577,15.032345013477089,True
clustered-n250-d35-r009,2041198239,clustered,250,35,35.0,9,connected,0.0001,none,radio,CARE-noreserve,1454,3.0027056709998305,983,30650,21.07977991746905,True
clustered-n250-d35-r009,2041198239,clustered,250,35,35.0,9,connected,0.0001,none,radio,CARE-noswitch,1461,3.561131230000001,7373,31095,21.28336755646817,True
clustered-n500-d15-r001,3300777157,clustered,500,15,15.0,1,dominating,0.0001,none,radio,CARE-noreserve,87,0.34473877100003847,93,5567,63.98850574712644,True
clustered-n500-d15-r001,3300777157,clustered,500,15,15.0,1,dominating,0.0001,none,radio,CARE-noswitch,106,0.6179439390000425,2039,6170,58.20754716981132,True
clustered-n500-d15-r001,3300777157,clustered,500,15,15.0,1,connected,0.0001,none,radio,CARE-noreserve,131,2.945563643000014,110,11852,90.47328244274809,True
clustered-n500-d15-r001,3300777157,clustered,500,15,15.0,1,connected,0.0001,none,radio,CARE-noswitch,131,3.3280601209999077,110,11852,90.47328244274809,True
clustered-n500-d15-r000,3439625210,clustered,500,15,15.0,0,dominating,0.0001,none,radio,CARE-noreserve,63,0.28629840600001444,115,4319,68.55555555555556,True
clustered-n500-d15-r000,3439625210,clustered,500,15,15.0,0,dominating,0.0001,none,radio,CARE-noswitch,71,0.4080803479998849,2093,4770,67.1830985915493,True
clustered-n500-d15-r000,3439625210,clustered,500,15,15.0,0,connected,0.0001,none,radio,CARE-noreserve,219,3.557546325999965,407,23460,107.12328767123287,True
clustered-n500-d15-r000,3439625210,clustered,500,15,15.0,0,connected,0.0001,none,radio,CARE-noswitch,219,3.7903680539998277,1187,22665,103.4931506849315,True
clustered-n500-d15-r002,4108131617,clustered,500,15,15.0,2,dominating,0.0001,none,radio,CARE-noreserve,65,0.2768238730000121,48,4202,64.64615384615385,True
clustered-n500-d15-r002,4108131617,clustered,500,15,15.0,2,dominating,0.0001,none,radio,CARE-noswitch,65,0.396786013999872,0,4420,68.0,True
clustered-n500-d15-r002,4108131617,clustered,500,15,15.0,2,connected,0.0001,none,radio,CARE-noreserve,139,2.5188707440001963,200,13673,98.36690647482014,True
clustered-n500-d15-r002,4108131617,clustered,500,15,15.0,2,connected,0.0001,none,radio,CARE-noswitch,139,3.0546302039999773,8689,13524,97.29496402877697,True
clustered-n500-d15-r003,1281010748,clustered,500,15,15.0,3,dominating,0.0001,none,radio,CARE-noreserve,63,0.2831921419999617,61,3666,58.19047619047619,True
clustered-n500-d15-r003,1281010748,clustered,500,15,15.0,3,dominating,0.0001,none,radio,CARE-noswitch,64,0.4899939860001723,109,3826,59.78125,True
clustered-n500-d15-r003,1281010748,clustered,500,15,15.0,3,connected,0.0001,none,radio,CARE-noreserve,122,2.8823980810000194,88,11532,94.52459016393442,True
clustered-n500-d15-r003,1281010748,clustered,500,15,15.0,3,connected,0.0001,none,radio,CARE-noswitch,122,3.2780070720000367,1928,11616,95.21311475409836,True
clustered-n500-d15-r005,1754972411,clustered,500,15,15.0,5,dominating,0.0001,none,radio,CARE-noreserve,75,0.38087574099995436,56,4500,60.0,True
clustered-n500-d15-r005,1754972411,clustered,500,15,15.0,5,dominating,0.0001,none,radio,CARE-noswitch,75,0.4368286149999676,56,4500,60.0,True
clustered-n500-d15-r005,1754972411,clustered,500,15,15.0,5,connected,0.0001,none,radio,CARE-noreserve,154,2.6820122889998856,219,16121,104.68181818181819,True
clustered-n500-d15-r005,1754972411,clustered,500,15,15.0,5,connected,0.0001,none,radio,CARE-noswitch,153,3.0751303029999235,7500,15233,99.56209150326798,True
clustered-n500-d15-r004,1851455971,clustered,500,15,15.0,4,dominating,0.0001,none,radio,CARE-noreserve,65,0.3113201349999599,0,4095,63.0,True
clustered-n500-d15-r004,1851455971,clustered,500,15,15.0,4,dominating,0.0001,none,radio,CARE-noswitch,65,0.4192412999998396,99,3912,60.184615384615384,True
clustered-n500-d15-r004,1851455971,clustered,500,15,15.0,4,connected,0.0001,none,radio,CARE-noreserve,248,3.930399976999979,501,24651,99.3991935483871,True
clustered-n500-d15-r004,1851455971,clustered,500,15,15.0,4,connected,0.0001,none,radio,CARE-noswitch,247,4.0179403649999585,7490,25126,101.7246963562753,True
clustered-n500-d15-r007,1412233428,clustered,500,15,15.0,7,dominating,0.0001,none,radio,CARE-noreserve,66,0.3064613530000315,90,3960,60.0,True
clustered-n500-d15-r007,1412233428,clustered,500,15,15.0,7,dominating,0.0001,none,radio,CARE-noswitch,67,0.44870355200009726,2458,3676,54.865671641791046,True
clustered-n500-d15-r007,1412233428,clustered,500,15,15.0,7,connected,0.0001,none,radio,CARE-noreserve,128,3.028118928999902,148,12005,93.7890625,True
clustered-n500-d15-r007,1412233428,clustered,500,15,15.0,7,connected,0.0001,none,radio,CARE-noswitch,130,3.058044525000014,6898,12217,93.97692307692307,True
clustered-n500-d15-r006,3185589060,clustered,500,15,15.0,6,dominating,0.0001,none,radio,CARE-noreserve,37,0.39949706800007334,41,2285,61.75675675675676,True
clustered-n500-d15-r006,3185589060,clustered,500,15,15.0,6,dominating,0.0001,none,radio,CARE-noswitch,63,0.5036327459999939,72,3906,62.0,True
clustered-n500-d15-r006,3185589060,clustered,500,15,15.0,6,connected,0.0001,none,radio,CARE-noreserve,204,4.121711633000132,255,19761,96.86764705882354,True
clustered-n500-d15-r006,3185589060,clustered,500,15,15.0,6,connected,0.0001,none,radio,CARE-noswitch,204,4.912185564000083,7358,20007,98.07352941176471,True
clustered-n500-d15-r008,671151909,clustered,500,15,15.0,8,dominating,0.0001,none,radio,CARE-noreserve,42,0.3625664390001475,0,2394,57.0,True
clustered-n500-d15-r008,671151909,clustered,500,15,15.0,8,dominating,0.0001,none,radio,CARE-noswitch,57,0.42927518000010423,1988,3416,59.92982456140351,True
clustered-n500-d15-r008,671151909,clustered,500,15,15.0,8,connected,0.0001,none,radio,CARE-noreserve,154,2.725300817000061,187,13652,88.64935064935065,True
clustered-n500-d15-r008,671151909,clustered,500,15,15.0,8,connected,0.0001,none,radio,CARE-noswitch,154,2.6737670420000086,3224,13646,88.6103896103896,True
clustered-n500-d15-r009,1757860577,clustered,500,15,15.0,9,dominating,0.0001,none,radio,CARE-noreserve,62,0.2582055919999675,0,3534,57.0,True
clustered-n500-d15-r009,1757860577,clustered,500,15,15.0,9,dominating,0.0001,none,radio,CARE-noswitch,62,0.31344737399990663,53,3549,57.24193548387097,True
clustered-n500-d15-r009,1757860577,clustered,500,15,15.0,9,connected,0.0001,none,radio,CARE-noreserve,244,3.0725873789999696,472,21868,89.62295081967213,True
clustered-n500-d15-r009,1757860577,clustered,500,15,15.0,9,connected,0.0001,none,radio,CARE-noswitch,243,4.163645746999919,5329,21774,89.60493827160494,True
clustered-n500-d25-r000,1655465466,clustered,500,25,25.0,0,dominating,0.0001,none,radio,CARE-noreserve,207,0.4306467569999768,231,8045,38.86473429951691,True
clustered-n500-d25-r000,1655465466,clustered,500,25,25.0,0,dominating,0.0001,none,radio,CARE-noswitch,216,0.7280790800000432,1496,8415,38.958333333333336,True
clustered-n500-d25-r000,1655465466,clustered,500,25,25.0,0,connected,0.0001,none,radio,CARE-noreserve,395,4.038795223999841,446,22655,57.35443037974684,True
clustered-n500-d25-r000,1655465466,clustered,500,25,25.0,0,connected,0.0001,none,radio,CARE-noswitch,325,5.933808460000137,4437,20097,61.83692307692308,True
clustered-n500-d25-r001,123510752,clustered,500,25,25.0,1,dominating,0.0001,none,radio,CARE-noreserve,80,0.2597315250000065,38,3280,41.0,True
clustered-n500-d25-r001,123510752,clustered,500,25,25.0,1,dominating,0.0001,none,radio,CARE-noswitch,80,0.36558913699991535,10,3280,41.0,True
clustered-n500-d25-r001,123510752,clustered,500,25,25.0,1,connected,0.0001,none,radio,CARE-noreserve,328,8.948739739999837,583,21132,64.42682926829268,True
clustered-n500-d25-r001,123510752,clustered,500,25,25.0,1,connected,0.0001,none,radio,CARE-noswitch,326,5.142107506000002,1731,20395,62.561349693251536,True
clustered-n500-d25-r002,4063431619,clustered,500,25,25.0,2,dominating,0.0001,none,radio,CARE-noreserve,125,0.34500221500002226,135,5102,40.816,True
clustered-n500-d25-r002,4063431619,clustered,500,25,25.0,2,dominating,0.0001,none,radio,CARE-noswitch,137,0.7040353100001084,430,5428,39.62043795620438,True
clustered-n500-d25-r002,4063431619,clustered,500,25,25.0,2,connected,0.0001,none,radio,CARE-noreserve,370,6.4110497770000165,505,24287,65.64054054054054,True
clustered-n500-d25-r002,4063431619,clustered,500,25,25.0,2,connected,0.0001,none,radio,CARE-noswitch,423,7.3804430289999345,3877,26042,61.565011820330966,True
clustered-n500-d25-r003,3479131441,clustered,500,25,25.0,3,dominating,0.0001,none,radio,CARE-noreserve,147,0.5559222869999303,121,6287,42.7687074829932,True
clustered-n500-d25-r003,3479131441,clustered,500,25,25.0,3,dominating,0.0001,none,radio,CARE-noswitch,147,0.622037391999811,1133,6106,41.53741496598639,True
clustered-n500-d25-r003,3479131441,clustered,500,25,25.0,3,connected,0.0001,none,radio,CARE-noreserve,287,5.197768902000007,190,17126,59.67247386759582,True
clustered-n500-d25-r003,3479131441,clustered,500,25,25.0,3,connected,0.0001,none,radio,CARE-noswitch,287,5.4913060799999585,4685,18302,63.77003484320557,True
clustered-n500-d25-r004,3555807661,clustered,500,25,25.0,4,dominating,0.0001,none,radio,CARE-noreserve,96,0.36149986300006276,54,3852,40.125,True
clustered-n500-d25-r004,3555807661,clustered,500,25,25.0,4,dominating,0.0001,none,radio,CARE-noswitch,97,0.4678546979998828,49,3725,38.402061855670105,True
clustered-n500-d25-r004,3555807661,clustered,500,25,25.0,4,connected,0.0001,none,radio,CARE-noreserve,326,5.7552686540000195,397,20067,61.55521472392638,True
clustered-n500-d25-r004,3555807661,clustered,500,25,25.0,4,connected,0.0001,none,radio,CARE-noswitch,331,7.355531052999822,2289,21255,64.21450151057402,True
clustered-n500-d25-r005,1245154353,clustered,500,25,25.0,5,dominating,0.0001,none,radio,CARE-noreserve,63,0.4162171880000187,61,2823,44.80952380952381,True
clustered-n500-d25-r005,1245154353,clustered,500,25,25.0,5,dominating,0.0001,none,radio,CARE-noswitch,37,0.45498753000015313,406,1453,39.270270270270274,True
clustered-n500-d25-r005,1245154353,clustered,500,25,25.0,5,connected,0.0001,none,radio,CARE-noreserve,234,6.0126468939999995,175,14265,60.96153846153846,True
clustered-n500-d25-r005,1245154353,clustered,500,25,25.0,5,connected,0.0001,none,radio,CARE-noswitch,234,6.511451043000079,788,14234,60.82905982905983,True
clustered-n500-d25-r006,563184812,clustered,500,25,25.0,6,dominating,0.0001,none,radio,CARE-noreserve,110,0.5531102859999919,67,4430,40.27272727272727,True
clustered-n500-d25-r006,563184812,clustered,500,25,25.0,6,dominating,0.0001,none,radio,CARE-noswitch,110,0.6712651620000543,236,4252,38.654545454545456,True
clustered-n500-d25-r006,563184812,clustered,500,25,25.0,6,connected,0.0001,none,radio,CARE-noreserve,235,6.016546441999935,198,13136,55.89787234042553,True
clustered-n500-d25-r006,563184812,clustered,500,25,25.0,6,connected,0.0001,none,radio,CARE-noswitch,235,5.533653501999879,4486,13266,56.45106382978724,True
clustered-n500-d25-r007,3691427927,clustered,500,25,25.0,7,dominating,0.0001,none,radio,CARE-noreserve,105,0.48060235999992074,110,4467,42.542857142857144,True
clustered-n500-d25-r007,3691427927,clustered,500,25,25.0,7,dominating,0.0001,none,radio,CARE-noswitch,105,0.6363963310000145,479,4582,43.63809523809524,True
clustered-n500-d25-r007,3691427927,clustered,500,25,25.0,7,connected,0.0001,none,radio,CARE-noreserve,385,6.411535259999937,458,24035,62.42857142857143,True
clustered-n500-d25-r007,3691427927,clustered,500,25,25.0,7,connected,0.0001,none,radio,CARE-noswitch,337,6.853830700000117,5519,21889,64.95252225519287,True
clustered-n500-d25-r008,3548412325,clustered,500,25,25.0,8,dominating,0.0001,none,radio,CARE-noreserve,113,0.48103298399996675,174,4627,40.94690265486726,True
clustered-n500-d25-r008,3548412325,clustered,500,25,25.0,8,dominating,0.0001,none,radio,CARE-noswitch,123,0.5914040510001541,3690,4912,39.9349593495935,True
clustered-n500-d25-r008,3548412325,clustered,500,25,25.0,8,connected,0.0001,none,radio,CARE-noreserve,330,5.0704499510000005,645,22107,66.99090909090908,True
clustered-n500-d25-r008,3548412325,clustered,500,25,25.0,8,connected,0.0001,none,radio,CARE-noswitch,330,6.1024662580000495,2483,21352,64.7030303030303,True
clustered-n500-d35-r000,749176328,clustered,500,35,35.0,0,dominating,0.0001,none,radio,CARE-noreserve,154,0.33904207900013716,90,4517,29.33116883116883,True
clustered-n500-d35-r000,749176328,clustered,500,35,35.0,0,dominating,0.0001,none,radio,CARE-noswitch,154,0.6699497370000245,1752,4687,30.435064935064936,True
clustered-n500-d35-r000,749176328,clustered,500,35,35.0,0,connected,0.0001,none,radio,CARE-noreserve,306,9.169571100999974,263,13917,45.48039215686274,True
clustered-n500-d35-r000,749176328,clustered,500,35,35.0,0,connected,0.0001,none,radio,CARE-noswitch,303,9.410921500999848,3954,13591,44.85478547854785,True
clustered-n500-d35-r001,1365118819,clustered,500,35,35.0,1,dominating,0.0001,none,radio,CARE-noreserve,93,0.2802851529997952,41,3102,33.354838709677416,True
clustered-n500-d35-r001,1365118819,clustered,500,35,35.0,1,dominating,0.0001,none,radio,CARE-noswitch,93,0.5239357809998637,99,3053,32.82795698924731,True
clustered-n500-d35-r001,1365118819,clustered,500,35,35.0,1,connected,0.0001,none,radio,CARE-noreserve,374,7.8546811399999115,299,17044,45.57219251336898,True
clustered-n500-d35-r001,1365118819,clustered,500,35,35.0,1,connected,0.0001,none,radio,CARE-noswitch,374,6.595565178000015,248,17236,46.0855614973262,True
clustered-n500-d25-r009,3230197203,clustered,500,25,25.0,9,dominating,0.0001,none,radio,CARE-noreserve,178,0.4946532799999659,295,7272,40.853932584269664,True
clustered-n500-d25-r009,3230197203,clustered,500,25,25.0,9,dominating,0.0001,none,radio,CARE-noswitch,148,0.7811168520001956,2677,6040,40.810810810810814,True
clustered-n500-d25-r009,3230197203,clustered,500,25,25.0,9,connected,0.0001,none,radio,CARE-noreserve,1050,13.855163410999921,2332,68155,64.9095238095238,True
clustered-n500-d25-r009,3230197203,clustered,500,25,25.0,9,connected,0.0001,none,radio,CARE-noswitch,1010,9.840410097000131,15699,64307,63.67029702970297,True
clustered-n500-d35-r002,373745711,clustered,500,35,35.0,2,dominating,0.0001,none,radio,CARE-noreserve,134,0.5538473080000585,83,4308,32.149253731343286,True
clustered-n500-d35-r002,373745711,clustered,500,35,35.0,2,dominating,0.0001,none,radio,CARE-noswitch,131,0.7580500469998697,124,4193,32.00763358778626,True
clustered-n500-d35-r002,373745711,clustered,500,35,35.0,2,connected,0.0001,none,radio,CARE-noreserve,545,10.01808194399996,489,25772,47.28807339449541,True
clustered-n500-d35-r002,373745711,clustered,500,35,35.0,2,connected,0.0001,none,radio,CARE-noswitch,545,10.059457975999976,7299,25262,46.35229357798165,True
clustered-n500-d35-r003,1888698928,clustered,500,35,35.0,3,dominating,0.0001,none,radio,CARE-noreserve,58,0.3472046289998616,43,1915,33.01724137931034,True
clustered-n500-d35-r003,1888698928,clustered,500,35,35.0,3,dominating,0.0001,none,radio,CARE-noswitch,58,0.39801063899994915,43,1915,33.01724137931034,True
clustered-n500-d35-r003,1888698928,clustered,500,35,35.0,3,connected,0.0001,none,radio,CARE-noreserve,172,5.882717835999983,286,9653,56.122093023255815,True
clustered-n500-d35-r003,1888698928,clustered,500,35,35.0,3,connected,0.0001,none,radio,CARE-noswitch,172,5.147385647000192,7067,9986,58.05813953488372,True
clustered-n500-d35-r004,2439737670,clustered,500,35,35.0,4,dominating,0.0001,none,radio,CARE-noreserve,188,0.5109536950001257,168,5911,31.44148936170213,True
clustered-n500-d35-r004,2439737670,clustered,500,35,35.0,4,dominating,0.0001,none,radio,CARE-noswitch,169,0.8093464849998782,2177,5275,31.21301775147929,True
clustered-n500-d35-r004,2439737670,clustered,500,35,35.0,4,connected,0.0001,none,radio,CARE-noreserve,554,9.541376682999953,657,26225,47.33754512635379,True
clustered-n500-d35-r004,2439737670,clustered,500,35,35.0,4,connected,0.0001,none,radio,CARE-noswitch,419,11.848974565999924,920,20736,49.48926014319809,True
clustered-n500-d35-r006,3870462733,clustered,500,35,35.0,6,dominating,0.0001,none,radio,CARE-noreserve,131,0.44198795300007987,83,4272,32.61068702290076,True
clustered-n500-d35-r006,3870462733,clustered,500,35,35.0,6,dominating,0.0001,none,radio,CARE-noswitch,141,0.5839489969998795,3303,4582,32.49645390070922,True
clustered-n500-d35-r006,3870462733,clustered,500,35,35.0,6,connected,0.0001,none,radio,CARE-noreserve,343,6.6417646449999665,378,16642,48.518950437317784,True
clustered-n500-d35-r006,3870462733,clustered,500,35,35.0,6,connected,0.0001,none,radio,CARE-noswitch,343,8.064206418999902,8769,16381,47.75801749271137,True
clustered-n500-d35-r007,536962295,clustered,500,35,35.0,7,dominating,0.0001,none,radio,CARE-noreserve,142,0.5927727779999259,152,4710,33.16901408450704,True
clustered-n500-d35-r007,536962295,clustered,500,35,35.0,7,dominating,0.0001,none,radio,CARE-noswitch,179,0.641505251000126,3684,5787,32.32960893854749,True
clustered-n500-d35-r007,536962295,clustered,500,35,35.0,7,connected,0.0001,none,radio,CARE-noreserve,530,7.3061293199998545,605,24233,45.72264150943396,True
clustered-n500-d35-r007,536962295,clustered,500,35,35.0,7,connected,0.0001,none,radio,CARE-noswitch,430,9.343893703000049,3360,19465,45.26744186046512,True
er-n100-d15-r000,4032376860,er,100,15,14.5,0,dominating,0.0001,none,radio,CARE-noreserve,150,0.09968066700002964,159,1903,12.686666666666667,True
er-n100-d15-r000,4032376860,er,100,15,14.5,0,dominating,0.0001,none,radio,CARE-noswitch,133,0.14758569700006774,1016,1652,12.421052631578947,True
er-n100-d15-r000,4032376860,er,100,15,14.5,0,connected,0.0001,none,radio,CARE-noreserve,544,0.38962925999999243,748,8685,15.965073529411764,True
er-n100-d15-r000,4032376860,er,100,15,14.5,0,connected,0.0001,none,radio,CARE-noswitch,566,0.475984163000021,4554,8919,15.757950530035336,True
clustered-n500-d35-r005,3388744707,clustered,500,35,35.0,5,dominating,0.0001,none,radio,CARE-noreserve,152,0.3410495859998264,180,4702,30.93421052631579,True
clustered-n500-d35-r005,3388744707,clustered,500,35,35.0,5,dominating,0.0001,none,radio,CARE-noswitch,79,0.34179404399992563,45,2497,31.60759493670886,True
clustered-n500-d35-r005,3388744707,clustered,500,35,35.0,5,connected,0.0001,none,radio,CARE-noreserve,522,10.630973006999966,672,23634,45.275862068965516,True
clustered-n500-d35-r005,3388744707,clustered,500,35,35.0,5,connected,0.0001,none,radio,CARE-noswitch,517,14.991071581999904,1047,23485,45.42553191489362,True
er-n100-d15-r001,29825659,er,100,15,14.3,1,dominating,0.0001,none,radio,CARE-noreserve,88,0.04827265300014005,106,1084,12.318181818181818,True
er-n100-d15-r001,29825659,er,100,15,14.3,1,dominating,0.0001,none,radio,CARE-noswitch,109,0.07016802900011498,566,1326,12.1651376146789,True
er-n100-d15-r001,29825659,er,100,15,14.3,1,connected,0.0001,none,radio,CARE-noreserve,453,0.30807876900007614,515,6960,15.364238410596027,True
er-n100-d15-r001,29825659,er,100,15,14.3,1,connected,0.0001,none,radio,CARE-noswitch,506,0.3780798740001501,3709,7729,15.274703557312254,True
er-n100-d15-r002,538498049,er,100,15,14.94,2,dominating,0.0001,none,radio,CARE-noreserve,111,0.09242081299998972,136,1443,13.0,True
er-n100-d15-r002,538498049,er,100,15,14.94,2,dominating,0.0001,none,radio,CARE-noswitch,99,0.07870959000001676,87,1230,12.424242424242424,True
er-n100-d15-r002,538498049,er,100,15,14.94,2,connected,0.0001,none,radio,CARE-noreserve,276,0.16843752999989192,170,3786,13.717391304347826,True
er-n100-d15-r002,538498049,er,100,15,14.94,2,connected,0.0001,none,radio,CARE-noswitch,440,0.39066594000018995,829,6279,14.270454545454545,True
er-n100-d15-r003,3004915207,er,100,15,15.78,3,dominating,0.0001,none,radio,CARE-noreserve,129,0.07341794399985702,196,1570,12.170542635658915,True
er-n100-d15-r003,3004915207,er,100,15,15.78,3,dominating,0.0001,none,radio,CARE-noswitch,107,0.07568369999989955,134,1260,11.77570093457944,True
er-n100-d15-r003,3004915207,er,100,15,15.78,3,connected,0.0001,none,radio,CARE-noreserve,350,0.2306034969999473,257,4715,13.471428571428572,True
er-n100-d15-r003,3004915207,er,100,15,15.78,3,connected,0.0001,none,radio,CARE-noswitch,574,0.4285718630001156,1872,8058,14.038327526132404,True
er-n100-d15-r004,252670285,er,100,15,15.38,4,dominating,0.0001,none,radio,CARE-noreserve,107,0.10130520999996406,201,1437,13.429906542056075,True
er-n100-d15-r004,252670285,er,100,15,15.38,4,dominating,0.0001,none,radio,CARE-noswitch,100,0.11564409599986902,188,1314,13.14,True
er-n100-d15-r004,252670285,er,100,15,15.38,4,connected,0.0001,none,radio,CARE-noreserve,382,0.22335495400011496,437,5764,15.089005235602095,True
er-n100-d15-r004,252670285,er,100,15,15.38,4,connected,0.0001,none,radio,CARE-noswitch,466,0.35796025700005885,2458,7020,15.064377682403434,True
er-n100-d15-r005,2376504378,er,100,15,15.32,5,dominating,0.0001,none,radio,CARE-noreserve,114,0.06568275500012533,163,1449,12.710526315789474,True
er-n100-d15-r005,2376504378,er,100,15,15.32,5,dominating,0.0001,none,radio,CARE-noswitch,106,0.08157609899990348,795,1293,12.19811320754717,True
er-n100-d15-r005,2376504378,er,100,15,15.32,5,connected,0.0001,none,radio,CARE-noreserve,574,0.3567641280001226,712,8668,15.101045296167248,True
er-n100-d15-r005,2376504378,er,100,15,15.32,5,connected,0.0001,none,radio,CARE-noswitch,662,0.4534171239999978,5054,9490,14.33534743202417,True
er-n100-d15-r006,4076588953,er,100,15,14.88,6,dominating,0.0001,none,radio,CARE-noreserve,145,0.05932320500005517,162,1689,11.648275862068965,True
er-n100-d15-r006,4076588953,er,100,15,14.88,6,dominating,0.0001,none,radio,CARE-noswitch,158,0.1370991009998761,1160,2022,12.79746835443038,True
er-n100-d15-r006,4076588953,er,100,15,14.88,6,connected,0.0001,none,radio,CARE-noreserve,504,0.33880494800018823,642,7647,15.172619047619047,True
er-n100-d15-r006,4076588953,er,100,15,14.88,6,connected,0.0001,none,radio,CARE-noswitch,505,0.4976313439999558,5211,7535,14.92079207920792,True
er-n100-d15-r007,374698275,er,100,15,14.24,7,dominating,0.0001,none,radio,CARE-noreserve,128,0.06223162799983584,177,1651,12.8984375,True
er-n100-d15-r007,374698275,er,100,15,14.24,7,dominating,0.0001,none,radio,CARE-noswitch,137,0.11022772199999054,447,1679,12.255474452554745,True
er-n100-d15-r007,374698275,er,100,15,14.24,7,connected,0.0001,none,radio,CARE-noreserve,457,0.17829999199989288,402,6887,15.070021881838075,True
er-n100-d15-r007,374698275,er,100,15,14.24,7,connected,0.0001,none,radio,CARE-noswitch,385,0.315252221000037,2376,5819,15.114285714285714,True
er-n100-d15-r008,2040443247,er,100,15,14.18,8,dominating,0.0001,none,radio,CARE-noreserve,164,0.1664964220001366,232,2173,13.25,True
er-n100-d15-r008,2040443247,er,100,15,14.18,8,dominating,0.0001,none,radio,CARE-noswitch,205,0.15618233999998665,424,2803,13.673170731707318,True
er-n100-d15-r008,2040443247,er,100,15,14.18,8,connected,0.0001,none,radio,CARE-noreserve,513,0.36861003800004255,599,8158,15.90253411306043,True
er-n100-d15-r008,2040443247,er,100,15,14.18,8,connected,0.0001,none,radio,CARE-noswitch,523,0.5045828360000542,4403,7876,15.059273422562141,True
er-n100-d15-r009,148552082,er,100,15,14.84,9,dominating,0.0001,none,radio,CARE-noreserve,109,0.053359699999873555,104,1405,12.889908256880734,True
er-n100-d15-r009,148552082,er,100,15,14.84,9,dominating,0.0001,none,radio,CARE-noswitch,102,0.074574653000127,868,1336,13.098039215686274,True
er-n100-d15-r009,148552082,er,100,15,14.84,9,connected,0.0001,none,radio,CARE-noreserve,570,0.2995322279998618,605,8914,15.63859649122807,True
er-n100-d15-r009,148552082,er,100,15,14.84,9,connected,0.0001,none,radio,CARE-noswitch,662,0.5336253269999816,5934,9994,15.09667673716012,True
er-n100-d25-r001,2817678465,er,100,25,24.26,1,dominating,0.0001,none,radio,CARE-noreserve,209,0.08001127699981225,151,1858,8.889952153110048,True
er-n100-d25-r001,2817678465,er,100,25,24.26,1,dominating,0.0001,none,radio,CARE-noswitch,169,0.11771215500016297,241,1454,8.603550295857989,True
er-n100-d25-r001,2817678465,er,100,25,24.26,1,connected,0.0001,none,radio,CARE-noreserve,672,0.2177433489998748,480,7112,10.583333333333334,True
er-n100-d25-r001,2817678465,er,100,25,24.26,1,connected,0.0001,none,radio,CARE-noswitch,629,0.4483722249999573,3234,6348,10.092209856915739,True
er-n100-d25-r000,2863803887,er,100,25,24.32,0,dominating,0.0001,none,radio,CARE-noreserve,129,0.045289988000149606,87,1267,9.821705426356589,True
er-n100-d25-r000,2863803887,er,100,25,24.32,0,dominating,0.0001,none,radio,CARE-noswitch,164,0.07791434499995376,365,1445,8.810975609756097,True
er-n100-d25-r000,2863803887,er,100,25,24.32,0,connected,0.0001,none,radio,CARE-noreserve,840,0.46767066199981855,739,8772,10.442857142857143,True
er-n100-d25-r000,2863803887,er,100,25,24.32,0,connected,0.0001,none,radio,CARE-noswitch,867,0.7096163159999378,3696,9175,10.58246828143022,True
er-n100-d25-r003,4007232963,er,100,25,24.7,3,dominating,0.0001,none,radio,CARE-noreserve,164,0.03546802199980448,74,1444,8.804878048780488,True
er-n100-d25-r003,4007232963,er,100,25,24.7,3,dominating,0.0001,none,radio,CARE-noswitch,187,0.1095216819999223,147,1656,8.855614973262032,True
er-n100-d25-r003,4007232963,er,100,25,24.7,3,connected,0.0001,none,radio,CARE-noreserve,828,0.44768976399996063,546,8600,10.38647342995169,True
er-n100-d25-r003,4007232963,er,100,25,24.7,3,connected,0.0001,none,radio,CARE-noswitch,906,0.6985682020001605,2518,9225,10.182119205298013,True
er-n100-d25-r002,2196032667,er,100,25,25.62,2,dominating,0.0001,none,radio,CARE-noreserve,284,0.08397282199985057,181,2330,8.204225352112676,True
er-n100-d25-r002,2196032667,er,100,25,25.62,2,dominating,0.0001,none,radio,CARE-noswitch,163,0.08422636299997066,300,1244,7.631901840490798,True
er-n100-d25-r002,2196032667,er,100,25,25.62,2,connected,0.0001,none,radio,CARE-noreserve,1021,0.5137006630000087,837,10315,10.102840352595495,True
er-n100-d25-r002,2196032667,er,100,25,25.62,2,connected,0.0001,none,radio,CARE-noswitch,1080,1.0144588519999616,6259,10315,9.550925925925926,True
er-n100-d25-r004,3111215597,er,100,25,25.12,4,dominating,0.0001,none,radio,CARE-noreserve,94,0.04395689400007541,78,719,7.648936170212766,True
er-n100-d25-r004,3111215597,er,100,25,25.12,4,dominating,0.0001,none,radio,CARE-noswitch,127,0.0838049899998623,469,1005,7.913385826771654,True
er-n100-d25-r004,3111215597,er,100,25,25.12,4,connected,0.0001,none,radio,CARE-noreserve,1027,0.5266025380001338,824,10211,9.942551119766309,True
er-n100-d25-r004,3111215597,er,100,25,25.12,4,connected,0.0001,none,radio,CARE-noswitch,1039,0.7261675180000111,8246,9917,9.54475457170356,True
er-n100-d25-r005,1856791276,er,100,25,24.34,5,dominating,0.0001,none,radio,CARE-noreserve,138,0.08303647499997169,134,1212,8.782608695652174,True
er-n100-d25-r005,1856791276,er,100,25,24.34,5,dominating,0.0001,none,radio,CARE-noswitch,254,0.13165722000007918,169,2217,8.728346456692913,True
er-n100-d25-r005,1856791276,er,100,25,24.34,5,connected,0.0001,none,radio,CARE-noreserve,977,0.43503259499993874,666,9717,9.94575230296827,True
er-n100-d25-r005,1856791276,er,100,25,24.34,5,connected,0.0001,none,radio,CARE-noswitch,895,0.5754170850000264,1781,9395,10.497206703910615,True
er-n100-d25-r007,979826522,er,100,25,24.96,7,dominating,0.0001,none,radio,CARE-noreserve,189,0.05432745000007344,100,1526,8.074074074074074,True
er-n100-d25-r007,979826522,er,100,25,24.96,7,dominating,0.0001,none,radio,CARE-noswitch,171,0.09384776799993233,121,1309,7.654970760233918,True
er-n100-d25-r007,979826522,er,100,25,24.96,7,connected,0.0001,none,radio,CARE-noreserve,947,0.41779379899980995,766,9707,10.25026399155227,True
er-n100-d25-r007,979826522,er,100,25,24.96,7,connected,0.0001,none,radio,CARE-noswitch,962,0.6954772359999879,4024,10091,10.48960498960499,True
er-n100-d25-r006,693220655,er,100,25,24.98,6,dominating,0.0001,none,radio,CARE-noreserve,149,0.06348044500009564,129,1316,8.832214765100671,True
er-n100-d25-r006,693220655,er,100,25,24.98,6,dominating,0.0001,none,radio,CARE-noswitch,81,0.05304999300005875,65,638,7.8765432098765435,True
er-n100-d25-r006,693220655,er,100,25,24.98,6,connected,0.0001,none,radio,CARE-noreserve,1059,0.7209577270000409,825,10736,10.137865911237016,True
er-n100-d25-r006,693220655,er,100,25,24.98,6,connected,0.0001,none,radio,CARE-noswitch,1054,0.9970058609999342,6802,10587,10.044592030360532,True
er-n100-d25-r008,716732758,er,100,25,26.46,8,dominating,0.0001,none,radio,CARE-noreserve,114,0.052909541999952125,79,907,7.956140350877193,True
er-n100-d25-r008,716732758,er,100,25,26.46,8,dominating,0.0001,none,radio,CARE-noswitch,94,0.05306011899983787,79,734,7.808510638297872,True
er-n100-d25-r008,716732758,er,100,25,26.46,8,connected,0.0001,none,radio,CARE-noreserve,1063,0.5484023379999599,755,10001,9.408278457196614,True
er-n100-d25-r008,716732758,er,100,25,26.46,8,connected,0.0001,none,radio,CARE-noswitch,1111,0.8289122940000198,5453,10149,9.135013501350135,True
er-n100-d25-r009,3342358447,er,100,25,25.1,9,dominating,0.0001,none,radio,CARE-noreserve,191,0.0687163159998363,116,1540,8.06282722513089,True
er-n100-d25-r009,3342358447,er,100,25,25.1,9,dominating,0.0001,none,radio,CARE-noswitch,140,0.11068159499996,133,1163,8.307142857142857,True
er-n100-d25-r009,3342358447,er,100,25,25.1,9,connected,0.0001,none,radio,CARE-noreserve,1081,0.458353956999872,894,10806,9.996299722479186,True
er-n100-d25-r009,3342358447,er,100,25,25.1,9,connected,0.0001,none,radio,CARE-noswitch,1089,0.8029303030000392,6380,10569,9.705234159779614,True
er-n100-d35-r000,3034478676,er,100,35,35.0,0,dominating,0.0001,none,radio,CARE-noreserve,147,0.04820696299998417,67,971,6.605442176870748,True
er-n100-d35-r000,3034478676,er,100,35,35.0,0,dominating,0.0001,none,radio,CARE-noswitch,129,0.06956040600016422,58,842,6.5271317829457365,True
er-n100-d35-r000,3034478676,er,100,35,35.0,0,connected,0.0001,none,radio,CARE-noreserve,1398,0.6772680349999973,734,10295,7.36409155937053,True
er-n100-d35-r000,3034478676,er,100,35,35.0,0,connected,0.0001,none,radio,CARE-noswitch,1427,1.1705406339999627,2434,10389,7.28030833917309,True
er-n100-d35-r001,2478088554,er,100,35,34.16,1,dominating,0.0001,none,radio,CARE-noreserve,307,0.08839204600008088,134,2061,6.713355048859935,True
er-n100-d35-r001,2478088554,er,100,35,34.16,1,dominating,0.0001,none,radio,CARE-noswitch,219,0.11842927300017436,179,1427,6.5159817351598175,True
er-n100-d35-r001,2478088554,er,100,35,34.16,1,connected,0.0001,none,radio,CARE-noreserve,1541,0.6728476099999625,759,11452,7.4315379623621025,True
er-n100-d35-r001,2478088554,er,100,35,34.16,1,connected,0.0001,none,radio,CARE-noswitch,1641,1.1929466680001042,5737,11734,7.150517976843388,True
clustered-n500-d35-r008,4042172260,clustered,500,35,35.0,8,dominating,0.0001,none,radio,CARE-noreserve,203,0.698084918999939,206,6349,31.275862068965516,True
clustered-n500-d35-r008,4042172260,clustered,500,35,35.0,8,dominating,0.0001,none,radio,CARE-noswitch,188,0.9777586610000526,795,5565,29.601063829787233,True
clustered-n500-d35-r008,4042172260,clustered,500,35,35.0,8,connected,0.0001,none,radio,CARE-noreserve,737,9.96252298499985,942,35612,48.3202170963365,True
clustered-n500-d35-r008,4042172260,clustered,500,35,35.0,8,connected,0.0001,none,radio,CARE-noswitch,724,8.856870770999876,10690,32274,44.57734806629834,True
er-n100-d35-r002,527591459,er,100,35,35.42,2,dominating,0.0001,none,radio,CARE-noreserve,248,0.06739627199999632,78,1545,6.229838709677419,True
er-n100-d35-r002,527591459,er,100,35,35.42,2,dominating,0.0001,none,radio,CARE-noswitch,208,0.16074544999992213,411,1306,6.278846153846154,True
er-n100-d35-r002,527591459,er,100,35,35.42,2,connected,0.0001,none,radio,CARE-noreserve,1717,0.7604961290001029,787,12338,7.185789167152009,True
er-n100-d35-r002,527591459,er,100,35,35.42,2,connected,0.0001,none,radio,CARE-noswitch,1778,1.343095706999975,5437,12638,7.107986501687289,True
er-n100-d35-r004,1468180546,er,100,35,35.1,4,dominating,0.0001,none,radio,CARE-noreserve,195,0.04931251500011058,97,1449,7.430769230769231,True
er-n100-d35-r004,1468180546,er,100,35,35.1,4,dominating,0.0001,none,radio,CARE-noswitch,129,0.08211574100005237,95,912,7.069767441860465,True
er-n100-d35-r004,1468180546,er,100,35,35.1,4,connected,0.0001,none,radio,CARE-noreserve,1384,0.5599428129999069,760,10145,7.330202312138728,True
er-n100-d35-r004,1468180546,er,100,35,35.1,4,connected,0.0001,none,radio,CARE-noswitch,1402,1.0962343280000368,4318,9773,6.970756062767475,True
er-n100-d35-r003,1276569736,er,100,35,35.84,3,dominating,0.0001,none,radio,CARE-noreserve,182,0.038842834999968545,58,1154,6.34065934065934,True
er-n100-d35-r003,1276569736,er,100,35,35.84,3,dominating,0.0001,none,radio,CARE-noswitch,388,0.16275230799988094,170,2437,6.280927835051546,True
er-n100-d35-r003,1276569736,er,100,35,35.84,3,connected,0.0001,none,radio,CARE-noreserve,1862,0.7104883689999042,845,13100,7.035445757250269,True
er-n100-d35-r003,1276569736,er,100,35,35.84,3,connected,0.0001,none,radio,CARE-noswitch,1917,1.4916173560000061,6606,13456,7.019300991131977,True
er-n100-d35-r005,860850362,er,100,35,35.94,5,dominating,0.0001,none,radio,CARE-noreserve,238,0.05177719100015565,106,1507,6.331932773109243,True
er-n100-d35-r005,860850362,er,100,35,35.94,5,dominating,0.0001,none,radio,CARE-noswitch,220,0.1085822890001964,128,1386,6.3,True
er-n100-d35-r005,860850362,er,100,35,35.94,5,connected,0.0001,none,radio,CARE-noreserve,1801,0.6752096810000694,796,12855,7.137701277068295,True
er-n100-d35-r005,860850362,er,100,35,35.94,5,connected,0.0001,none,radio,CARE-noswitch,1992,1.5540645050000421,7077,13432,6.742971887550201,True
er-n100-d35-r006,2782779193,er,100,35,35.54,6,dominating,0.0001,none,radio,CARE-noreserve,469,0.07932591600001615,110,3072,6.550106609808102,True
er-n100-d35-r006,2782779193,er,100,35,35.54,6,dominating,0.0001,none,radio,CARE-noswitch,220,0.12337890499998139,522,1380,6.2727272727272725,True
er-n100-d35-r006,2782779193,er,100,35,35.54,6,connected,0.0001,none,radio,CARE-noreserve,1804,0.7232172250000986,821,13280,7.361419068736142,True
er-n100-d35-r006,2782779193,er,100,35,35.54,6,connected,0.0001,none,radio,CARE-noswitch,1869,1.4178960799999913,7868,13453,7.19796682718031,True
er-n100-d35-r007,1489088902,er,100,35,35.78,7,dominating,0.0001,none,radio,CARE-noreserve,221,0.06240765100005774,92,1570,7.104072398190045,True
er-n100-d35-r007,1489088902,er,100,35,35.78,7,dominating,0.0001,none,radio,CARE-noswitch,358,0.18678309500000978,187,2264,6.324022346368715,True
er-n100-d35-r007,1489088902,er,100,35,35.78,7,connected,0.0001,none,radio,CARE-noreserve,1354,0.5823972050000066,719,9786,7.227474150664698,True
er-n100-d35-r007,1489088902,er,100,35,35.78,7,connected,0.0001,none,radio,CARE-noswitch,1450,1.2269996659999833,6331,10120,6.979310344827586,True
clustered-n500-d35-r009,2014554508,clustered,500,35,35.0,9,dominating,0.0001,none,radio,CARE-noreserve,159,0.5619153909999568,189,4880,30.69182389937107,True
clustered-n500-d35-r009,2014554508,clustered,500,35,35.0,9,dominating,0.0001,none,radio,CARE-noswitch,234,1.2705151679999744,237,7106,30.367521367521366,True
clustered-n500-d35-r009,2014554508,clustered,500,35,35.0,9,connected,0.0001,none,radio,CARE-noreserve,615,10.795526576999919,729,28846,46.90406504065041,True
clustered-n500-d35-r009,2014554508,clustered,500,35,35.0,9,connected,0.0001,none,radio,CARE-noswitch,692,11.677436945000181,588,30796,44.50289017341041,True
er-n100-d35-r009,2228756526,er,100,35,34.62,9,dominating,0.0001,none,radio,CARE-noreserve,279,0.08934753200014711,143,1895,6.792114695340501,True
er-n100-d35-r009,2228756526,er,100,35,34.62,9,dominating,0.0001,none,radio,CARE-noswitch,194,0.09944663499982198,127,1274,6.56701030927835,True
er-n100-d35-r009,2228756526,er,100,35,34.62,9,connected,0.0001,none,radio,CARE-noreserve,1694,0.662981961000014,813,12541,7.403187721369539,True
er-n100-d35-r009,2228756526,er,100,35,34.62,9,connected,0.0001,none,radio,CARE-noswitch,1716,1.4718999130000157,4524,12738,7.423076923076923,True
er-n100-d35-r008,3216196277,er,100,35,35.56,8,dominating,0.0001,none,radio,CARE-noreserve,129,0.04560455099999672,30,822,6.372093023255814,True
er-n100-d35-r008,3216196277,er,100,35,35.56,8,dominating,0.0001,none,radio,CARE-noswitch,200,0.1285455270001421,617,1394,6.97,True
er-n100-d35-r008,3216196277,er,100,35,35.56,8,connected,0.0001,none,radio,CARE-noreserve,1804,1.0168357360000755,918,12910,7.156319290465632,True
er-n100-d35-r008,3216196277,er,100,35,35.56,8,connected,0.0001,none,radio,CARE-noswitch,1965,1.5777493089999552,4990,13751,6.997964376590331,True
er-n250-d15-r000,3749975202,er,250,15,14.968,0,dominating,0.0001,none,radio,CARE-noreserve,70,0.26573457300014525,332,2153,30.757142857142856,True
er-n250-d15-r000,3749975202,er,250,15,14.968,0,dominating,0.0001,none,radio,CARE-noswitch,32,0.10811612900010914,69,988,30.875,True
er-n250-d15-r000,3749975202,er,250,15,14.968,0,connected,0.0001,none,radio,CARE-noreserve,446,1.587431185000014,1644,16829,37.733183856502244,True
er-n250-d15-r000,3749975202,er,250,15,14.968,0,connected,0.0001,none,radio,CARE-noswitch,487,1.572853073000033,10230,18392,37.765913757700204,True
er-n250-d15-r001,3479997060,er,250,15,14.992,1,dominating,0.0001,none,radio,CARE-noreserve,54,0.2837429419998898,310,1769,32.75925925925926,True
er-n250-d15-r001,3479997060,er,250,15,14.992,1,dominating,0.0001,none,radio,CARE-noswitch,55,0.1899445190001643,347,1698,30.87272727272727,True
er-n250-d15-r001,3479997060,er,250,15,14.992,1,connected,0.0001,none,radio,CARE-noreserve,435,1.9371380699999463,1883,16153,37.13333333333333,True
er-n250-d15-r001,3479997060,er,250,15,14.992,1,connected,0.0001,none,radio,CARE-noswitch,477,1.8352917219999654,11090,17844,37.40880503144654,True
er-n250-d15-r002,1648097993,er,250,15,14.728,2,dominating,0.0001,none,radio,CARE-noreserve,44,0.13461850699991373,200,1294,29.40909090909091,True
er-n250-d15-r002,1648097993,er,250,15,14.728,2,dominating,0.0001,none,radio,CARE-noswitch,51,0.19932339799993315,591,1515,29.705882352941178,True
er-n250-d15-r002,1648097993,er,250,15,14.728,2,connected,0.0001,none,radio,CARE-noreserve,402,1.4623450239998874,2200,15561,38.708955223880594,True
er-n250-d15-r002,1648097993,er,250,15,14.728,2,connected,0.0001,none,radio,CARE-noswitch,429,2.278453496000111,8354,16066,37.44988344988345,True
er-n250-d15-r003,2448766634,er,250,15,15.608,3,dominating,0.0001,none,radio,CARE-noreserve,71,0.18722551600012594,215,2329,32.80281690140845,True
er-n250-d15-r003,2448766634,er,250,15,15.608,3,dominating,0.0001,none,radio,CARE-noswitch,65,0.233931216999963,751,2089,32.13846153846154,True
er-n250-d15-r003,2448766634,er,250,15,15.608,3,connected,0.0001,none,radio,CARE-noreserve,469,1.8682945230000314,2802,16936,36.11087420042644,True
er-n250-d15-r003,2448766634,er,250,15,15.608,3,connected,0.0001,none,radio,CARE-noswitch,500,2.241093799999817,6858,18174,36.348,True
er-n250-d15-r004,3771938661,er,250,15,15.064,4,dominating,0.0001,none,radio,CARE-noreserve,59,0.20948222099991654,344,1755,29.74576271186441,True
er-n250-d15-r004,3771938661,er,250,15,15.064,4,dominating,0.0001,none,radio,CARE-noswitch,56,0.2542315460000282,701,1747,31.196428571428573,True
er-n250-d15-r004,3771938661,er,250,15,15.064,4,connected,0.0001,none,radio,CARE-noreserve,443,1.44452827300006,1757,17099,38.598194130925506,True
er-n250-d15-r004,3771938661,er,250,15,15.064,4,connected,0.0001,none,radio,CARE-noswitch,502,2.4445239689998743,11449,18789,37.42828685258964,True
er-n250-d15-r005,3866037104,er,250,15,14.232,5,dominating,0.0001,none,radio,CARE-noreserve,48,0.1701368100000309,201,1483,30.895833333333332,True
er-n250-d15-r005,3866037104,er,250,15,14.232,5,dominating,0.0001,none,radio,CARE-noswitch,59,0.3255670880000707,425,1965,33.30508474576271,True
er-n250-d15-r005,3866037104,er,250,15,14.232,5,connected,0.0001,none,radio,CARE-noreserve,444,1.250076189000083,2034,17773,40.02927927927928,True
er-n250-d15-r005,3866037104,er,250,15,14.232,5,connected,0.0001,none,radio,CARE-noswitch,381,1.4258268950000001,8045,14727,38.653543307086615,True
er-n250-d15-r006,755799070,er,250,15,15.104,6,dominating,0.0001,none,radio,CARE-noreserve,62,0.25487576399996215,323,1832,29.548387096774192,True
er-n250-d15-r006,755799070,er,250,15,15.104,6,dominating,0.0001,none,radio,CARE-noswitch,57,0.28875211800004763,412,1703,29.87719298245614,True
er-n250-d15-r006,755799070,er,250,15,15.104,6,connected,0.0001,none,radio,CARE-noreserve,400,1.9121782369998073,1708,15406,38.515,True
er-n250-d15-r006,755799070,er,250,15,15.104,6,connected,0.0001,none,radio,CARE-noswitch,481,1.9728918130001603,10059,18103,37.63617463617464,True
er-n250-d15-r007,4243983778,er,250,15,14.464,7,dominating,0.0001,none,radio,CARE-noreserve,51,0.31270884899981866,301,1718,33.68627450980392,True
er-n250-d15-r007,4243983778,er,250,15,14.464,7,dominating,0.0001,none,radio,CARE-noswitch,52,0.17230208399996627,983,1572,30.23076923076923,True
er-n250-d15-r007,4243983778,er,250,15,14.464,7,connected,0.0001,none,radio,CARE-noreserve,470,1.4674402759999339,2520,18370,39.08510638297872,True
er-n250-d15-r007,4243983778,er,250,15,14.464,7,connected,0.0001,none,radio,CARE-noswitch,480,1.830927967999969,8565,18595,38.739583333333336,True
er-n250-d15-r008,2968394394,er,250,15,15.032,8,dominating,0.0001,none,radio,CARE-noreserve,30,0.12920923000001494,274,1092,36.4,True
er-n250-d15-r008,2968394394,er,250,15,15.032,8,dominating,0.0001,none,radio,CARE-noswitch,57,0.21768025000005764,566,1708,29.964912280701753,True
er-n250-d15-r008,2968394394,er,250,15,15.032,8,connected,0.0001,none,radio,CARE-noreserve,397,1.1494550700001582,1971,15248,38.4080604534005,True
er-n250-d15-r008,2968394394,er,250,15,15.032,8,connected,0.0001,none,radio,CARE-noswitch,434,1.829962647000002,10741,16462,37.93087557603687,True
er-n250-d15-r009,2716166528,er,250,15,15.192,9,dominating,0.0001,none,radio,CARE-noreserve,69,0.18822813800011318,269,2116,30.666666666666668,True
er-n250-d15-r009,2716166528,er,250,15,15.192,9,dominating,0.0001,none,radio,CARE-noswitch,50,0.21268797900006575,271,1558,31.16,True
er-n250-d15-r009,2716166528,er,250,15,15.192,9,connected,0.0001,none,radio,CARE-noreserve,426,1.580928416000006,2127,16628,39.032863849765256,True
er-n250-d15-r009,2716166528,er,250,15,15.192,9,connected,0.0001,none,radio,CARE-noswitch,451,1.7892720120000831,6698,16918,37.51219512195122,True
er-n250-d25-r002,1747094818,er,250,25,24.592,2,dominating,0.0001,none,radio,CARE-noreserve,145,0.3516893500000151,606,3252,22.427586206896553,True
er-n250-d25-r002,1747094818,er,250,25,24.592,2,dominating,0.0001,none,radio,CARE-noswitch,94,0.15085419999991245,136,1964,20.893617021276597,True
er-n250-d25-r002,1747094818,er,250,25,24.592,2,connected,0.0001,none,radio,CARE-noreserve,533,1.530715273999931,1352,13915,26.106941838649156,True
er-n250-d25-r002,1747094818,er,250,25,24.592,2,connected,0.0001,none,radio,CARE-noswitch,527,1.5447395510000206,6558,13280,25.199240986717268,True
er-n250-d25-r001,2618862420,er,250,25,25.368,1,dominating,0.0001,none,radio,CARE-noreserve,121,0.2745617029997902,463,2680,22.14876033057851,True
er-n250-d25-r001,2618862420,er,250,25,25.368,1,dominating,0.0001,none,radio,CARE-noswitch,140,0.4100085410000247,431,2970,21.214285714285715,True
er-n250-d25-r001,2618862420,er,250,25,25.368,1,connected,0.0001,none,radio,CARE-noreserve,835,3.082768450000003,3064,21240,25.437125748502993,True
er-n250-d25-r001,2618862420,er,250,25,25.368,1,connected,0.0001,none,radio,CARE-noswitch,815,2.156020430000126,6551,19413,23.81963190184049,True
er-n250-d25-r000,3654598235,er,250,25,24.736,0,dominating,0.0001,none,radio,CARE-noreserve,109,0.22674128700009533,269,2671,24.504587155963304,True
er-n250-d25-r000,3654598235,er,250,25,24.736,0,dominating,0.0001,none,radio,CARE-noswitch,150,0.37110300599988477,559,3251,21.673333333333332,True
er-n250-d25-r000,3654598235,er,250,25,24.736,0,connected,0.0001,none,radio,CARE-noreserve,824,2.9393691519999265,3433,21448,26.02912621359223,True
er-n250-d25-r000,3654598235,er,250,25,24.736,0,connected,0.0001,none,radio,CARE-noswitch,857,3.241226625000081,12253,21581,25.182030338389733,True
er-n250-d25-r003,3006838879,er,250,25,25.112,3,dominating,0.0001,none,radio,CARE-noreserve,115,0.3747952449998593,444,2607,22.669565217391305,True
er-n250-d25-r003,3006838879,er,250,25,25.112,3,dominating,0.0001,none,radio,CARE-noswitch,79,0.20343726300006892,866,1688,21.367088607594937,True
er-n250-d25-r003,3006838879,er,250,25,25.112,3,connected,0.0001,none,radio,CARE-noreserve,768,2.9745593519999147,3236,19751,25.717447916666668,True
er-n250-d25-r003,3006838879,er,250,25,25.112,3,connected,0.0001,none,radio,CARE-noswitch,830,3.451665524999953,9785,20814,25.07710843373494,True
er-n250-d25-r004,3628072145,er,250,25,25.344,4,dominating,0.0001,none,radio,CARE-noreserve,147,0.3401850039999772,488,3052,20.761904761904763,True
er-n250-d25-r004,3628072145,er,250,25,25.344,4,dominating,0.0001,none,radio,CARE-noswitch,136,0.24875257799999417,372,2990,21.985294117647058,True
er-n250-d25-r004,3628072145,er,250,25,25.344,4,connected,0.0001,none,radio,CARE-noreserve,794,2.2533055849999073,2091,19638,24.732997481108313,True
er-n250-d25-r004,3628072145,er,250,25,25.344,4,connected,0.0001,none,radio,CARE-noswitch,845,3.3839047060000667,9316,21143,25.02130177514793,True
er-n250-d25-r006,4085902595,er,250,25,25.08,6,dominating,0.0001,none,radio,CARE-noreserve,96,0.17452444399987144,219,1992,20.75,True
er-n250-d25-r006,4085902595,er,250,25,25.08,6,dominating,0.0001,none,radio,CARE-noswitch,100,0.2379561319999084,216,2169,21.69,True
er-n250-d25-r006,4085902595,er,250,25,25.08,6,connected,0.0001,none,radio,CARE-noreserve,699,1.9815950029999385,2174,18286,26.160228898426322,True
er-n250-d25-r006,4085902595,er,250,25,25.08,6,connected,0.0001,none,radio,CARE-noswitch,658,2.133278433999976,10379,16531,25.123100303951368,True
er-n250-d25-r005,2751476213,er,250,25,24.504,5,dominating,0.0001,none,radio,CARE-noreserve,86,0.14204259300004196,321,1860,21.627906976744185,True
er-n250-d25-r005,2751476213,er,250,25,24.504,5,dominating,0.0001,none,radio,CARE-noswitch,85,0.2376679729998159,426,1950,22.941176470588236,True
er-n250-d25-r005,2751476213,er,250,25,24.504,5,connected,0.0001,none,radio,CARE-noreserve,817,2.8209622550000404,2823,21560,26.38922888616891,True
er-n250-d25-r005,2751476213,er,250,25,24.504,5,connected,0.0001,none,radio,CARE-noswitch,889,3.1672501410000677,11203,22318,25.104611923509562,True
er-n250-d25-r007,2487681963,er,250,25,24.896,7,dominating,0.0001,none,radio,CARE-noreserve,106,0.25403231500013135,355,2509,23.669811320754718,True
er-n250-d25-r007,2487681963,er,250,25,24.896,7,dominating,0.0001,none,radio,CARE-noswitch,100,0.25099341600002845,302,2336,23.36,True
er-n250-d25-r007,2487681963,er,250,25,24.896,7,connected,0.0001,none,radio,CARE-noreserve,783,2.5888738979999744,3393,20126,25.703703703703702,True
er-n250-d25-r007,2487681963,er,250,25,24.896,7,connected,0.0001,none,radio,CARE-noswitch,806,3.245639471000004,13634,20326,25.218362282878413,True
er-n250-d25-r008,627502058,er,250,25,24.744,8,dominating,0.0001,none,radio,CARE-noreserve,123,0.36352437100003954,355,2781,22.609756097560975,True
er-n250-d25-r008,627502058,er,250,25,24.744,8,dominating,0.0001,none,radio,CARE-noswitch,88,0.20491034600013336,327,2049,23.28409090909091,True
er-n250-d25-r008,627502058,er,250,25,24.744,8,connected,0.0001,none,radio,CARE-noreserve,781,3.211060439999983,2904,20926,26.793854033290653,True
er-n250-d25-r008,627502058,er,250,25,24.744,8,connected,0.0001,none,radio,CARE-noswitch,780,2.7353436640000837,11873,19936,25.55897435897436,True
er-n250-d25-r009,3264211027,er,250,25,24.992,9,dominating,0.0001,none,radio,CARE-noreserve,101,0.23683954800003448,317,2153,21.316831683168317,True
er-n250-d25-r009,3264211027,er,250,25,24.992,9,dominating,0.0001,none,radio,CARE-noswitch,117,0.3161694800000987,390,2484,21.23076923076923,True
er-n250-d25-r009,3264211027,er,250,25,24.992,9,connected,0.0001,none,radio,CARE-noreserve,811,3.058774543000027,3029,21421,26.413070283600494,True
er-n250-d25-r009,3264211027,er,250,25,24.992,9,connected,0.0001,none,radio,CARE-noswitch,846,2.8624211830001514,14038,21563,25.488179669030732,True
er-n250-d35-r000,486982648,er,250,35,34.64,0,dominating,0.0001,none,radio,CARE-noreserve,178,0.20798667099984414,382,3198,17.96629213483146,True
er-n250-d35-r000,486982648,er,250,35,34.64,0,dominating,0.0001,none,radio,CARE-noswitch,170,0.2600137419999555,331,2777,16.33529411764706,True
er-n250-d35-r000,486982648,er,250,35,34.64,0,connected,0.0001,none,radio,CARE-noreserve,1187,4.3176887659999466,3340,23561,19.849199663016005,True
er-n250-d35-r000,486982648,er,250,35,34.64,0,connected,0.0001,none,radio,CARE-noswitch,1248,4.7303255299998455,9325,23896,19.147435897435898,True
er-n250-d35-r001,3443493571,er,250,35,35.12,1,dominating,0.0001,none,radio,CARE-noreserve,164,0.16805784400003176,348,2877,17.54268292682927,True
er-n250-d35-r001,3443493571,er,250,35,35.12,1,dominating,0.0001,none,radio,CARE-noswitch,115,0.25338538200003313,284,2053,17.85217391304348,True
er-n250-d35-r001,3443493571,er,250,35,35.12,1,connected,0.0001,none,radio,CARE-noreserve,1049,3.7478017690000343,2795,20854,19.87988560533842,True
er-n250-d35-r001,3443493571,er,250,35,35.12,1,connected,0.0001,none,radio,CARE-noswitch,991,3.620967887000006,7096,18692,18.861755802219978,True
er-n250-d35-r003,3935489374,er,250,35,34.248,3,dominating,0.0001,none,radio,CARE-noreserve,121,0.18493983400003344,219,2052,16.958677685950413,True
er-n250-d35-r003,3935489374,er,250,35,34.248,3,dominating,0.0001,none,radio,CARE-noswitch,160,0.33601361299997734,1553,2802,17.5125,True
er-n250-d35-r003,3935489374,er,250,35,34.248,3,connected,0.0001,none,radio,CARE-noreserve,1093,4.194542830000046,3291,21731,19.881976212259836,True
er-n250-d35-r003,3935489374,er,250,35,34.248,3,connected,0.0001,none,radio,CARE-noswitch,1098,4.698867090000022,13269,21323,19.41985428051002,True
er-n250-d35-r002,2677696394,er,250,35,34.688,2,dominating,0.0001,none,radio,CARE-noreserve,179,0.1732146560000274,417,3162,17.664804469273744,True
er-n250-d35-r002,2677696394,er,250,35,34.688,2,dominating,0.0001,none,radio,CARE-noswitch,130,0.19349726799987366,427,2172,16.70769230769231,True
er-n250-d35-r002,2677696394,er,250,35,34.688,2,connected,0.0001,none,radio,CARE-noreserve,1205,4.431514459000027,3381,23165,19.224066390041493,True
er-n250-d35-r002,2677696394,er,250,35,34.688,2,connected,0.0001,none,radio,CARE-noswitch,1260,5.794442849999996,17615,23167,18.386507936507936,True
er-n250-d35-r004,456942207,er,250,35,35.52,4,dominating,0.0001,none,radio,CARE-noreserve,100,0.15244807199997013,166,1564,15.64,True
er-n250-d35-r004,456942207,er,250,35,35.52,4,dominating,0.0001,none,radio,CARE-noswitch,101,0.22399939899992205,324,1685,16.683168316831683,True
er-n250-d35-r004,456942207,er,250,35,35.52,4,connected,0.0001,none,radio,CARE-noreserve,1239,5.002000616000032,3323,24326,19.63357546408394,True
er-n250-d35-r004,456942207,er,250,35,35.52,4,connected,0.0001,none,radio,CARE-noswitch,1276,5.652056079999966,11871,24377,19.104231974921632,True
er-n250-d35-r005,415673949,er,250,35,35.192,5,dominating,0.0001,none,radio,CARE-noreserve,150,0.18275699199989504,277,2459,16.393333333333334,True
er-n250-d35-r005,415673949,er,250,35,35.192,5,dominating,0.0001,none,radio,CARE-noswitch,162,0.23159822400020857,1426,2684,16.567901234567902,True
er-n250-d35-r005,415673949,er,250,35,35.192,5,connected,0.0001,none,radio,CARE-noreserve,1226,4.08836179900004,3267,24111,19.666394779771615,True
er-n250-d35-r005,415673949,er,250,35,35.192,5,connected,0.0001,none,radio,CARE-noswitch,1239,6.580384276999894,15204,23125,18.664245359160613,True
er-n250-d35-r006,193020564,er,250,35,34.84,6,dominating,0.0001,none,radio,CARE-noreserve,140,0.16029480300016985,200,2363,16.87857142857143,True
er-n250-d35-r006,193020564,er,250,35,34.84,6,dominating,0.0001,none,radio,CARE-noswitch,183,0.49228406700012783,737,3101,16.94535519125683,True
er-n250-d35-r006,193020564,er,250,35,34.84,6,connected,0.0001,none,radio,CARE-noreserve,1129,4.602958541000135,3153,22133,19.604074402125775,True
er-n250-d35-r006,193020564,er,250,35,34.84,6,connected,0.0001,none,radio,CARE-noswitch,1201,5.568315949999942,15242,22508,18.74104912572856,True
er-n250-d35-r007,3830624493,er,250,35,34.68,7,dominating,0.0001,none,radio,CARE-noreserve,152,0.21181147600009353,244,2637,17.348684210526315,True
er-n250-d35-r007,3830624493,er,250,35,34.68,7,dominating,0.0001,none,radio,CARE-noswitch,200,0.4836296369999218,298,3361,16.805,True
er-n250-d35-r007,3830624493,er,250,35,34.68,7,connected,0.0001,none,radio,CARE-noreserve,1174,5.877235201000076,3350,23248,19.802385008517888,True
er-n250-d35-r007,3830624493,er,250,35,34.68,7,connected,0.0001,none,radio,CARE-noswitch,1202,5.46769257599999,12190,23065,19.18885191347754,True
er-n250-d35-r008,2313661727,er,250,35,34.68,8,dominating,0.0001,none,radio,CARE-noreserve,154,0.27013813700000355,311,2772,18.0,True
er-n250-d35-r008,2313661727,er,250,35,34.68,8,dominating,0.0001,none,radio,CARE-noswitch,201,0.45878319999997075,465,3643,18.124378109452735,True
er-n250-d35-r008,2313661727,er,250,35,34.68,8,connected,0.0001,none,radio,CARE-noreserve,1141,3.939801324999962,3032,23181,20.316389132340053,True
er-n250-d35-r008,2313661727,er,250,35,34.68,8,connected,0.0001,none,radio,CARE-noswitch,1166,5.244150657000091,14857,22545,19.33533447684391,True
er-n250-d35-r009,1531552853,er,250,35,34.872,9,dominating,0.0001,none,radio,CARE-noreserve,136,0.1868077940000603,311,2249,16.53676470588235,True
er-n250-d35-r009,1531552853,er,250,35,34.872,9,dominating,0.0001,none,radio,CARE-noswitch,152,0.304908173000058,477,2624,17.263157894736842,True
er-n250-d35-r009,1531552853,er,250,35,34.872,9,connected,0.0001,none,radio,CARE-noreserve,1153,4.123251200000141,3316,22967,19.919340849956633,True
er-n250-d35-r009,1531552853,er,250,35,34.872,9,connected,0.0001,none,radio,CARE-noswitch,1189,5.228890178000029,11313,22768,19.148864592094196,True
er-n500-d15-r001,103069242,er,500,15,14.836,1,dominating,0.0001,none,radio,CARE-noreserve,28,0.6100427609999315,406,1804,64.42857142857143,True
er-n500-d15-r001,103069242,er,500,15,14.836,1,dominating,0.0001,none,radio,CARE-noswitch,37,0.9012278599998353,779,2287,61.810810810810814,True
er-n500-d15-r001,103069242,er,500,15,14.836,1,connected,0.0001,none,radio,CARE-noreserve,322,6.087409267000112,2671,24734,76.8136645962733,True
er-n500-d15-r001,103069242,er,500,15,14.836,1,connected,0.0001,none,radio,CARE-noswitch,356,6.046844854000028,12129,26091,73.28932584269663,True
er-n500-d15-r000,1462287609,er,500,15,15.004,0,dominating,0.0001,none,radio,CARE-noreserve,43,0.48036365300004036,349,2675,62.2093023255814,True
er-n500-d15-r000,1462287609,er,500,15,15.004,0,dominating,0.0001,none,radio,CARE-noswitch,49,0.737682267000082,822,3097,63.204081632653065,True
er-n500-d15-r000,1462287609,er,500,15,15.004,0,connected,0.0001,none,radio,CARE-noreserve,308,8.007257099000071,2957,23365,75.8603896103896,True
er-n500-d15-r000,1462287609,er,500,15,15.004,0,connected,0.0001,none,radio,CARE-noswitch,340,7.13376650500004,12839,25172,74.03529411764706,True
er-n500-d15-r003,2256642337,er,500,15,14.868,3,dominating,0.0001,none,radio,CARE-noreserve,45,0.899604896000028,520,2754,61.2,True
er-n500-d15-r003,2256642337,er,500,15,14.868,3,dominating,0.0001,none,radio,CARE-noswitch,38,0.9921369060000416,873,2529,66.55263157894737,True
er-n500-d15-r003,2256642337,er,500,15,14.868,3,connected,0.0001,none,radio,CARE-noreserve,380,5.60948607499995,3531,28752,75.66315789473684,True
er-n500-d15-r003,2256642337,er,500,15,14.868,3,connected,0.0001,none,radio,CARE-noswitch,399,7.256698613000026,19035,29721,74.48872180451127,True
er-n500-d15-r002,1154319814,er,500,15,15.088,2,dominating,0.0001,none,radio,CARE-noreserve,30,0.637532532999785,452,1805,60.166666666666664,True
er-n500-d15-r002,1154319814,er,500,15,15.088,2,dominating,0.0001,none,radio,CARE-noswitch,21,0.5507798140001796,467,1555,74.04761904761905,True
er-n500-d15-r002,1154319814,er,500,15,15.088,2,connected,0.0001,none,radio,CARE-noreserve,411,8.918203296000002,4886,31178,75.85888077858881,True
er-n500-d15-r002,1154319814,er,500,15,15.088,2,connected,0.0001,none,radio,CARE-noswitch,439,8.283547983999824,14138,33107,75.41457858769931,True
er-n500-d15-r004,3319623015,er,500,15,15.052,4,dominating,0.0001,none,radio,CARE-noreserve,30,0.3852237959999911,217,1768,58.93333333333333,True
er-n500-d15-r004,3319623015,er,500,15,15.052,4,dominating,0.0001,none,radio,CARE-noswitch,37,0.6961554980000528,1237,2211,59.75675675675676,True
er-n500-d15-r004,3319623015,er,500,15,15.052,4,connected,0.0001,none,radio,CARE-noreserve,232,4.200533446999998,1380,17381,74.91810344827586,True
er-n500-d15-r004,3319623015,er,500,15,15.052,4,connected,0.0001,none,radio,CARE-noswitch,162,6.087034281999877,3021,12301,75.9320987654321,True
er-n500-d15-r005,95482466,er,500,15,15.272,5,dominating,0.0001,none,radio,CARE-noreserve,39,0.6989987639999526,638,2319,59.46153846153846,True
er-n500-d15-r005,95482466,er,500,15,15.272,5,dominating,0.0001,none,radio,CARE-noswitch,36,0.6719717480000327,406,2193,60.916666666666664,True
er-n500-d15-r005,95482466,er,500,15,15.272,5,connected,0.0001,none,radio,CARE-noreserve,415,9.36913704299991,5152,31487,75.87228915662651,True
er-n500-d15-r005,95482466,er,500,15,15.272,5,connected,0.0001,none,radio,CARE-noswitch,467,9.890664908999952,18761,35312,75.61456102783725,True
er-n500-d15-r006,1087312307,er,500,15,15.108,6,dominating,0.0001,none,radio,CARE-noreserve,26,0.4590873970000757,263,1490,57.30769230769231,True
er-n500-d15-r006,1087312307,er,500,15,15.108,6,dominating,0.0001,none,radio,CARE-noswitch,11,0.3076153909998993,156,738,67.0909090909091,True
er-n500-d15-r006,1087312307,er,500,15,15.108,6,connected,0.0001,none,radio,CARE-noreserve,368,8.262828703000196,3228,27472,74.65217391304348,True
er-n500-d15-r006,1087312307,er,500,15,15.108,6,connected,0.0001,none,radio,CARE-noswitch,409,9.205653047999931,21074,29842,72.96332518337408,True
er-n500-d15-r007,2429784061,er,500,15,14.872,7,dominating,0.0001,none,radio,CARE-noreserve,30,0.3516730510000343,260,2070,69.0,True
er-n500-d15-r007,2429784061,er,500,15,14.872,7,dominating,0.0001,none,radio,CARE-noswitch,19,0.37340008799992574,156,1235,65.0,True
er-n500-d15-r007,2429784061,er,500,15,14.872,7,connected,0.0001,none,radio,CARE-noreserve,343,6.697807565999938,2849,26571,77.466472303207,True
er-n500-d15-r007,2429784061,er,500,15,14.872,7,connected,0.0001,none,radio,CARE-noswitch,396,9.159164074000046,11722,30546,77.13636363636364,True
er-n500-d15-r008,2239060136,er,500,15,15.408,8,dominating,0.0001,none,radio,CARE-noreserve,34,0.858565580000004,577,2040,60.0,True
er-n500-d15-r008,2239060136,er,500,15,15.408,8,dominating,0.0001,none,radio,CARE-noswitch,28,0.4423719029998665,582,1941,69.32142857142857,True
er-n500-d15-r008,2239060136,er,500,15,15.408,8,connected,0.0001,none,radio,CARE-noreserve,393,10.329223706999983,3608,30152,76.72264631043257,True
er-n500-d15-r008,2239060136,er,500,15,15.408,8,connected,0.0001,none,radio,CARE-noswitch,488,10.304555098000037,21271,36006,73.7827868852459,True
er-n500-d15-r009,2920976754,er,500,15,14.84,9,dominating,0.0001,none,radio,CARE-noreserve,19,0.3858734719999575,189,1094,57.578947368421055,True
er-n500-d15-r009,2920976754,er,500,15,14.84,9,dominating,0.0001,none,radio,CARE-noswitch,22,0.4696693719999985,78,1320,60.0,True
er-n500-d15-r009,2920976754,er,500,15,14.84,9,connected,0.0001,none,radio,CARE-noreserve,338,9.090856353999925,3707,26043,77.05029585798816,True
er-n500-d15-r009,2920976754,er,500,15,14.84,9,connected,0.0001,none,radio,CARE-noswitch,327,8.370201137000095,8217,24238,74.1223241590214,True
er-n500-d25-r001,1758943589,er,500,25,24.776,1,dominating,0.0001,none,radio,CARE-noreserve,61,0.4505378379999456,400,2887,47.32786885245902,True
er-n500-d25-r001,1758943589,er,500,25,24.776,1,dominating,0.0001,none,radio,CARE-noswitch,52,0.4426266420000502,746,2279,43.82692307692308,True
er-n500-d25-r001,1758943589,er,500,25,24.776,1,connected,0.0001,none,radio,CARE-noreserve,672,12.224166547999857,4872,35216,52.404761904761905,True
er-n500-d25-r001,1758943589,er,500,25,24.776,1,connected,0.0001,none,radio,CARE-noswitch,797,20.508998823999946,22023,40759,51.1405269761606,True
er-n500-d25-r000,376041496,er,500,25,24.82,0,dominating,0.0001,none,radio,CARE-noreserve,92,0.5359773620000396,631,4014,43.630434782608695,True
er-n500-d25-r000,376041496,er,500,25,24.82,0,dominating,0.0001,none,radio,CARE-noswitch,77,0.5758741849999751,661,3424,44.467532467532465,True
er-n500-d25-r000,376041496,er,500,25,24.82,0,connected,0.0001,none,radio,CARE-noreserve,816,18.579738957000018,8817,42891,52.5625,True
er-n500-d25-r000,376041496,er,500,25,24.82,0,connected,0.0001,none,radio,CARE-noswitch,837,18.52537743100015,22479,42056,50.246117084826764,True
er-n500-d25-r002,2091667975,er,500,25,25.42,2,dominating,0.0001,none,radio,CARE-noreserve,97,1.1213324190000549,664,4090,42.16494845360825,True
er-n500-d25-r002,2091667975,er,500,25,25.42,2,dominating,0.0001,none,radio,CARE-noswitch,100,0.8563014050000675,568,3954,39.54,True
er-n500-d25-r002,2091667975,er,500,25,25.42,2,connected,0.0001,none,radio,CARE-noreserve,878,16.36147024899992,7924,43925,50.02847380410023,True
er-n500-d25-r002,2091667975,er,500,25,25.42,2,connected,0.0001,none,radio,CARE-noswitch,828,13.993741856000042,35814,40177,48.522946859903385,True
er-n500-d25-r003,3758343569,er,500,25,24.472,3,dominating,0.0001,none,radio,CARE-noreserve,81,0.7549139660000037,919,3839,47.39506172839506,True
er-n500-d25-r003,3758343569,er,500,25,24.472,3,dominating,0.0001,none,radio,CARE-noswitch,62,0.817717815000151,474,2729,44.016129032258064,True
er-n500-d25-r003,3758343569,er,500,25,24.472,3,connected,0.0001,none,radio,CARE-noreserve,696,17.112789938999867,7097,36862,52.96264367816092,True
er-n500-d25-r003,3758343569,er,500,25,24.472,3,connected,0.0001,none,radio,CARE-noswitch,736,18.846514064999838,24899,37776,51.32608695652174,True
er-n500-d25-r004,3315641003,er,500,25,25.472,4,dominating,0.0001,none,radio,CARE-noreserve,85,0.7481344910002008,691,3665,43.11764705882353,True
er-n500-d25-r004,3315641003,er,500,25,25.472,4,dominating,0.0001,none,radio,CARE-noswitch,63,0.5493238799999745,1094,2669,42.36507936507937,True
er-n500-d25-r004,3315641003,er,500,25,25.472,4,connected,0.0001,none,radio,CARE-noreserve,783,16.476649582000164,7592,40213,51.357598978288635,True
er-n500-d25-r004,3315641003,er,500,25,25.472,4,connected,0.0001,none,radio,CARE-noswitch,814,17.446835729999975,29791,40278,49.481572481572485,True
er-n500-d25-r006,2550006413,er,500,25,24.676,6,dominating,0.0001,none,radio,CARE-noreserve,77,0.5885205370000222,563,3175,41.23376623376623,True
er-n500-d25-r006,2550006413,er,500,25,24.676,6,dominating,0.0001,none,radio,CARE-noswitch,80,1.340664156999992,1834,3425,42.8125,True
er-n500-d25-r006,2550006413,er,500,25,24.676,6,connected,0.0001,none,radio,CARE-noreserve,772,16.58971826700008,8758,41232,53.409326424870464,True
er-n500-d25-r006,2550006413,er,500,25,24.676,6,connected,0.0001,none,radio,CARE-noswitch,782,16.979928349000147,29870,40345,51.592071611253196,True
er-n500-d25-r005,2877199731,er,500,25,25.552,5,dominating,0.0001,none,radio,CARE-noreserve,86,0.825589078999883,646,3637,42.2906976744186,True
er-n500-d25-r005,2877199731,er,500,25,25.552,5,dominating,0.0001,none,radio,CARE-noswitch,89,0.9607378999999128,2248,3637,40.86516853932584,True
er-n500-d25-r005,2877199731,er,500,25,25.552,5,connected,0.0001,none,radio,CARE-noreserve,827,18.531138729000077,8862,42059,50.85731559854897,True
er-n500-d25-r005,2877199731,er,500,25,25.552,5,connected,0.0001,none,radio,CARE-noswitch,841,19.729009287000054,33849,41214,49.00594530321047,True
er-n500-d25-r007,1946619113,er,500,25,25.032,7,dominating,0.0001,none,radio,CARE-noreserve,69,0.9698450890000458,578,3006,43.56521739130435,True
er-n500-d25-r007,1946619113,er,500,25,25.032,7,dominating,0.0001,none,radio,CARE-noswitch,56,0.45357452700000067,886,2561,45.732142857142854,True
er-n500-d25-r007,1946619113,er,500,25,25.032,7,connected,0.0001,none,radio,CARE-noreserve,777,15.050604508999868,6711,40375,51.962676962676966,True
er-n500-d25-r007,1946619113,er,500,25,25.032,7,connected,0.0001,none,radio,CARE-noswitch,832,21.505039490999934,32093,41617,50.02043269230769,True
er-n500-d25-r008,308378769,er,500,25,25.336,8,dominating,0.0001,none,radio,CARE-noreserve,78,0.8779956660000607,602,3305,42.37179487179487,True
er-n500-d25-r008,308378769,er,500,25,25.336,8,dominating,0.0001,none,radio,CARE-noswitch,70,0.6115817770000831,2245,2988,42.68571428571428,True
er-n500-d25-r008,308378769,er,500,25,25.336,8,connected,0.0001,none,radio,CARE-noreserve,780,18.392458339000086,8298,40075,51.37820512820513,True
er-n500-d25-r008,308378769,er,500,25,25.336,8,connected,0.0001,none,radio,CARE-noswitch,797,19.54585343000008,33926,39549,49.622333751568384,True
er-n500-d25-r009,2714488830,er,500,25,25.1,9,dominating,0.0001,none,radio,CARE-noreserve,81,0.6672966699998142,650,3613,44.60493827160494,True
er-n500-d25-r009,2714488830,er,500,25,25.1,9,dominating,0.0001,none,radio,CARE-noswitch,73,0.7369144419999429,1408,3359,46.013698630136986,True
er-n500-d25-r009,2714488830,er,500,25,25.1,9,connected,0.0001,none,radio,CARE-noreserve,868,18.260695901999952,7234,44381,51.13018433179724,True
er-n500-d25-r009,2714488830,er,500,25,25.1,9,connected,0.0001,none,radio,CARE-noswitch,892,20.234507875999952,34045,44480,49.865470852017935,True
er-n500-d35-r000,510401370,er,500,35,35.0,0,dominating,0.0001,none,radio,CARE-noreserve,123,0.7718146100000922,694,4146,33.707317073170735,True
er-n500-d35-r000,510401370,er,500,35,35.0,0,dominating,0.0001,none,radio,CARE-noswitch,117,0.8372531030001937,1934,4032,34.46153846153846,True
er-n500-d35-r000,510401370,er,500,35,35.0,0,connected,0.0001,none,radio,CARE-noreserve,1099,25.919676783000114,7962,42849,38.989080982711556,True
er-n500-d35-r000,510401370,er,500,35,35.0,0,connected,0.0001,none,radio,CARE-noswitch,1138,25.69346779800003,32738,42684,37.5079086115993,True
er-n500-d35-r001,731788468,er,500,35,34.972,1,dominating,0.0001,none,radio,CARE-noreserve,130,1.2749493520000215,629,4415,33.96153846153846,True
er-n500-d35-r001,731788468,er,500,35,34.972,1,dominating,0.0001,none,radio,CARE-noswitch,130,0.8792804639999758,637,4250,32.69230769230769,True
er-n500-d35-r001,731788468,er,500,35,34.972,1,connected,0.0001,none,radio,CARE-noreserve,1005,26.53721280400009,7492,39915,39.71641791044776,True
er-n500-d35-r001,731788468,er,500,35,34.972,1,connected,0.0001,none,radio,CARE-noswitch,1035,25.253665318000003,27444,39210,37.88405797101449,True
er-n500-d35-r002,4119399280,er,500,35,34.968,2,dominating,0.0001,none,radio,CARE-noreserve,146,1.1066518730001462,944,4868,33.342465753424655,True
er-n500-d35-r002,4119399280,er,500,35,34.968,2,dominating,0.0001,none,radio,CARE-noswitch,115,0.9690790670001661,2034,3862,33.582608695652176,True
er-n500-d35-r002,4119399280,er,500,35,34.968,2,connected,0.0001,none,radio,CARE-noreserve,1021,26.39147298199987,8137,40531,39.6973555337904,True
er-n500-d35-r002,4119399280,er,500,35,34.968,2,connected,0.0001,none,radio,CARE-noswitch,1036,26.10858768700018,34284,39246,37.88223938223938,True
er-n500-d35-r003,736962459,er,500,35,34.8,3,dominating,0.0001,none,radio,CARE-noreserve,70,0.592344563000097,408,2461,35.15714285714286,True
er-n500-d35-r003,736962459,er,500,35,34.8,3,dominating,0.0001,none,radio,CARE-noswitch,111,0.8738706009999078,646,3718,33.4954954954955,True
er-n500-d35-r003,736962459,er,500,35,34.8,3,connected,0.0001,none,radio,CARE-noreserve,987,26.722049433999928,7903,39710,40.23302938196555,True
er-n500-d35-r003,736962459,er,500,35,34.8,3,connected,0.0001,none,radio,CARE-noswitch,1043,29.473884820999956,14895,39815,38.17353787152445,True
er-n500-d35-r004,2055636683,er,500,35,35.036,4,dominating,0.0001,none,radio,CARE-noreserve,132,0.7083966479999617,633,4573,34.64393939393939,True
er-n500-d35-r004,2055636683,er,500,35,35.036,4,dominating,0.0001,none,radio,CARE-noswitch,118,0.5912916499999028,1081,4265,36.144067796610166,True
er-n500-d35-r004,2055636683,er,500,35,35.036,4,connected,0.0001,none,radio,CARE-noreserve,1030,23.403432345000056,7959,40461,39.28252427184466,True
er-n500-d35-r004,2055636683,er,500,35,35.036,4,connected,0.0001,none,radio,CARE-noswitch,1069,25.721334551999917,36556,40323,37.72029934518241,True
er-n500-d35-r005,4114979167,er,500,35,35.512,5,dominating,0.0001,none,radio,CARE-noreserve,127,0.9132824369999071,777,4279,33.69291338582677,True
er-n500-d35-r005,4114979167,er,500,35,35.512,5,dominating,0.0001,none,radio,CARE-noswitch,127,1.0232589360000475,1187,4181,32.92125984251968,True
er-n500-d35-r005,4114979167,er,500,35,35.512,5,connected,0.0001,none,radio,CARE-noreserve,1038,23.790728525000077,7424,40357,38.87957610789981,True
er-n500-d35-r005,4114979167,er,500,35,35.512,5,connected,0.0001,none,radio,CARE-noswitch,1093,25.356011240000043,22096,41045,37.55260750228728,True
er-n500-d35-r006,4235443452,er,500,35,35.148,6,dominating,0.0001,none,radio,CARE-noreserve,161,0.9679187199999433,1058,5410,33.60248447204969,True
er-n500-d35-r006,4235443452,er,500,35,35.148,6,dominating,0.0001,none,radio,CARE-noswitch,132,0.9867537860000084,1593,4433,33.583333333333336,True
er-n500-d35-r006,4235443452,er,500,35,35.148,6,connected,0.0001,none,radio,CARE-noreserve,1083,24.85673451699995,8406,43290,39.97229916897507,True
er-n500-d35-r006,4235443452,er,500,35,35.148,6,connected,0.0001,none,radio,CARE-noswitch,1147,27.54630887999997,30556,43311,37.76024411508283,True
watts_strogatz-n100-d15-r000,3555420309,watts_strogatz,100,15,14.0,0,dominating,0.0001,none,radio,CARE-noreserve,290,0.07924653200007015,159,3078,10.613793103448275,True
watts_strogatz-n100-d15-r000,3555420309,watts_strogatz,100,15,14.0,0,dominating,0.0001,none,radio,CARE-noswitch,232,0.1132618750000347,393,2614,11.267241379310345,True
watts_strogatz-n100-d15-r000,3555420309,watts_strogatz,100,15,14.0,0,connected,0.0001,none,radio,CARE-noreserve,938,0.3195906930000092,824,15065,16.060767590618337,True
watts_strogatz-n100-d15-r000,3555420309,watts_strogatz,100,15,14.0,0,connected,0.0001,none,radio,CARE-noswitch,990,0.7351477439999599,5707,15381,15.536363636363637,True
watts_strogatz-n100-d15-r001,3791259689,watts_strogatz,100,15,14.0,1,dominating,0.0001,none,radio,CARE-noreserve,158,0.05668561899983615,66,1581,10.00632911392405,True
watts_strogatz-n100-d15-r001,3791259689,watts_strogatz,100,15,14.0,1,dominating,0.0001,none,radio,CARE-noswitch,223,0.14155049299984057,195,2288,10.260089686098654,True
watts_strogatz-n100-d15-r001,3791259689,watts_strogatz,100,15,14.0,1,connected,0.0001,none,radio,CARE-noreserve,1086,0.4176128569999946,960,17574,16.18232044198895,True
watts_strogatz-n100-d15-r001,3791259689,watts_strogatz,100,15,14.0,1,connected,0.0001,none,radio,CARE-noswitch,1098,0.6580203089999941,6364,17107,15.580145719489982,True
watts_strogatz-n100-d15-r002,2458784468,watts_strogatz,100,15,14.0,2,dominating,0.0001,none,radio,CARE-noreserve,354,0.09263693800016881,188,3896,11.005649717514125,True
watts_strogatz-n100-d15-r002,2458784468,watts_strogatz,100,15,14.0,2,dominating,0.0001,none,radio,CARE-noswitch,300,0.15695813600018482,646,3032,10.106666666666667,True
watts_strogatz-n100-d15-r002,2458784468,watts_strogatz,100,15,14.0,2,connected,0.0001,none,radio,CARE-noreserve,969,0.36939547299994047,911,15346,15.836945304437565,True
watts_strogatz-n100-d15-r002,2458784468,watts_strogatz,100,15,14.0,2,connected,0.0001,none,radio,CARE-noswitch,1030,0.7730639569999767,8421,16089,15.620388349514563,True
watts_strogatz-n100-d15-r003,536251162,watts_strogatz,100,15,14.0,3,dominating,0.0001,none,radio,CARE-noreserve,230,0.0695018210001308,125,2578,11.208695652173914,True
watts_strogatz-n100-d15-r003,536251162,watts_strogatz,100,15,14.0,3,dominating,0.0001,none,radio,CARE-noswitch,233,0.17689962500003276,1020,2536,10.88412017167382,True
watts_strogatz-n100-d15-r003,536251162,watts_strogatz,100,15,14.0,3,connected,0.0001,none,radio,CARE-noreserve,923,0.370730223999999,770,14370,15.568797399783316,True
watts_strogatz-n100-d15-r003,536251162,watts_strogatz,100,15,14.0,3,connected,0.0001,none,radio,CARE-noswitch,898,0.6311474740000449,9465,13528,15.064587973273943,True
er-n500-d35-r007,2659944820,er,500,35,34.328,7,dominating,0.0001,none,radio,CARE-noreserve,91,0.35152997499994854,533,3114,34.21978021978022,True
er-n500-d35-r007,2659944820,er,500,35,34.328,7,dominating,0.0001,none,radio,CARE-noswitch,124,0.8403903650000757,1373,4098,33.04838709677419,True
er-n500-d35-r007,2659944820,er,500,35,34.328,7,connected,0.0001,none,radio,CARE-noreserve,1104,22.36895140999991,8363,43830,39.70108695652174,True
er-n500-d35-r007,2659944820,er,500,35,34.328,7,connected,0.0001,none,radio,CARE-noswitch,1123,25.526861945000064,33047,42668,37.9946571682992,True
watts_strogatz-n100-d15-r004,2609317337,watts_strogatz,100,15,14.0,4,dominating,0.0001,none,radio,CARE-noreserve,321,0.09431295799981854,220,3515,10.950155763239875,True
watts_strogatz-n100-d15-r004,2609317337,watts_strogatz,100,15,14.0,4,dominating,0.0001,none,radio,CARE-noswitch,201,0.10100423700009742,1549,2200,10.945273631840797,True
watts_strogatz-n100-d15-r004,2609317337,watts_strogatz,100,15,14.0,4,connected,0.0001,none,radio,CARE-noreserve,839,0.39490619599996535,750,12985,15.476758045292014,True
watts_strogatz-n100-d15-r004,2609317337,watts_strogatz,100,15,14.0,4,connected,0.0001,none,radio,CARE-noswitch,882,0.5655186739998044,4987,13233,15.003401360544217,True
watts_strogatz-n100-d15-r005,4114522209,watts_strogatz,100,15,14.0,5,dominating,0.0001,none,radio,CARE-noreserve,235,0.10972636499991495,169,2438,10.374468085106383,True
watts_strogatz-n100-d15-r005,4114522209,watts_strogatz,100,15,14.0,5,dominating,0.0001,none,radio,CARE-noswitch,250,0.12398926200012284,214,2665,10.66,True
watts_strogatz-n100-d15-r005,4114522209,watts_strogatz,100,15,14.0,5,connected,0.0001,none,radio,CARE-noreserve,953,0.3500314799998705,795,15317,16.072402938090242,True
watts_strogatz-n100-d15-r005,4114522209,watts_strogatz,100,15,14.0,5,connected,0.0001,none,radio,CARE-noswitch,969,0.5624041059998035,4093,14952,15.430340557275542,True
watts_strogatz-n100-d15-r006,2807454870,watts_strogatz,100,15,14.0,6,dominating,0.0001,none,radio,CARE-noreserve,181,0.05190019799988477,94,2088,11.535911602209945,True
watts_strogatz-n100-d15-r006,2807454870,watts_strogatz,100,15,14.0,6,dominating,0.0001,none,radio,CARE-noswitch,200,0.09257120899997062,119,2137,10.685,True
watts_strogatz-n100-d15-r006,2807454870,watts_strogatz,100,15,14.0,6,connected,0.0001,none,radio,CARE-noreserve,810,0.2943251520000558,685,13210,16.308641975308642,True
watts_strogatz-n100-d15-r006,2807454870,watts_strogatz,100,15,14.0,6,connected,0.0001,none,radio,CARE-noswitch,796,0.4692029350001121,6767,12276,15.422110552763819,True
watts_strogatz-n100-d15-r007,2816497115,watts_strogatz,100,15,14.0,7,dominating,0.0001,none,radio,CARE-noreserve,387,0.08203440800002681,169,4122,10.651162790697674,True
watts_strogatz-n100-d15-r007,2816497115,watts_strogatz,100,15,14.0,7,dominating,0.0001,none,radio,CARE-noswitch,327,0.2044716159998643,474,3358,10.269113149847096,True
watts_strogatz-n100-d15-r007,2816497115,watts_strogatz,100,15,14.0,7,connected,0.0001,none,radio,CARE-noreserve,1056,0.3616539440001816,860,16774,15.884469696969697,True
watts_strogatz-n100-d15-r007,2816497115,watts_strogatz,100,15,14.0,7,connected,0.0001,none,radio,CARE-noswitch,1018,0.6559718580001572,9269,15901,15.619842829076621,True
watts_strogatz-n100-d15-r008,3099559206,watts_strogatz,100,15,14.0,8,dominating,0.0001,none,radio,CARE-noreserve,332,0.09734408400004213,174,3417,10.292168674698795,True
watts_strogatz-n100-d15-r008,3099559206,watts_strogatz,100,15,14.0,8,dominating,0.0001,none,radio,CARE-noswitch,257,0.11563913899999534,225,2703,10.517509727626459,True
watts_strogatz-n100-d15-r008,3099559206,watts_strogatz,100,15,14.0,8,connected,0.0001,none,radio,CARE-noreserve,935,0.3394111810000595,802,14853,15.885561497326202,True
watts_strogatz-n100-d15-r008,3099559206,watts_strogatz,100,15,14.0,8,connected,0.0001,none,radio,CARE-noswitch,912,0.6254824860000099,6598,14326,15.708333333333334,True
watts_strogatz-n100-d15-r009,1728972740,watts_strogatz,100,15,14.0,9,dominating,0.0001,none,radio,CARE-noreserve,208,0.08916757199995118,99,2090,10.048076923076923,True
watts_strogatz-n100-d15-r009,1728972740,watts_strogatz,100,15,14.0,9,dominating,0.0001,none,radio,CARE-noswitch,300,0.140406202000122,309,3229,10.763333333333334,True
watts_strogatz-n100-d15-r009,1728972740,watts_strogatz,100,15,14.0,9,connected,0.0001,none,radio,CARE-noreserve,831,0.3437441050000416,762,13467,16.205776173285198,True
watts_strogatz-n100-d15-r009,1728972740,watts_strogatz,100,15,14.0,9,connected,0.0001,none,radio,CARE-noswitch,855,0.5872976910000034,6023,13574,15.876023391812865,True
watts_strogatz-n100-d25-r000,4106596252,watts_strogatz,100,25,24.0,0,dominating,0.0001,none,radio,CARE-noreserve,361,0.09687708699993891,190,2531,7.011080332409972,True
watts_strogatz-n100-d25-r000,4106596252,watts_strogatz,100,25,24.0,0,dominating,0.0001,none,radio,CARE-noswitch,599,0.2903457620000154,1764,4081,6.813021702838063,True
watts_strogatz-n100-d25-r000,4106596252,watts_strogatz,100,25,24.0,0,connected,0.0001,none,radio,CARE-noreserve,1575,0.5860615170001893,744,14483,9.195555555555556,True
watts_strogatz-n100-d25-r000,4106596252,watts_strogatz,100,25,24.0,0,connected,0.0001,none,radio,CARE-noswitch,1654,1.0647567220000838,5199,15494,9.367593712212818,True
watts_strogatz-n100-d25-r001,1169254936,watts_strogatz,100,25,24.0,1,dominating,0.0001,none,radio,CARE-noreserve,569,0.12626797799998712,268,4015,7.056239015817223,True
watts_strogatz-n100-d25-r001,1169254936,watts_strogatz,100,25,24.0,1,dominating,0.0001,none,radio,CARE-noswitch,492,0.25948891699999876,2058,3633,7.384146341463414,True
watts_strogatz-n100-d25-r001,1169254936,watts_strogatz,100,25,24.0,1,connected,0.0001,none,radio,CARE-noreserve,1159,0.7575313750000987,692,10729,9.257118205349439,True
watts_strogatz-n100-d25-r001,1169254936,watts_strogatz,100,25,24.0,1,connected,0.0001,none,radio,CARE-noswitch,1311,0.8984628119999343,7283,12251,9.344774980930588,True
watts_strogatz-n100-d25-r002,2658691640,watts_strogatz,100,25,24.0,2,dominating,0.0001,none,radio,CARE-noreserve,541,0.12649618099999316,223,3734,6.902033271719039,True
watts_strogatz-n100-d25-r002,2658691640,watts_strogatz,100,25,24.0,2,dominating,0.0001,none,radio,CARE-noswitch,511,0.27642958600017664,521,3535,6.917808219178082,True
watts_strogatz-n100-d25-r002,2658691640,watts_strogatz,100,25,24.0,2,connected,0.0001,none,radio,CARE-noreserve,1411,0.5368590770001447,807,12655,8.968816442239547,True
watts_strogatz-n100-d25-r002,2658691640,watts_strogatz,100,25,24.0,2,connected,0.0001,none,radio,CARE-noswitch,1391,0.9814434419999998,6861,12592,9.052480230050323,True
watts_strogatz-n100-d25-r003,3873608675,watts_strogatz,100,25,24.0,3,dominating,0.0001,none,radio,CARE-noreserve,296,0.05392780299985134,120,2016,6.8108108108108105,True
watts_strogatz-n100-d25-r003,3873608675,watts_strogatz,100,25,24.0,3,dominating,0.0001,none,radio,CARE-noswitch,342,0.14133483899991006,393,2416,7.064327485380117,True
watts_strogatz-n100-d25-r003,3873608675,watts_strogatz,100,25,24.0,3,connected,0.0001,none,radio,CARE-noreserve,1139,0.4441131099999893,662,10883,9.554872695346795,True
watts_strogatz-n100-d25-r003,3873608675,watts_strogatz,100,25,24.0,3,connected,0.0001,none,radio,CARE-noswitch,1264,0.8326617789998636,6304,11653,9.219145569620252,True
watts_strogatz-n100-d25-r004,2463190607,watts_strogatz,100,25,24.0,4,dominating,0.0001,none,radio,CARE-noreserve,420,0.10021925599994574,186,3124,7.438095238095238,True
watts_strogatz-n100-d25-r004,2463190607,watts_strogatz,100,25,24.0,4,dominating,0.0001,none,radio,CARE-noswitch,491,0.20190336599989678,1182,3511,7.1507128309572305,True
watts_strogatz-n100-d25-r004,2463190607,watts_strogatz,100,25,24.0,4,connected,0.0001,none,radio,CARE-noreserve,1177,0.4206313150000369,659,11248,9.556499575191165,True
watts_strogatz-n100-d25-r004,2463190607,watts_strogatz,100,25,24.0,4,connected,0.0001,none,radio,CARE-noswitch,1190,0.8335073319999537,4432,11202,9.41344537815126,True
er-n500-d35-r008,401347521,er,500,35,35.08,8,dominating,0.0001,none,radio,CARE-noreserve,112,0.6304706230000647,708,4009,35.794642857142854,True
er-n500-d35-r008,401347521,er,500,35,35.08,8,dominating,0.0001,none,radio,CARE-noswitch,146,0.8206869810001081,2297,4958,33.95890410958904,True
er-n500-d35-r008,401347521,er,500,35,35.08,8,connected,0.0001,none,radio,CARE-noreserve,976,24.259489108000025,8150,38926,39.88319672131148,True
er-n500-d35-r008,401347521,er,500,35,35.08,8,connected,0.0001,none,radio,CARE-noswitch,1024,24.87683161399991,23015,38973,38.0595703125,True
watts_strogatz-n100-d25-r005,3211631214,watts_strogatz,100,25,24.0,5,dominating,0.0001,none,radio,CARE-noreserve,641,0.12060098799997832,246,4518,7.048361934477379,True
watts_strogatz-n100-d25-r005,3211631214,watts_strogatz,100,25,24.0,5,dominating,0.0001,none,radio,CARE-noswitch,593,0.2399630329998672,1847,4203,7.087689713322091,True
watts_strogatz-n100-d25-r005,3211631214,watts_strogatz,100,25,24.0,5,connected,0.0001,none,radio,CARE-noreserve,1372,0.42007501900002353,728,13053,9.513848396501457,True
watts_strogatz-n100-d25-r005,3211631214,watts_strogatz,100,25,24.0,5,connected,0.0001,none,radio,CARE-noswitch,1523,1.0004861350000738,6681,14210,9.33026920551543,True
watts_strogatz-n100-d25-r006,2576930134,watts_strogatz,100,25,24.0,6,dominating,0.0001,none,radio,CARE-noreserve,284,0.04820552000001044,99,2016,7.098591549295775,True
watts_strogatz-n100-d25-r006,2576930134,watts_strogatz,100,25,24.0,6,dominating,0.0001,none,radio,CARE-noswitch,440,0.20849667799984672,890,3223,7.325,True
watts_strogatz-n100-d25-r006,2576930134,watts_strogatz,100,25,24.0,6,connected,0.0001,none,radio,CARE-noreserve,1200,0.5918751659999089,643,11524,9.603333333333333,True
watts_strogatz-n100-d25-r006,2576930134,watts_strogatz,100,25,24.0,6,connected,0.0001,none,radio,CARE-noswitch,1319,0.8230780549999963,6600,12036,9.125094768764216,True
watts_strogatz-n100-d25-r007,2763679146,watts_strogatz,100,25,24.0,7,dominating,0.0001,none,radio,CARE-noreserve,589,0.12948098899983052,211,4215,7.1561969439728355,True
watts_strogatz-n100-d25-r007,2763679146,watts_strogatz,100,25,24.0,7,dominating,0.0001,none,radio,CARE-noswitch,400,0.21750356900020051,195,2915,7.2875,True
watts_strogatz-n100-d25-r007,2763679146,watts_strogatz,100,25,24.0,7,connected,0.0001,none,radio,CARE-noreserve,1355,0.4563891339998918,747,13256,9.783025830258303,True
watts_strogatz-n100-d25-r007,2763679146,watts_strogatz,100,25,24.0,7,connected,0.0001,none,radio,CARE-noswitch,1423,0.9444477100000768,8666,13167,9.252986647926916,True
watts_strogatz-n100-d25-r008,1455505201,watts_strogatz,100,25,24.0,8,dominating,0.0001,none,radio,CARE-noreserve,608,0.12132021999991593,210,4343,7.1430921052631575,True
watts_strogatz-n100-d25-r008,1455505201,watts_strogatz,100,25,24.0,8,dominating,0.0001,none,radio,CARE-noswitch,597,0.2311609620001036,1963,4272,7.155778894472362,True
watts_strogatz-n100-d25-r008,1455505201,watts_strogatz,100,25,24.0,8,connected,0.0001,none,radio,CARE-noreserve,1366,0.4903284279998843,706,12914,9.453879941434847,True
watts_strogatz-n100-d25-r008,1455505201,watts_strogatz,100,25,24.0,8,connected,0.0001,none,radio,CARE-noswitch,1406,0.809006669999917,4740,12785,9.093172119487908,True
watts_strogatz-n100-d25-r009,2366501976,watts_strogatz,100,25,24.0,9,dominating,0.0001,none,radio,CARE-noreserve,377,0.08332125299989457,120,2565,6.803713527851459,True
watts_strogatz-n100-d25-r009,2366501976,watts_strogatz,100,25,24.0,9,dominating,0.0001,none,radio,CARE-noswitch,239,0.10729793900009099,617,1706,7.138075313807532,True
watts_strogatz-n100-d25-r009,2366501976,watts_strogatz,100,25,24.0,9,connected,0.0001,none,radio,CARE-noreserve,1455,0.6155895069998678,729,13387,9.200687285223367,True
watts_strogatz-n100-d25-r009,2366501976,watts_strogatz,100,25,24.0,9,connected,0.0001,none,radio,CARE-noswitch,1512,0.9971658300000854,7332,14184,9.380952380952381,True
watts_strogatz-n100-d35-r001,2560037742,watts_strogatz,100,35,34.0,1,dominating,0.0001,none,radio,CARE-noreserve,948,0.17187869800000044,316,5545,5.84915611814346,True
watts_strogatz-n100-d35-r001,2560037742,watts_strogatz,100,35,34.0,1,dominating,0.0001,none,radio,CARE-noswitch,486,0.211099263000051,516,2626,5.403292181069959,True
watts_strogatz-n100-d35-r001,2560037742,watts_strogatz,100,35,34.0,1,connected,0.0001,none,radio,CARE-noreserve,1827,0.6479514440000003,690,12515,6.850027367268747,True
watts_strogatz-n100-d35-r001,2560037742,watts_strogatz,100,35,34.0,1,connected,0.0001,none,radio,CARE-noswitch,1853,1.3883388629999445,5346,12588,6.793308148947652,True
watts_strogatz-n100-d35-r000,2066461287,watts_strogatz,100,35,34.0,0,dominating,0.0001,none,radio,CARE-noreserve,967,0.22919850199991743,289,5157,5.332988624612203,True
watts_strogatz-n100-d35-r000,2066461287,watts_strogatz,100,35,34.0,0,dominating,0.0001,none,radio,CARE-noswitch,938,0.4415826140000263,2411,5187,5.529850746268656,True
watts_strogatz-n100-d35-r000,2066461287,watts_strogatz,100,35,34.0,0,connected,0.0001,none,radio,CARE-noreserve,1820,0.7769030680001379,673,13075,7.184065934065934,True
watts_strogatz-n100-d35-r000,2066461287,watts_strogatz,100,35,34.0,0,connected,0.0001,none,radio,CARE-noswitch,1800,1.5593624710002132,5431,12425,6.902777777777778,True
watts_strogatz-n100-d35-r002,685485651,watts_strogatz,100,35,34.0,2,dominating,0.0001,none,radio,CARE-noreserve,496,0.06406138900001679,113,2623,5.288306451612903,True
watts_strogatz-n100-d35-r002,685485651,watts_strogatz,100,35,34.0,2,dominating,0.0001,none,radio,CARE-noswitch,639,0.26414939599999343,2383,3395,5.312989045383412,True
watts_strogatz-n100-d35-r002,685485651,watts_strogatz,100,35,34.0,2,connected,0.0001,none,radio,CARE-noreserve,1714,0.7089669320000667,617,12026,7.016336056009335,True
watts_strogatz-n100-d35-r002,685485651,watts_strogatz,100,35,34.0,2,connected,0.0001,none,radio,CARE-noswitch,1747,1.2154079080000884,5919,11859,6.788208357183744,True
watts_strogatz-n100-d35-r003,3214089929,watts_strogatz,100,35,34.0,3,dominating,0.0001,none,radio,CARE-noreserve,599,0.10621502100002544,161,3227,5.387312186978297,True
watts_strogatz-n100-d35-r003,3214089929,watts_strogatz,100,35,34.0,3,dominating,0.0001,none,radio,CARE-noswitch,554,0.2419472969997969,1619,2996,5.407942238267148,True
watts_strogatz-n100-d35-r003,3214089929,watts_strogatz,100,35,34.0,3,connected,0.0001,none,radio,CARE-noreserve,1518,0.6510381690000031,625,10131,6.673913043478261,True
watts_strogatz-n100-d35-r003,3214089929,watts_strogatz,100,35,34.0,3,connected,0.0001,none,radio,CARE-noswitch,1594,1.2283092139998644,3959,10857,6.811166875784191,True
watts_strogatz-n100-d35-r004,1875474324,watts_strogatz,100,35,34.0,4,dominating,0.0001,none,radio,CARE-noreserve,864,0.1864014310001494,281,4800,5.555555555555555,True
watts_strogatz-n100-d35-r004,1875474324,watts_strogatz,100,35,34.0,4,dominating,0.0001,none,radio,CARE-noswitch,710,0.26454444000000876,1580,3787,5.333802816901408,True
watts_strogatz-n100-d35-r004,1875474324,watts_strogatz,100,35,34.0,4,connected,0.0001,none,radio,CARE-noreserve,1775,0.6678563180000765,677,12373,6.9707042253521125,True
watts_strogatz-n100-d35-r004,1875474324,watts_strogatz,100,35,34.0,4,connected,0.0001,none,radio,CARE-noswitch,1851,1.3525435760000164,4724,12786,6.9076175040518635,True
watts_strogatz-n100-d35-r005,3992659382,watts_strogatz,100,35,34.0,5,dominating,0.0001,none,radio,CARE-noreserve,739,0.12278795700012779,187,3924,5.309878213802436,True
watts_strogatz-n100-d35-r005,3992659382,watts_strogatz,100,35,34.0,5,dominating,0.0001,none,radio,CARE-noswitch,824,0.41881645400007983,2592,4499,5.459951456310679,True
watts_strogatz-n100-d35-r005,3992659382,watts_strogatz,100,35,34.0,5,connected,0.0001,none,radio,CARE-noreserve,1695,0.7129431810001279,623,11478,6.771681415929203,True
watts_strogatz-n100-d35-r005,3992659382,watts_strogatz,100,35,34.0,5,connected,0.0001,none,radio,CARE-noswitch,1799,1.435066886000186,5385,12218,6.791550861589772,True
watts_strogatz-n100-d35-r006,2113897281,watts_strogatz,100,35,34.0,6,dominating,0.0001,none,radio,CARE-noreserve,772,0.18885770299993965,312,4202,5.44300518134715,True
watts_strogatz-n100-d35-r006,2113897281,watts_strogatz,100,35,34.0,6,dominating,0.0001,none,radio,CARE-noswitch,534,0.2309185179999531,1319,2878,5.389513108614232,True
watts_strogatz-n100-d35-r006,2113897281,watts_strogatz,100,35,34.0,6,connected,0.0001,none,radio,CARE-noreserve,1706,0.6775414460000775,622,11886,6.9671746776084404,True
watts_strogatz-n100-d35-r006,2113897281,watts_strogatz,100,35,34.0,6,connected,0.0001,none,radio,CARE-noswitch,1711,1.3264991229998486,5123,12167,7.111046171829339,True
watts_strogatz-n100-d35-r007,3731995840,watts_strogatz,100,35,34.0,7,dominating,0.0001,none,radio,CARE-noreserve,879,0.22530972499998825,303,4904,5.579067121729238,True
watts_strogatz-n100-d35-r007,3731995840,watts_strogatz,100,35,34.0,7,dominating,0.0001,none,radio,CARE-noswitch,700,0.31374522000010074,2822,3830,5.4714285714285715,True
watts_strogatz-n100-d35-r007,3731995840,watts_strogatz,100,35,34.0,7,connected,0.0001,none,radio,CARE-noreserve,1603,0.7674439229999734,678,11148,6.954460386774797,True
watts_strogatz-n100-d35-r007,3731995840,watts_strogatz,100,35,34.0,7,connected,0.0001,none,radio,CARE-noswitch,1718,1.1777914239999063,4660,11487,6.686263096623981,True
watts_strogatz-n100-d35-r008,3851703215,watts_strogatz,100,35,34.0,8,dominating,0.0001,none,radio,CARE-noreserve,645,0.13613398600000437,180,3490,5.410852713178294,True
watts_strogatz-n100-d35-r008,3851703215,watts_strogatz,100,35,34.0,8,dominating,0.0001,none,radio,CARE-noswitch,691,0.27073863000009624,448,3638,5.264833574529667,True
watts_strogatz-n100-d35-r008,3851703215,watts_strogatz,100,35,34.0,8,connected,0.0001,none,radio,CARE-noreserve,1603,0.5894616380001025,638,11137,6.9475982532751095,True
watts_strogatz-n100-d35-r008,3851703215,watts_strogatz,100,35,34.0,8,connected,0.0001,none,radio,CARE-noswitch,1631,1.4318108339998616,4364,11223,6.881054567749847,True
watts_strogatz-n100-d35-r009,2352700449,watts_strogatz,100,35,34.0,9,dominating,0.0001,none,radio,CARE-noreserve,927,0.2493919769999593,305,4788,5.165048543689321,True
watts_strogatz-n100-d35-r009,2352700449,watts_strogatz,100,35,34.0,9,dominating,0.0001,none,radio,CARE-noswitch,963,0.4343597960000807,1343,5189,5.388369678089305,True
watts_strogatz-n100-d35-r009,2352700449,watts_strogatz,100,35,34.0,9,connected,0.0001,none,radio,CARE-noreserve,1725,0.6762821119998534,680,12166,7.052753623188406,True
watts_strogatz-n100-d35-r009,2352700449,watts_strogatz,100,35,34.0,9,connected,0.0001,none,radio,CARE-noswitch,1720,1.5245755519999875,2554,11663,6.780813953488372,True
watts_strogatz-n250-d15-r000,2999835785,watts_strogatz,250,15,14.0,0,dominating,0.0001,none,radio,CARE-noreserve,225,0.12735899900008008,229,5840,25.955555555555556,True
watts_strogatz-n250-d15-r000,2999835785,watts_strogatz,250,15,14.0,0,dominating,0.0001,none,radio,CARE-noswitch,196,0.24088518400003522,255,5103,26.035714285714285,True
watts_strogatz-n250-d15-r000,2999835785,watts_strogatz,250,15,14.0,0,connected,0.0001,none,radio,CARE-noreserve,1061,2.1415512799999306,3619,41747,39.34684260131951,True
watts_strogatz-n250-d15-r000,2999835785,watts_strogatz,250,15,14.0,0,connected,0.0001,none,radio,CARE-noswitch,1002,2.645955911000101,22099,38777,38.699600798403196,True
watts_strogatz-n250-d15-r001,1229434272,watts_strogatz,250,15,14.0,1,dominating,0.0001,none,radio,CARE-noreserve,366,0.3686500030000843,603,9851,26.915300546448087,True
watts_strogatz-n250-d15-r001,1229434272,watts_strogatz,250,15,14.0,1,dominating,0.0001,none,radio,CARE-noswitch,281,0.3777312660001826,404,7573,26.95017793594306,True
watts_strogatz-n250-d15-r001,1229434272,watts_strogatz,250,15,14.0,1,connected,0.0001,none,radio,CARE-noreserve,830,2.307222208999974,2774,31956,38.501204819277106,True
watts_strogatz-n250-d15-r001,1229434272,watts_strogatz,250,15,14.0,1,connected,0.0001,none,radio,CARE-noswitch,823,2.366251044000137,17191,31385,38.13487241798299,True
er-n500-d35-r009,2192256622,er,500,35,34.672,9,dominating,0.0001,none,radio,CARE-noreserve,95,0.3572863430001689,367,3275,34.473684210526315,True
er-n500-d35-r009,2192256622,er,500,35,34.672,9,dominating,0.0001,none,radio,CARE-noswitch,109,0.6334720449999622,1211,3804,34.89908256880734,True
er-n500-d35-r009,2192256622,er,500,35,34.672,9,connected,0.0001,none,radio,CARE-noreserve,1077,25.15629232299989,8572,43341,40.24233983286908,True
er-n500-d35-r009,2192256622,er,500,35,34.672,9,connected,0.0001,none,radio,CARE-noswitch,1122,26.50912284800006,20249,44173,39.3698752228164,True
watts_strogatz-n250-d15-r002,2953465278,watts_strogatz,250,15,14.0,2,dominating,0.0001,none,radio,CARE-noreserve,252,0.2905405310000333,345,6709,26.623015873015873,True
watts_strogatz-n250-d15-r002,2953465278,watts_strogatz,250,15,14.0,2,dominating,0.0001,none,radio,CARE-noswitch,298,0.4748463250000441,2644,7976,26.76510067114094,True
watts_strogatz-n250-d15-r002,2953465278,watts_strogatz,250,15,14.0,2,connected,0.0001,none,radio,CARE-noreserve,817,1.8934498839998923,2587,32518,39.80171358629131,True
watts_strogatz-n250-d15-r002,2953465278,watts_strogatz,250,15,14.0,2,connected,0.0001,none,radio,CARE-noswitch,831,2.549540522000143,17938,31682,38.1251504211793,True
watts_strogatz-n250-d15-r003,1403260973,watts_strogatz,250,15,14.0,3,dominating,0.0001,none,radio,CARE-noreserve,235,0.2500682949998918,299,6547,27.859574468085107,True
watts_strogatz-n250-d15-r003,1403260973,watts_strogatz,250,15,14.0,3,dominating,0.0001,none,radio,CARE-noswitch,258,0.4108073760000934,514,7209,27.941860465116278,True
watts_strogatz-n250-d15-r003,1403260973,watts_strogatz,250,15,14.0,3,connected,0.0001,none,radio,CARE-noreserve,925,2.538431142000036,3670,36850,39.83783783783784,True
watts_strogatz-n250-d15-r003,1403260973,watts_strogatz,250,15,14.0,3,connected,0.0001,none,radio,CARE-noswitch,872,2.38626384600002,16493,33268,38.15137614678899,True
watts_strogatz-n250-d15-r004,3968178101,watts_strogatz,250,15,14.0,4,dominating,0.0001,none,radio,CARE-noreserve,255,0.25635338299980504,255,6464,25.349019607843136,True
watts_strogatz-n250-d15-r004,3968178101,watts_strogatz,250,15,14.0,4,dominating,0.0001,none,radio,CARE-noswitch,196,0.3216856269998516,942,5033,25.678571428571427,True
watts_strogatz-n250-d15-r004,3968178101,watts_strogatz,250,15,14.0,4,connected,0.0001,none,radio,CARE-noreserve,1030,2.33663680199993,3491,41112,39.914563106796116,True
watts_strogatz-n250-d15-r004,3968178101,watts_strogatz,250,15,14.0,4,connected,0.0001,none,radio,CARE-noswitch,1028,2.670837854999945,22603,39863,38.77723735408561,True
watts_strogatz-n250-d15-r005,3783699072,watts_strogatz,250,15,14.0,5,dominating,0.0001,none,radio,CARE-noreserve,160,0.13895644300009735,147,4038,25.2375,True
watts_strogatz-n250-d15-r005,3783699072,watts_strogatz,250,15,14.0,5,dominating,0.0001,none,radio,CARE-noswitch,247,0.2677743990000181,385,6414,25.967611336032387,True
watts_strogatz-n250-d15-r005,3783699072,watts_strogatz,250,15,14.0,5,connected,0.0001,none,radio,CARE-noreserve,1161,2.2714526919999116,3657,45214,38.944013781223084,True
watts_strogatz-n250-d15-r005,3783699072,watts_strogatz,250,15,14.0,5,connected,0.0001,none,radio,CARE-noswitch,1115,2.3771817209999426,21530,42059,37.72107623318386,True
watts_strogatz-n250-d15-r006,2516913686,watts_strogatz,250,15,14.0,6,dominating,0.0001,none,radio,CARE-noreserve,186,0.20672335100016426,292,5242,28.182795698924732,True
watts_strogatz-n250-d15-r006,2516913686,watts_strogatz,250,15,14.0,6,dominating,0.0001,none,radio,CARE-noswitch,202,0.36265398199998344,944,5363,26.54950495049505,True
watts_strogatz-n250-d15-r006,2516913686,watts_strogatz,250,15,14.0,6,connected,0.0001,none,radio,CARE-noreserve,983,1.7711958869999762,3385,38739,39.408952187182095,True
watts_strogatz-n250-d15-r006,2516913686,watts_strogatz,250,15,14.0,6,connected,0.0001,none,radio,CARE-noswitch,984,2.779453715000045,22639,37646,38.25813008130081,True
watts_strogatz-n250-d15-r007,176713782,watts_strogatz,250,15,14.0,7,dominating,0.0001,none,radio,CARE-noreserve,259,0.26443207900001653,276,6900,26.64092664092664,True
watts_strogatz-n250-d15-r007,176713782,watts_strogatz,250,15,14.0,7,dominating,0.0001,none,radio,CARE-noswitch,200,0.3510335230000692,1188,5471,27.355,True
watts_strogatz-n250-d15-r007,176713782,watts_strogatz,250,15,14.0,7,connected,0.0001,none,radio,CARE-noreserve,1033,2.330148492000035,3426,41099,39.78606001936108,True
watts_strogatz-n250-d15-r007,176713782,watts_strogatz,250,15,14.0,7,connected,0.0001,none,radio,CARE-noswitch,1002,2.6940657090001423,14608,38430,38.35329341317365,True
watts_strogatz-n250-d15-r009,3944131344,watts_strogatz,250,15,14.0,9,dominating,0.0001,none,radio,CARE-noreserve,269,0.2255003709999528,376,6943,25.810408921933085,True
watts_strogatz-n250-d15-r009,3944131344,watts_strogatz,250,15,14.0,9,dominating,0.0001,none,radio,CARE-noswitch,156,0.21282107799993355,673,3972,25.46153846153846,True
watts_strogatz-n250-d15-r009,3944131344,watts_strogatz,250,15,14.0,9,connected,0.0001,none,radio,CARE-noreserve,784,1.6154345959998864,2689,30723,39.1875,True
watts_strogatz-n250-d15-r009,3944131344,watts_strogatz,250,15,14.0,9,connected,0.0001,none,radio,CARE-noswitch,876,2.402772984999956,19353,33260,37.96803652968037,True
watts_strogatz-n250-d15-r008,3043733721,watts_strogatz,250,15,14.0,8,dominating,0.0001,none,radio,CARE-noreserve,220,0.2463438459999452,214,5621,25.55,True
watts_strogatz-n250-d15-r008,3043733721,watts_strogatz,250,15,14.0,8,dominating,0.0001,none,radio,CARE-noswitch,227,0.35924798199994257,653,6086,26.81057268722467,True
watts_strogatz-n250-d15-r008,3043733721,watts_strogatz,250,15,14.0,8,connected,0.0001,none,radio,CARE-noreserve,1025,2.27458242900002,3861,39594,38.628292682926826,True
watts_strogatz-n250-d15-r008,3043733721,watts_strogatz,250,15,14.0,8,connected,0.0001,none,radio,CARE-noswitch,978,2.6960690949999844,15636,37127,37.962167689161554,True
watts_strogatz-n250-d25-r000,924124579,watts_strogatz,250,25,24.0,0,dominating,0.0001,none,radio,CARE-noreserve,594,0.33922327700020105,504,9872,16.61952861952862,True
watts_strogatz-n250-d25-r000,924124579,watts_strogatz,250,25,24.0,0,dominating,0.0001,none,radio,CARE-noswitch,474,0.4345714419998785,2803,8059,17.00210970464135,True
watts_strogatz-n250-d25-r000,924124579,watts_strogatz,250,25,24.0,0,connected,0.0001,none,radio,CARE-noreserve,1617,2.5895068539998647,3063,37337,23.090290661719234,True
watts_strogatz-n250-d25-r000,924124579,watts_strogatz,250,25,24.0,0,connected,0.0001,none,radio,CARE-noswitch,1562,3.6579585859999497,24217,34905,22.346350832266324,True
watts_strogatz-n250-d25-r002,2897054359,watts_strogatz,250,25,24.0,2,dominating,0.0001,none,radio,CARE-noreserve,546,0.31576621000021987,474,9401,17.21794871794872,True
watts_strogatz-n250-d25-r002,2897054359,watts_strogatz,250,25,24.0,2,dominating,0.0001,none,radio,CARE-noswitch,581,0.5552547080001204,4270,9929,17.089500860585197,True
watts_strogatz-n250-d25-r002,2897054359,watts_strogatz,250,25,24.0,2,connected,0.0001,none,radio,CARE-noreserve,1619,3.177867378999963,3341,37387,23.092649783817173,True
watts_strogatz-n250-d25-r002,2897054359,watts_strogatz,250,25,24.0,2,connected,0.0001,none,radio,CARE-noswitch,1518,3.367343767999955,26409,34055,22.434123847167324,True
watts_strogatz-n250-d25-r001,3870549813,watts_strogatz,250,25,24.0,1,dominating,0.0001,none,radio,CARE-noreserve,512,0.41436676699981945,487,9140,17.8515625,True
watts_strogatz-n250-d25-r001,3870549813,watts_strogatz,250,25,24.0,1,dominating,0.0001,none,radio,CARE-noswitch,561,0.5839594320000288,4578,9499,16.932263814616757,True
watts_strogatz-n250-d25-r001,3870549813,watts_strogatz,250,25,24.0,1,connected,0.0001,none,radio,CARE-noreserve,1669,3.40994068100008,3359,38608,23.132414619532653,True
watts_strogatz-n250-d25-r001,3870549813,watts_strogatz,250,25,24.0,1,connected,0.0001,none,radio,CARE-noswitch,1699,3.8057931999999255,19491,39041,22.978811065332547,True
watts_strogatz-n250-d25-r003,659555199,watts_strogatz,250,25,24.0,3,dominating,0.0001,none,radio,CARE-noreserve,766,0.5271134910001365,787,13292,17.35248041775457,True
watts_strogatz-n250-d25-r003,659555199,watts_strogatz,250,25,24.0,3,dominating,0.0001,none,radio,CARE-noswitch,700,0.7561360209999748,2002,12180,17.4,True
watts_strogatz-n250-d25-r003,659555199,watts_strogatz,250,25,24.0,3,connected,0.0001,none,radio,CARE-noreserve,1584,3.4216593439998633,3167,36962,23.33459595959596,True
watts_strogatz-n250-d25-r003,659555199,watts_strogatz,250,25,24.0,3,connected,0.0001,none,radio,CARE-noswitch,1573,3.5938072980000015,23438,35794,22.755244755244757,True
watts_strogatz-n250-d25-r004,1906706173,watts_strogatz,250,25,24.0,4,dominating,0.0001,none,radio,CARE-noreserve,684,0.29441636700016716,602,11520,16.842105263157894,True
watts_strogatz-n250-d25-r004,1906706173,watts_strogatz,250,25,24.0,4,dominating,0.0001,none,radio,CARE-noswitch,833,0.9942381190001015,5850,14576,17.498199279711883,True
watts_strogatz-n250-d25-r004,1906706173,watts_strogatz,250,25,24.0,4,connected,0.0001,none,radio,CARE-noreserve,1553,2.714354405999984,2879,35666,22.965872504829363,True
watts_strogatz-n250-d25-r004,1906706173,watts_strogatz,250,25,24.0,4,connected,0.0001,none,radio,CARE-noswitch,1585,3.9466874519998782,17160,35665,22.501577287066247,True
watts_strogatz-n250-d25-r005,4007228158,watts_strogatz,250,25,24.0,5,dominating,0.0001,none,radio,CARE-noreserve,655,0.3951461490000838,646,11406,17.413740458015265,True
watts_strogatz-n250-d25-r005,4007228158,watts_strogatz,250,25,24.0,5,dominating,0.0001,none,radio,CARE-noswitch,455,0.4749952319998556,2418,7958,17.49010989010989,True
watts_strogatz-n250-d25-r005,4007228158,watts_strogatz,250,25,24.0,5,connected,0.0001,none,radio,CARE-noreserve,1425,2.554550900999857,2866,33550,23.54385964912281,True
watts_strogatz-n250-d25-r005,4007228158,watts_strogatz,250,25,24.0,5,connected,0.0001,none,radio,CARE-noswitch,1426,4.1174732540000605,23425,32873,23.052594670406734,True
watts_strogatz-n250-d25-r006,2057475490,watts_strogatz,250,25,24.0,6,dominating,0.0001,none,radio,CARE-noreserve,441,0.2581894380000449,365,7692,17.4421768707483,True
watts_strogatz-n250-d25-r006,2057475490,watts_strogatz,250,25,24.0,6,dominating,0.0001,none,radio,CARE-noswitch,327,0.3792979539998669,343,5518,16.874617737003057,True
watts_strogatz-n250-d25-r006,2057475490,watts_strogatz,250,25,24.0,6,connected,0.0001,none,radio,CARE-noreserve,1602,2.8987956309999845,3109,37117,23.16916354556804,True
watts_strogatz-n250-d25-r006,2057475490,watts_strogatz,250,25,24.0,6,connected,0.0001,none,radio,CARE-noswitch,1598,4.051412986999821,18281,36584,22.893617021276597,True
watts_strogatz-n250-d25-r007,3497638989,watts_strogatz,250,25,24.0,7,dominating,0.0001,none,radio,CARE-noreserve,485,0.19852491599999667,398,8558,17.64536082474227,True
watts_strogatz-n250-d25-r007,3497638989,watts_strogatz,250,25,24.0,7,dominating,0.0001,none,radio,CARE-noswitch,685,0.8032072240000616,3355,12134,17.713868613138686,True
watts_strogatz-n250-d25-r007,3497638989,watts_strogatz,250,25,24.0,7,connected,0.0001,none,radio,CARE-noreserve,1528,2.9934903190001023,3026,35073,22.953534031413614,True
watts_strogatz-n250-d25-r007,3497638989,watts_strogatz,250,25,24.0,7,connected,0.0001,none,radio,CARE-noswitch,1563,4.491866355999946,25630,35485,22.703134996801023,True
watts_strogatz-n250-d25-r008,267527774,watts_strogatz,250,25,24.0,8,dominating,0.0001,none,radio,CARE-noreserve,408,0.26679680400002326,353,7102,17.40686274509804,True
watts_strogatz-n250-d25-r008,267527774,watts_strogatz,250,25,24.0,8,dominating,0.0001,none,radio,CARE-noswitch,456,0.42725975799999105,711,8455,18.541666666666668,True
watts_strogatz-n250-d25-r008,267527774,watts_strogatz,250,25,24.0,8,connected,0.0001,none,radio,CARE-noreserve,1470,2.8994969469999887,2912,34421,23.4156462585034,True
watts_strogatz-n250-d25-r008,267527774,watts_strogatz,250,25,24.0,8,connected,0.0001,none,radio,CARE-noswitch,1444,4.180683529999897,19248,33122,22.937673130193907,True
watts_strogatz-n250-d25-r009,3557387809,watts_strogatz,250,25,24.0,9,dominating,0.0001,none,radio,CARE-noreserve,471,0.3375638570000774,473,8122,17.24416135881104,True
watts_strogatz-n250-d25-r009,3557387809,watts_strogatz,250,25,24.0,9,dominating,0.0001,none,radio,CARE-noswitch,584,0.6822722799997791,2863,10090,17.277397260273972,True
watts_strogatz-n250-d25-r009,3557387809,watts_strogatz,250,25,24.0,9,connected,0.0001,none,radio,CARE-noreserve,1682,4.297872412000061,3801,39825,23.677170035671818,True
watts_strogatz-n250-d25-r009,3557387809,watts_strogatz,250,25,24.0,9,connected,0.0001,none,radio,CARE-noswitch,1588,3.752545553000118,32596,36676,23.095717884130984,True
watts_strogatz-n250-d35-r000,2850360410,watts_strogatz,250,35,34.0,0,dominating,0.0001,none,radio,CARE-noreserve,816,0.42464208799992775,640,10844,13.28921568627451,True
watts_strogatz-n250-d35-r000,2850360410,watts_strogatz,250,35,34.0,0,dominating,0.0001,none,radio,CARE-noswitch,696,0.8138419440001599,4079,9525,13.685344827586206,True
watts_strogatz-n250-d35-r000,2850360410,watts_strogatz,250,35,34.0,0,connected,0.0001,none,radio,CARE-noreserve,1829,5.5271291120000114,2819,31242,17.08146528157463,True
watts_strogatz-n250-d35-r000,2850360410,watts_strogatz,250,35,34.0,0,connected,0.0001,none,radio,CARE-noswitch,1792,6.560481248000087,18186,29150,16.266741071428573,True
watts_strogatz-n250-d35-r001,1846632587,watts_strogatz,250,35,34.0,1,dominating,0.0001,none,radio,CARE-noreserve,595,0.35442592699996567,378,8021,13.480672268907563,True
watts_strogatz-n250-d35-r001,1846632587,watts_strogatz,250,35,34.0,1,dominating,0.0001,none,radio,CARE-noswitch,956,1.203181018999885,5564,13017,13.616108786610878,True
watts_strogatz-n250-d35-r001,1846632587,watts_strogatz,250,35,34.0,1,connected,0.0001,none,radio,CARE-noreserve,1900,4.748680952999848,2473,32534,17.123157894736842,True
watts_strogatz-n250-d35-r001,1846632587,watts_strogatz,250,35,34.0,1,connected,0.0001,none,radio,CARE-noswitch,1965,5.973190146999968,17177,33047,16.817811704834604,True
watts_strogatz-n250-d35-r002,4104377710,watts_strogatz,250,35,34.0,2,dominating,0.0001,none,radio,CARE-noreserve,782,0.4156213910000588,537,10582,13.531969309462916,True
watts_strogatz-n250-d35-r002,4104377710,watts_strogatz,250,35,34.0,2,dominating,0.0001,none,radio,CARE-noswitch,821,0.9432535660000667,3414,11072,13.48599269183922,True
watts_strogatz-n250-d35-r002,4104377710,watts_strogatz,250,35,34.0,2,connected,0.0001,none,radio,CARE-noreserve,2082,4.861948039000026,2864,35710,17.151777137367915,True
watts_strogatz-n250-d35-r002,4104377710,watts_strogatz,250,35,34.0,2,connected,0.0001,none,radio,CARE-noswitch,2031,7.2733690729999125,23851,33860,16.671590349581486,True
watts_strogatz-n250-d35-r003,206201916,watts_strogatz,250,35,34.0,3,dominating,0.0001,none,radio,CARE-noreserve,1036,0.5523796370000582,876,13986,13.5,True
watts_strogatz-n250-d35-r003,206201916,watts_strogatz,250,35,34.0,3,dominating,0.0001,none,radio,CARE-noswitch,758,0.8271291690000453,2692,9977,13.1622691292876,True
watts_strogatz-n250-d35-r003,206201916,watts_strogatz,250,35,34.0,3,connected,0.0001,none,radio,CARE-noreserve,1923,7.048384472999942,2940,32942,17.130525221008842,True
watts_strogatz-n250-d35-r003,206201916,watts_strogatz,250,35,34.0,3,connected,0.0001,none,radio,CARE-noswitch,1903,5.8446669239999665,21061,31779,16.69942196531792,True
watts_strogatz-n250-d35-r004,1521881976,watts_strogatz,250,35,34.0,4,dominating,0.0001,none,radio,CARE-noreserve,912,0.5729691490000732,658,12180,13.355263157894736,True
watts_strogatz-n250-d35-r004,1521881976,watts_strogatz,250,35,34.0,4,dominating,0.0001,none,radio,CARE-noswitch,846,0.8735959580001236,4930,11116,13.139479905437351,True
watts_strogatz-n250-d35-r004,1521881976,watts_strogatz,250,35,34.0,4,connected,0.0001,none,radio,CARE-noreserve,1987,4.473132602000078,2393,33920,17.070961248112734,True
watts_strogatz-n250-d35-r004,1521881976,watts_strogatz,250,35,34.0,4,connected,0.0001,none,radio,CARE-noswitch,1942,5.564356731999851,20431,31594,16.268795056642638,True
watts_strogatz-n250-d35-r005,2397509926,watts_strogatz,250,35,34.0,5,dominating,0.0001,none,radio,CARE-noreserve,785,0.5792952490000971,495,10472,13.340127388535032,True
watts_strogatz-n250-d35-r005,2397509926,watts_strogatz,250,35,34.0,5,dominating,0.0001,none,radio,CARE-noswitch,704,1.0265808589999779,3269,9400,13.352272727272727,True
watts_strogatz-n250-d35-r005,2397509926,watts_strogatz,250,35,34.0,5,connected,0.0001,none,radio,CARE-noreserve,2058,4.728062517999888,2557,33648,16.34985422740525,True
watts_strogatz-n250-d35-r005,2397509926,watts_strogatz,250,35,34.0,5,connected,0.0001,none,radio,CARE-noswitch,1906,5.938103945999956,26623,30687,16.100209863588667,True
watts_strogatz-n250-d35-r006,2585789089,watts_strogatz,250,35,34.0,6,dominating,0.0001,none,radio,CARE-noreserve,1070,0.7752853360000245,860,14171,13.243925233644859,True
watts_strogatz-n250-d35-r006,2585789089,watts_strogatz,250,35,34.0,6,dominating,0.0001,none,radio,CARE-noswitch,700,0.8451534029998129,2096,9223,13.175714285714285,True
watts_strogatz-n250-d35-r006,2585789089,watts_strogatz,250,35,34.0,6,connected,0.0001,none,radio,CARE-noreserve,2077,4.734690727000043,2854,35650,17.16417910447761,True
watts_strogatz-n250-d35-r006,2585789089,watts_strogatz,250,35,34.0,6,connected,0.0001,none,radio,CARE-noswitch,1988,5.591499186000192,32546,33190,16.69517102615694,True
watts_strogatz-n250-d35-r007,262891400,watts_strogatz,250,35,34.0,7,dominating,0.0001,none,radio,CARE-noreserve,999,0.6297159069999907,864,13118,13.13113113113113,True
watts_strogatz-n250-d35-r007,262891400,watts_strogatz,250,35,34.0,7,dominating,0.0001,none,radio,CARE-noswitch,982,1.21778378099998,5602,13066,13.30549898167006,True
watts_strogatz-n250-d35-r007,262891400,watts_strogatz,250,35,34.0,7,connected,0.0001,none,radio,CARE-noreserve,2062,4.421774725999967,2581,35287,17.112997090203685,True
watts_strogatz-n250-d35-r007,262891400,watts_strogatz,250,35,34.0,7,connected,0.0001,none,radio,CARE-noswitch,2112,5.950404770999967,25591,34782,16.46875,True
watts_strogatz-n250-d35-r008,88531856,watts_strogatz,250,35,34.0,8,dominating,0.0001,none,radio,CARE-noreserve,648,0.4026302269999178,437,8729,13.470679012345679,True
watts_strogatz-n250-d35-r008,88531856,watts_strogatz,250,35,34.0,8,dominating,0.0001,none,radio,CARE-noswitch,700,0.7426900269999805,5744,9477,13.538571428571428,True
watts_strogatz-n250-d35-r008,88531856,watts_strogatz,250,35,34.0,8,connected,0.0001,none,radio,CARE-noreserve,2142,4.816030173999934,3029,36033,16.822128851540615,True
watts_strogatz-n250-d35-r008,88531856,watts_strogatz,250,35,34.0,8,connected,0.0001,none,radio,CARE-noswitch,2055,6.000668757000085,27962,33514,16.30851581508516,True
watts_strogatz-n250-d35-r009,1414587070,watts_strogatz,250,35,34.0,9,dominating,0.0001,none,radio,CARE-noreserve,1046,0.6590834910000467,852,14230,13.604206500956023,True
watts_strogatz-n250-d35-r009,1414587070,watts_strogatz,250,35,34.0,9,dominating,0.0001,none,radio,CARE-noswitch,810,0.9247284900000068,3257,10999,13.579012345679013,True
watts_strogatz-n250-d35-r009,1414587070,watts_strogatz,250,35,34.0,9,connected,0.0001,none,radio,CARE-noreserve,1835,3.641913612000053,2300,30781,16.774386920980927,True
watts_strogatz-n250-d35-r009,1414587070,watts_strogatz,250,35,34.0,9,connected,0.0001,none,radio,CARE-noswitch,1819,5.899744893000161,27142,29718,16.33754810335349,True
watts_strogatz-n500-d15-r000,1501829591,watts_strogatz,500,15,14.0,0,dominating,0.0001,none,radio,CARE-noreserve,137,0.26355104300000676,342,7050,51.45985401459854,True
watts_strogatz-n500-d15-r000,1501829591,watts_strogatz,500,15,14.0,0,dominating,0.0001,none,radio,CARE-noswitch,125,0.4065493719999722,228,6326,50.608,True
watts_strogatz-n500-d15-r000,1501829591,watts_strogatz,500,15,14.0,0,connected,0.0001,none,radio,CARE-noreserve,913,9.966386034999914,10413,72152,79.02738225629791,True
watts_strogatz-n500-d15-r000,1501829591,watts_strogatz,500,15,14.0,0,connected,0.0001,none,radio,CARE-noswitch,954,10.88641603699989,46283,72820,76.33123689727464,True
watts_strogatz-n500-d15-r001,1241911506,watts_strogatz,500,15,14.0,1,dominating,0.0001,none,radio,CARE-noreserve,103,0.4043463769999107,217,5407,52.49514563106796,True
watts_strogatz-n500-d15-r001,1241911506,watts_strogatz,500,15,14.0,1,dominating,0.0001,none,radio,CARE-noswitch,163,0.5240532689999782,428,8599,52.75460122699386,True
watts_strogatz-n500-d15-r001,1241911506,watts_strogatz,500,15,14.0,1,connected,0.0001,none,radio,CARE-noreserve,928,9.595524707999857,9158,72575,78.20581896551724,True
watts_strogatz-n500-d15-r001,1241911506,watts_strogatz,500,15,14.0,1,connected,0.0001,none,radio,CARE-noswitch,869,8.359261871999934,41515,65945,75.88607594936708,True
watts_strogatz-n500-d15-r002,2136479374,watts_strogatz,500,15,14.0,2,dominating,0.0001,none,radio,CARE-noreserve,294,0.5476002180000705,727,15229,51.79931972789116,True
watts_strogatz-n500-d15-r002,2136479374,watts_strogatz,500,15,14.0,2,dominating,0.0001,none,radio,CARE-noswitch,195,0.617837487000088,475,10295,52.794871794871796,True
watts_strogatz-n500-d15-r002,2136479374,watts_strogatz,500,15,14.0,2,connected,0.0001,none,radio,CARE-noreserve,1105,10.453825301999814,11204,87155,78.87330316742081,True
watts_strogatz-n500-d15-r002,2136479374,watts_strogatz,500,15,14.0,2,connected,0.0001,none,radio,CARE-noswitch,1041,10.813824781999983,54691,79195,76.07588856868396,True
watts_strogatz-n500-d15-r003,498431251,watts_strogatz,500,15,14.0,3,dominating,0.0001,none,radio,CARE-noreserve,297,0.5452409540000644,763,15444,52.0,True
watts_strogatz-n500-d15-r003,498431251,watts_strogatz,500,15,14.0,3,dominating,0.0001,none,radio,CARE-noswitch,307,0.8134377289998156,3206,16085,52.39413680781759,True
watts_strogatz-n500-d15-r003,498431251,watts_strogatz,500,15,14.0,3,connected,0.0001,none,radio,CARE-noreserve,1059,10.652157963000036,11886,82705,78.09726156751653,True
watts_strogatz-n500-d15-r003,498431251,watts_strogatz,500,15,14.0,3,connected,0.0001,none,radio,CARE-noswitch,1028,13.107375997999952,51849,78306,76.17315175097276,True
watts_strogatz-n500-d15-r007,3228062016,watts_strogatz,500,15,14.0,7,dominating,0.0001,none,radio,CARE-noreserve,154,0.5510428869999942,410,8157,52.967532467532465,True
watts_strogatz-n500-d15-r007,3228062016,watts_strogatz,500,15,14.0,7,dominating,0.0001,none,radio,CARE-noswitch,116,0.3681261379999796,356,6019,51.88793103448276,True
watts_strogatz-n500-d15-r007,3228062016,watts_strogatz,500,15,14.0,7,connected,0.0001,none,radio,CARE-noreserve,1068,9.993594481000173,9802,85856,80.38951310861424,True
watts_strogatz-n500-d15-r007,3228062016,watts_strogatz,500,15,14.0,7,connected,0.0001,none,radio,CARE-noswitch,1060,9.860852296000076,47928,83133,78.42735849056604,True
watts_strogatz-n500-d15-r008,687320137,watts_strogatz,500,15,14.0,8,dominating,0.0001,none,radio,CARE-noreserve,250,0.5719284079998488,647,12926,51.704,True
watts_strogatz-n500-d15-r008,687320137,watts_strogatz,500,15,14.0,8,dominating,0.0001,none,radio,CARE-noswitch,192,0.6401231460001782,1666,10158,52.90625,True
watts_strogatz-n500-d15-r008,687320137,watts_strogatz,500,15,14.0,8,connected,0.0001,none,radio,CARE-noreserve,1031,9.331955593999965,9177,81587,79.13385063045587,True
watts_strogatz-n500-d15-r008,687320137,watts_strogatz,500,15,14.0,8,connected,0.0001,none,radio,CARE-noswitch,1046,10.385883798999885,46300,80095,76.57265774378585,True
watts_strogatz-n500-d15-r005,1211498095,watts_strogatz,500,15,14.0,5,dominating,0.0001,none,radio,CARE-noreserve,202,0.4733129019998614,483,10068,49.84158415841584,True
watts_strogatz-n500-d15-r005,1211498095,watts_strogatz,500,15,14.0,5,dominating,0.0001,none,radio,CARE-noswitch,123,0.44138313000007656,317,5942,48.3089430894309,True
watts_strogatz-n500-d15-r005,1211498095,watts_strogatz,500,15,14.0,5,connected,0.0001,none,radio,CARE-noreserve,1072,10.090399644999934,10437,85499,79.75652985074628,True
watts_strogatz-n500-d15-r005,1211498095,watts_strogatz,500,15,14.0,5,connected,0.0001,none,radio,CARE-noswitch,1043,10.251712876000056,36484,80942,77.60498561840843,True
watts_strogatz-n500-d15-r006,141876400,watts_strogatz,500,15,14.0,6,dominating,0.0001,none,radio,CARE-noreserve,383,1.5386807620000127,1374,20180,52.68929503916449,True
watts_strogatz-n500-d15-r006,141876400,watts_strogatz,500,15,14.0,6,dominating,0.0001,none,radio,CARE-noswitch,331,1.3210426790001293,1187,17505,52.88519637462235,True
watts_strogatz-n500-d15-r006,141876400,watts_strogatz,500,15,14.0,6,connected,0.0001,none,radio,CARE-noreserve,956,9.080169523999984,8998,74302,77.72175732217573,True
watts_strogatz-n500-d15-r006,141876400,watts_strogatz,500,15,14.0,6,connected,0.0001,none,radio,CARE-noswitch,945,9.7199885120001,34824,71989,76.17883597883598,True
watts_strogatz-n500-d15-r009,2690533106,watts_strogatz,500,15,14.0,9,dominating,0.0001,none,radio,CARE-noreserve,217,0.48231932699991376,425,11400,52.534562211981566,True
watts_strogatz-n500-d15-r009,2690533106,watts_strogatz,500,15,14.0,9,dominating,0.0001,none,radio,CARE-noswitch,227,0.8191104739998991,5247,12047,53.070484581497794,True
watts_strogatz-n500-d15-r009,2690533106,watts_strogatz,500,15,14.0,9,connected,0.0001,none,radio,CARE-noreserve,1075,11.549139172999958,12364,86118,80.10976744186047,True
watts_strogatz-n500-d15-r009,2690533106,watts_strogatz,500,15,14.0,9,connected,0.0001,none,radio,CARE-noswitch,1008,11.813102280999829,50169,78569,77.9454365079365,True
watts_strogatz-n500-d15-r004,100470179,watts_strogatz,500,15,14.0,4,dominating,0.0001,none,radio,CARE-noreserve,318,0.893865562999963,795,17238,54.20754716981132,True
watts_strogatz-n500-d15-r004,100470179,watts_strogatz,500,15,14.0,4,dominating,0.0001,none,radio,CARE-noswitch,431,1.099879804000011,10348,22866,53.05336426914153,True
watts_strogatz-n500-d15-r004,100470179,watts_strogatz,500,15,14.0,4,connected,0.0001,none,radio,CARE-noreserve,1149,11.239641178000056,12099,89977,78.30896431679722,True
watts_strogatz-n500-d15-r004,100470179,watts_strogatz,500,15,14.0,4,connected,0.0001,none,radio,CARE-noswitch,1097,11.582531867999933,41564,83514,76.12944393801276,True
watts_strogatz-n500-d25-r001,2487480029,watts_strogatz,500,25,24.0,1,dominating,0.0001,none,radio,CARE-noreserve,242,0.5929343709999557,538,8610,35.578512396694215,True
watts_strogatz-n500-d25-r001,2487480029,watts_strogatz,500,25,24.0,1,dominating,0.0001,none,radio,CARE-noswitch,176,0.4469319009999708,348,6368,36.18181818181818,True
watts_strogatz-n500-d25-r001,2487480029,watts_strogatz,500,25,24.0,1,connected,0.0001,none,radio,CARE-noreserve,1610,14.881921018999947,9866,74621,46.34844720496894,True
watts_strogatz-n500-d25-r001,2487480029,watts_strogatz,500,25,24.0,1,connected,0.0001,none,radio,CARE-noswitch,1621,20.036381997000035,54413,73903,45.59099321406539,True
watts_strogatz-n500-d25-r000,1166749380,watts_strogatz,500,25,24.0,0,dominating,0.0001,none,radio,CARE-noreserve,337,0.7049027989999104,697,11602,34.4272997032641,True
watts_strogatz-n500-d25-r000,1166749380,watts_strogatz,500,25,24.0,0,dominating,0.0001,none,radio,CARE-noswitch,397,0.9382812280000508,5101,13454,33.88916876574307,True
watts_strogatz-n500-d25-r000,1166749380,watts_strogatz,500,25,24.0,0,connected,0.0001,none,radio,CARE-noreserve,1585,15.395898897000052,8874,72880,45.981072555205046,True
watts_strogatz-n500-d25-r000,1166749380,watts_strogatz,500,25,24.0,0,connected,0.0001,none,radio,CARE-noswitch,1517,20.240204014000028,45640,68413,45.09756097560975,True
watts_strogatz-n500-d25-r004,2825643059,watts_strogatz,500,25,24.0,4,dominating,0.0001,none,radio,CARE-noreserve,409,0.683346358000108,830,14578,35.64303178484108,True
watts_strogatz-n500-d25-r004,2825643059,watts_strogatz,500,25,24.0,4,dominating,0.0001,none,radio,CARE-noswitch,350,0.8161754719999408,1534,12003,34.294285714285714,True
watts_strogatz-n500-d25-r004,2825643059,watts_strogatz,500,25,24.0,4,connected,0.0001,none,radio,CARE-noreserve,1561,14.517494622999948,8244,72914,46.70980140935298,True
watts_strogatz-n500-d25-r004,2825643059,watts_strogatz,500,25,24.0,4,connected,0.0001,none,radio,CARE-noswitch,1496,17.942901627000083,49861,67142,44.88101604278075,True
watts_strogatz-n500-d25-r005,312369356,watts_strogatz,500,25,24.0,5,dominating,0.0001,none,radio,CARE-noreserve,561,0.865273408000121,871,19877,35.431372549019606,True
watts_strogatz-n500-d25-r005,312369356,watts_strogatz,500,25,24.0,5,dominating,0.0001,none,radio,CARE-noswitch,455,1.1853629940001156,1066,16163,35.52307692307692,True
watts_strogatz-n500-d25-r005,312369356,watts_strogatz,500,25,24.0,5,connected,0.0001,none,radio,CARE-noreserve,1624,15.184144103000108,8641,75274,46.350985221674875,True
watts_strogatz-n500-d25-r005,312369356,watts_strogatz,500,25,24.0,5,connected,0.0001,none,radio,CARE-noswitch,1578,18.47982097499994,39545,70493,44.6723700887199,True
watts_strogatz-n500-d25-r003,2683081805,watts_strogatz,500,25,24.0,3,dominating,0.0001,none,radio,CARE-noreserve,665,0.9681382889998531,1419,23669,35.592481203007516,True
watts_strogatz-n500-d25-r003,2683081805,watts_strogatz,500,25,24.0,3,dominating,0.0001,none,radio,CARE-noswitch,581,1.205571555000006,4203,20464,35.22203098106713,True
watts_strogatz-n500-d25-r003,2683081805,watts_strogatz,500,25,24.0,3,connected,0.0001,none,radio,CARE-noreserve,1713,15.912719112000104,10297,79333,46.31231757151197,True
watts_strogatz-n500-d25-r003,2683081805,watts_strogatz,500,25,24.0,3,connected,0.0001,none,radio,CARE-noswitch,1662,19.836191276999898,44891,74266,44.68471720818291,True
watts_strogatz-n500-d25-r006,1958547406,watts_strogatz,500,25,24.0,6,dominating,0.0001,none,radio,CARE-noreserve,486,0.7671202859999084,934,17319,35.635802469135804,True
watts_strogatz-n500-d25-r006,1958547406,watts_strogatz,500,25,24.0,6,dominating,0.0001,none,radio,CARE-noswitch,461,0.9895754670001224,3386,15765,34.197396963123644,True
watts_strogatz-n500-d25-r006,1958547406,watts_strogatz,500,25,24.0,6,connected,0.0001,none,radio,CARE-noreserve,1669,15.077706358999876,9475,78279,46.90173756740563,True
watts_strogatz-n500-d25-r006,1958547406,watts_strogatz,500,25,24.0,6,connected,0.0001,none,radio,CARE-noswitch,1678,18.438257095999916,39220,76134,45.37187127532777,True
watts_strogatz-n500-d25-r002,4199056615,watts_strogatz,500,25,24.0,2,dominating,0.0001,none,radio,CARE-noreserve,369,0.39440668199995343,588,12959,35.11924119241193,True
watts_strogatz-n500-d25-r002,4199056615,watts_strogatz,500,25,24.0,2,dominating,0.0001,none,radio,CARE-noswitch,390,1.0333068319998802,1376,13597,34.864102564102566,True
watts_strogatz-n500-d25-r002,4199056615,watts_strogatz,500,25,24.0,2,connected,0.0001,none,radio,CARE-noreserve,1736,19.211176860000023,10134,81413,46.89688940092166,True
watts_strogatz-n500-d25-r002,4199056615,watts_strogatz,500,25,24.0,2,connected,0.0001,none,radio,CARE-noswitch,1680,19.37913080699991,50471,76103,45.29940476190476,True
watts_strogatz-n500-d25-r007,2870140769,watts_strogatz,500,25,24.0,7,dominating,0.0001,none,radio,CARE-noreserve,427,0.6916879059999701,654,14847,34.77049180327869,True
watts_strogatz-n500-d25-r007,2870140769,watts_strogatz,500,25,24.0,7,dominating,0.0001,none,radio,CARE-noswitch,340,0.7721883500000786,1156,11651,34.26764705882353,True
watts_strogatz-n500-d25-r007,2870140769,watts_strogatz,500,25,24.0,7,connected,0.0001,none,radio,CARE-noreserve,1620,17.065663489999906,9789,74265,45.842592592592595,True
watts_strogatz-n500-d25-r007,2870140769,watts_strogatz,500,25,24.0,7,connected,0.0001,none,radio,CARE-noswitch,1556,20.138764937000133,60239,69852,44.89203084832905,True
watts_strogatz-n500-d25-r009,1499642149,watts_strogatz,500,25,24.0,9,dominating,0.0001,none,radio,CARE-noreserve,676,1.0662475480000921,1314,24680,36.50887573964497,True
watts_strogatz-n500-d25-r009,1499642149,watts_strogatz,500,25,24.0,9,dominating,0.0001,none,radio,CARE-noswitch,500,1.1638343340000574,4801,18055,36.11,True
watts_strogatz-n500-d25-r009,1499642149,watts_strogatz,500,25,24.0,9,connected,0.0001,none,radio,CARE-noreserve,1574,14.311524820000159,8634,73429,46.65120711562897,True
watts_strogatz-n500-d25-r009,1499642149,watts_strogatz,500,25,24.0,9,connected,0.0001,none,radio,CARE-noswitch,1530,17.860174435999852,53986,69378,45.345098039215685,True
watts_strogatz-n500-d25-r008,2500745109,watts_strogatz,500,25,24.0,8,dominating,0.0001,none,radio,CARE-noreserve,468,0.7995350349999626,1034,16379,34.99786324786325,True
watts_strogatz-n500-d25-r008,2500745109,watts_strogatz,500,25,24.0,8,dominating,0.0001,none,radio,CARE-noswitch,500,1.3066421350001747,1732,17285,34.57,True
watts_strogatz-n500-d25-r008,2500745109,watts_strogatz,500,25,24.0,8,connected,0.0001,none,radio,CARE-noreserve,1516,14.607896595000057,8334,70564,46.54617414248021,True
watts_strogatz-n500-d25-r008,2500745109,watts_strogatz,500,25,24.0,8,connected,0.0001,none,radio,CARE-noswitch,1552,20.155268576000026,45176,69851,45.00708762886598,True
watts_strogatz-n500-d35-r000,4287839816,watts_strogatz,500,35,34.0,0,dominating,0.0001,none,radio,CARE-noreserve,968,1.5333134059999338,1522,25976,26.834710743801654,True
watts_strogatz-n500-d35-r000,4287839816,watts_strogatz,500,35,34.0,0,dominating,0.0001,none,radio,CARE-noswitch,779,2.0141973820000203,7573,21315,27.362002567394097,True
watts_strogatz-n500-d35-r000,4287839816,watts_strogatz,500,35,34.0,0,connected,0.0001,none,radio,CARE-noreserve,2104,25.62946130199998,7788,69789,33.16967680608365,True
watts_strogatz-n500-d35-r000,4287839816,watts_strogatz,500,35,34.0,0,connected,0.0001,none,radio,CARE-noswitch,2060,27.393510319000143,49749,66565,32.31310679611651,True
watts_strogatz-n500-d35-r003,4081352189,watts_strogatz,500,35,34.0,3,dominating,0.0001,none,radio,CARE-noreserve,695,0.7113920449999114,913,18722,26.938129496402876,True
watts_strogatz-n500-d35-r003,4081352189,watts_strogatz,500,35,34.0,3,dominating,0.0001,none,radio,CARE-noswitch,873,2.0254977649999546,13461,23325,26.718213058419245,True
watts_strogatz-n500-d35-r003,4081352189,watts_strogatz,500,35,34.0,3,connected,0.0001,none,radio,CARE-noreserve,2088,23.711630886999956,8536,69551,33.309865900383144,True
watts_strogatz-n500-d35-r003,4081352189,watts_strogatz,500,35,34.0,3,connected,0.0001,none,radio,CARE-noswitch,2048,26.474503630999834,60886,66728,32.58203125,True
watts_strogatz-n500-d35-r001,81907720,watts_strogatz,500,35,34.0,1,dominating,0.0001,none,radio,CARE-noreserve,854,1.5445273079999424,1584,22544,26.398126463700233,True
watts_strogatz-n500-d35-r001,81907720,watts_strogatz,500,35,34.0,1,dominating,0.0001,none,radio,CARE-noswitch,802,2.2990419750001365,11853,21130,26.346633416458854,True
watts_strogatz-n500-d35-r001,81907720,watts_strogatz,500,35,34.0,1,connected,0.0001,none,radio,CARE-noreserve,2159,25.387100873999998,8395,71792,33.25243168133395,True
watts_strogatz-n500-d35-r001,81907720,watts_strogatz,500,35,34.0,1,connected,0.0001,none,radio,CARE-noswitch,2032,27.409089027999926,54057,65819,32.39124015748032,True
barabasi_albert-n100-d15-r000,2594720393,barabasi_albert,100,15,15.28,0,dominating,0.0001,none,radio,CARE-noreserve,101,0.053039624000120966,68,987,9.772277227722773,True
barabasi_albert-n100-d15-r000,2594720393,barabasi_albert,100,15,15.28,0,dominating,0.0001,none,radio,CARE-noswitch,61,0.04106590900005358,149,581,9.524590163934427,True
barabasi_albert-n100-d15-r000,2594720393,barabasi_albert,100,15,15.28,0,connected,0.0001,none,radio,CARE-noreserve,553,0.2173635890001151,434,7495,13.553345388788427,True
barabasi_albert-n100-d15-r000,2594720393,barabasi_albert,100,15,15.28,0,connected,0.0001,none,radio,CARE-noswitch,624,0.5545783750001192,1435,8151,13.0625,True
barabasi_albert-n100-d15-r001,683704775,barabasi_albert,100,15,15.28,1,dominating,0.0001,none,radio,CARE-noreserve,73,0.03271221299996796,40,773,10.58904109589041,True
barabasi_albert-n100-d15-r001,683704775,barabasi_albert,100,15,15.28,1,dominating,0.0001,none,radio,CARE-noswitch,45,0.06838191199994981,136,499,11.088888888888889,True
barabasi_albert-n100-d15-r001,683704775,barabasi_albert,100,15,15.28,1,connected,0.0001,none,radio,CARE-noreserve,390,0.25910710600010134,492,5709,14.638461538461538,True
barabasi_albert-n100-d15-r001,683704775,barabasi_albert,100,15,15.28,1,connected,0.0001,none,radio,CARE-noswitch,356,0.44885935499996776,1784,5193,14.587078651685394,True
watts_strogatz-n500-d35-r002,2311767961,watts_strogatz,500,35,34.0,2,dominating,0.0001,none,radio,CARE-noreserve,941,1.5513434699998925,1585,25214,26.79489904357067,True
watts_strogatz-n500-d35-r002,2311767961,watts_strogatz,500,35,34.0,2,dominating,0.0001,none,radio,CARE-noswitch,888,2.035527884999965,14035,23727,26.719594594594593,True
watts_strogatz-n500-d35-r002,2311767961,watts_strogatz,500,35,34.0,2,connected,0.0001,none,radio,CARE-noreserve,1969,26.818154783000182,7999,65677,33.355510411376336,True
watts_strogatz-n500-d35-r002,2311767961,watts_strogatz,500,35,34.0,2,connected,0.0001,none,radio,CARE-noswitch,1944,26.509132006000073,37375,62937,32.375,True
barabasi_albert-n100-d15-r002,2791528644,barabasi_albert,100,15,15.28,2,dominating,0.0001,none,radio,CARE-noreserve,87,0.04270252999981494,56,790,9.080459770114942,True
barabasi_albert-n100-d15-r002,2791528644,barabasi_albert,100,15,15.28,2,dominating,0.0001,none,radio,CARE-noswitch,43,0.043287554000016826,17,428,9.953488372093023,True
barabasi_albert-n100-d15-r002,2791528644,barabasi_albert,100,15,15.28,2,connected,0.0001,none,radio,CARE-noreserve,387,0.2704031240000404,466,5131,13.258397932816537,True
barabasi_albert-n100-d15-r002,2791528644,barabasi_albert,100,15,15.28,2,connected,0.0001,none,radio,CARE-noswitch,400,0.38332617599985497,3162,5402,13.505,True
barabasi_albert-n100-d15-r003,3852889843,barabasi_albert,100,15,15.28,3,dominating,0.0001,none,radio,CARE-noreserve,24,0.03021063400001367,53,301,12.541666666666666,True
barabasi_albert-n100-d15-r003,3852889843,barabasi_albert,100,15,15.28,3,dominating,0.0001,none,radio,CARE-noswitch,24,0.027069649000168283,14,212,8.833333333333334,True
barabasi_albert-n100-d15-r003,3852889843,barabasi_albert,100,15,15.28,3,connected,0.0001,none,radio,CARE-noreserve,478,0.33793120600012116,643,6971,14.583682008368202,True
barabasi_albert-n100-d15-r003,3852889843,barabasi_albert,100,15,15.28,3,connected,0.0001,none,radio,CARE-noswitch,452,0.41763077600012366,2573,6100,13.495575221238939,True
barabasi_albert-n100-d15-r004,4155952965,barabasi_albert,100,15,15.28,4,dominating,0.0001,none,radio,CARE-noreserve,71,0.05358004599997912,55,768,10.816901408450704,True
barabasi_albert-n100-d15-r004,4155952965,barabasi_albert,100,15,15.28,4,dominating,0.0001,none,radio,CARE-noswitch,84,0.09789567200004967,68,990,11.785714285714286,True
barabasi_albert-n100-d15-r004,4155952965,barabasi_albert,100,15,15.28,4,connected,0.0001,none,radio,CARE-noreserve,446,0.26510388200017587,457,6498,14.5695067264574,True
barabasi_albert-n100-d15-r004,4155952965,barabasi_albert,100,15,15.28,4,connected,0.0001,none,radio,CARE-noswitch,444,0.4322183879999102,4034,5930,13.355855855855856,True
barabasi_albert-n100-d15-r005,2696260789,barabasi_albert,100,15,15.28,5,dominating,0.0001,none,radio,CARE-noreserve,81,0.03908882299992911,55,782,9.654320987654321,True
barabasi_albert-n100-d15-r005,2696260789,barabasi_albert,100,15,15.28,5,dominating,0.0001,none,radio,CARE-noswitch,83,0.08568133499989017,328,844,10.168674698795181,True
barabasi_albert-n100-d15-r005,2696260789,barabasi_albert,100,15,15.28,5,connected,0.0001,none,radio,CARE-noreserve,397,0.23756780200005778,388,5929,14.934508816120907,True
barabasi_albert-n100-d15-r005,2696260789,barabasi_albert,100,15,15.28,5,connected,0.0001,none,radio,CARE-noswitch,423,0.4672019139998156,2719,6145,14.527186761229315,True
barabasi_albert-n100-d15-r007,1610244839,barabasi_albert,100,15,15.28,7,dominating,0.0001,none,radio,CARE-noreserve,80,0.046166842000047836,41,804,10.05,True
barabasi_albert-n100-d15-r007,1610244839,barabasi_albert,100,15,15.28,7,dominating,0.0001,none,radio,CARE-noswitch,46,0.04605343100001846,98,472,10.26086956521739,True
barabasi_albert-n100-d15-r007,1610244839,barabasi_albert,100,15,15.28,7,connected,0.0001,none,radio,CARE-noreserve,405,0.32025819599994065,545,6309,15.577777777777778,True
barabasi_albert-n100-d15-r007,1610244839,barabasi_albert,100,15,15.28,7,connected,0.0001,none,radio,CARE-noswitch,436,0.42056952799998726,3852,6648,15.247706422018348,True
watts_strogatz-n500-d35-r004,3026947344,watts_strogatz,500,35,34.0,4,dominating,0.0001,none,radio,CARE-noreserve,1070,1.6557202030001008,1954,29203,27.29252336448598,True
watts_strogatz-n500-d35-r004,3026947344,watts_strogatz,500,35,34.0,4,dominating,0.0001,none,radio,CARE-noswitch,893,2.350321607999831,8763,24092,26.97872340425532,True
watts_strogatz-n500-d35-r004,3026947344,watts_strogatz,500,35,34.0,4,connected,0.0001,none,radio,CARE-noreserve,1972,24.139467792999994,7912,66339,33.64046653144016,True
watts_strogatz-n500-d35-r004,3026947344,watts_strogatz,500,35,34.0,4,connected,0.0001,none,radio,CARE-noswitch,2005,29.389491103999944,49734,65032,32.43491271820449,True
barabasi_albert-n100-d15-r006,2340898508,barabasi_albert,100,15,15.28,6,dominating,0.0001,none,radio,CARE-noreserve,46,0.047213121000140745,46,485,10.543478260869565,True
barabasi_albert-n100-d15-r006,2340898508,barabasi_albert,100,15,15.28,6,dominating,0.0001,none,radio,CARE-noswitch,76,0.07527444700008346,75,876,11.526315789473685,True
barabasi_albert-n100-d15-r006,2340898508,barabasi_albert,100,15,15.28,6,connected,0.0001,none,radio,CARE-noreserve,609,0.4176168610001696,443,8384,13.766830870279145,True
barabasi_albert-n100-d15-r006,2340898508,barabasi_albert,100,15,15.28,6,connected,0.0001,none,radio,CARE-noswitch,630,0.4182449390000329,5789,9110,14.46031746031746,True
barabasi_albert-n100-d15-r009,4060049624,barabasi_albert,100,15,15.28,9,dominating,0.0001,none,radio,CARE-noreserve,81,0.03210475399987445,16,745,9.197530864197532,True
barabasi_albert-n100-d15-r009,4060049624,barabasi_albert,100,15,15.28,9,dominating,0.0001,none,radio,CARE-noswitch,74,0.04747141500001817,364,775,10.472972972972974,True
barabasi_albert-n100-d15-r009,4060049624,barabasi_albert,100,15,15.28,9,connected,0.0001,none,radio,CARE-noreserve,584,0.2622199019999698,545,8079,13.83390410958904,True
barabasi_albert-n100-d15-r009,4060049624,barabasi_albert,100,15,15.28,9,connected,0.0001,none,radio,CARE-noswitch,533,0.38167753499988066,2082,6717,12.602251407129456,True
barabasi_albert-n100-d15-r008,2537956744,barabasi_albert,100,15,15.28,8,dominating,0.0001,none,radio,CARE-noreserve,25,0.02391479200014146,10,386,15.44,True
barabasi_albert-n100-d15-r008,2537956744,barabasi_albert,100,15,15.28,8,dominating,0.0001,none,radio,CARE-noswitch,60,0.04758387399988351,185,666,11.1,True
barabasi_albert-n100-d15-r008,2537956744,barabasi_albert,100,15,15.28,8,connected,0.0001,none,radio,CARE-noreserve,422,0.20675319799988756,428,6175,14.632701421800947,True
barabasi_albert-n100-d15-r008,2537956744,barabasi_albert,100,15,15.28,8,connected,0.0001,none,radio,CARE-noswitch,479,0.4766906459999518,3390,7042,14.701461377870563,True
barabasi_albert-n100-d25-r000,694893906,barabasi_albert,100,25,22.44,0,dominating,0.0001,none,radio,CARE-noreserve,100,0.037087410999902204,34,824,8.24,True
barabasi_albert-n100-d25-r000,694893906,barabasi_albert,100,25,22.44,0,dominating,0.0001,none,radio,CARE-noswitch,115,0.0801100819999192,671,861,7.48695652173913,True
barabasi_albert-n100-d25-r000,694893906,barabasi_albert,100,25,22.44,0,connected,0.0001,none,radio,CARE-noreserve,531,0.24737780100008422,412,6058,11.408662900188324,True
barabasi_albert-n100-d25-r000,694893906,barabasi_albert,100,25,22.44,0,connected,0.0001,none,radio,CARE-noswitch,581,0.4156738959998165,2406,6518,11.218588640275387,True
barabasi_albert-n100-d25-r001,1895325088,barabasi_albert,100,25,22.44,1,dominating,0.0001,none,radio,CARE-noreserve,141,0.051228107000042655,82,1236,8.76595744680851,True
barabasi_albert-n100-d25-r001,1895325088,barabasi_albert,100,25,22.44,1,dominating,0.0001,none,radio,CARE-noswitch,81,0.06165105899981427,58,675,8.333333333333334,True
barabasi_albert-n100-d25-r001,1895325088,barabasi_albert,100,25,22.44,1,connected,0.0001,none,radio,CARE-noreserve,588,0.22509365200016873,447,6464,10.993197278911564,True
barabasi_albert-n100-d25-r001,1895325088,barabasi_albert,100,25,22.44,1,connected,0.0001,none,radio,CARE-noswitch,606,0.43286216100000274,4995,6624,10.930693069306932,True
barabasi_albert-n100-d25-r002,2520797160,barabasi_albert,100,25,22.44,2,dominating,0.0001,none,radio,CARE-noreserve,87,0.03129308300003686,24,696,8.0,True
barabasi_albert-n100-d25-r002,2520797160,barabasi_albert,100,25,22.44,2,dominating,0.0001,none,radio,CARE-noswitch,53,0.04841497500001424,211,468,8.830188679245284,True
barabasi_albert-n100-d25-r002,2520797160,barabasi_albert,100,25,22.44,2,connected,0.0001,none,radio,CARE-noreserve,609,0.34486759300011727,442,6683,10.973727422003284,True
barabasi_albert-n100-d25-r002,2520797160,barabasi_albert,100,25,22.44,2,connected,0.0001,none,radio,CARE-noswitch,595,0.625579708000032,2150,5928,9.963025210084034,True
barabasi_albert-n100-d25-r003,3595890784,barabasi_albert,100,25,22.44,3,dominating,0.0001,none,radio,CARE-noreserve,106,0.04614645099991321,78,1039,9.80188679245283,True
barabasi_albert-n100-d25-r003,3595890784,barabasi_albert,100,25,22.44,3,dominating,0.0001,none,radio,CARE-noswitch,65,0.07474499099998866,113,716,11.015384615384615,True
barabasi_albert-n100-d25-r003,3595890784,barabasi_albert,100,25,22.44,3,connected,0.0001,none,radio,CARE-noreserve,746,0.4569392359999256,689,8675,11.628686327077748,True
barabasi_albert-n100-d25-r003,3595890784,barabasi_albert,100,25,22.44,3,connected,0.0001,none,radio,CARE-noswitch,757,0.6942041289998997,4877,8825,11.65785997357992,True
barabasi_albert-n100-d25-r004,3472397074,barabasi_albert,100,25,22.44,4,dominating,0.0001,none,radio,CARE-noreserve,79,0.027152208999950744,31,617,7.810126582278481,True
barabasi_albert-n100-d25-r004,3472397074,barabasi_albert,100,25,22.44,4,dominating,0.0001,none,radio,CARE-noswitch,129,0.08601286900011473,32,825,6.395348837209302,True
barabasi_albert-n100-d25-r004,3472397074,barabasi_albert,100,25,22.44,4,connected,0.0001,none,radio,CARE-noreserve,953,0.2935072380000747,577,9564,10.035676810073452,True
barabasi_albert-n100-d25-r004,3472397074,barabasi_albert,100,25,22.44,4,connected,0.0001,none,radio,CARE-noswitch,966,0.7793703089998871,4157,9532,9.867494824016562,True
barabasi_albert-n100-d25-r005,3131112949,barabasi_albert,100,25,22.44,5,dominating,0.0001,none,radio,CARE-noreserve,170,0.08336300000019037,122,1368,8.047058823529412,True
barabasi_albert-n100-d25-r005,3131112949,barabasi_albert,100,25,22.44,5,dominating,0.0001,none,radio,CARE-noswitch,197,0.10711210199997367,592,1375,6.979695431472082,True
barabasi_albert-n100-d25-r005,3131112949,barabasi_albert,100,25,22.44,5,connected,0.0001,none,radio,CARE-noreserve,743,0.2462975070000084,501,8627,11.611036339165546,True
barabasi_albert-n100-d25-r005,3131112949,barabasi_albert,100,25,22.44,5,connected,0.0001,none,radio,CARE-noswitch,793,0.6204878040000494,5440,9567,12.064312736443885,True
barabasi_albert-n100-d25-r006,1634391881,barabasi_albert,100,25,22.44,6,dominating,0.0001,none,radio,CARE-noreserve,164,0.09667950899984135,104,1330,8.109756097560975,True
barabasi_albert-n100-d25-r006,1634391881,barabasi_albert,100,25,22.44,6,dominating,0.0001,none,radio,CARE-noswitch,169,0.0984577229999104,174,1252,7.408284023668639,True
barabasi_albert-n100-d25-r006,1634391881,barabasi_albert,100,25,22.44,6,connected,0.0001,none,radio,CARE-noreserve,681,0.31350587500014626,652,7768,11.406754772393539,True
barabasi_albert-n100-d25-r006,1634391881,barabasi_albert,100,25,22.44,6,connected,0.0001,none,radio,CARE-noswitch,676,0.46622246299989456,3080,8214,12.150887573964496,True
barabasi_albert-n100-d25-r007,1763654848,barabasi_albert,100,25,22.44,7,dominating,0.0001,none,radio,CARE-noreserve,134,0.03740107099997658,28,1110,8.283582089552239,True
barabasi_albert-n100-d25-r007,1763654848,barabasi_albert,100,25,22.44,7,dominating,0.0001,none,radio,CARE-noswitch,101,0.0643005599999924,363,724,7.1683168316831685,True
barabasi_albert-n100-d25-r007,1763654848,barabasi_albert,100,25,22.44,7,connected,0.0001,none,radio,CARE-noreserve,749,0.3268059590000121,542,8324,11.113484646194927,True
barabasi_albert-n100-d25-r007,1763654848,barabasi_albert,100,25,22.44,7,connected,0.0001,none,radio,CARE-noswitch,768,0.5171888319998743,5317,8332,10.848958333333334,True
barabasi_albert-n100-d25-r008,47819371,barabasi_albert,100,25,22.44,8,dominating,0.0001,none,radio,CARE-noreserve,149,0.07000545300002159,137,1472,9.879194630872483,True
barabasi_albert-n100-d25-r008,47819371,barabasi_albert,100,25,22.44,8,dominating,0.0001,none,radio,CARE-noswitch,124,0.08355214900007013,515,1161,9.362903225806452,True
barabasi_albert-n100-d25-r008,47819371,barabasi_albert,100,25,22.44,8,connected,0.0001,none,radio,CARE-noreserve,753,0.3782480190000115,671,9283,12.328021248339974,True
barabasi_albert-n100-d25-r008,47819371,barabasi_albert,100,25,22.44,8,connected,0.0001,none,radio,CARE-noswitch,762,0.6103445119999833,4907,8980,11.784776902887138,True
barabasi_albert-n100-d25-r009,121838040,barabasi_albert,100,25,22.44,9,dominating,0.0001,none,radio,CARE-noreserve,195,0.04018322399997487,51,1495,7.666666666666667,True
barabasi_albert-n100-d25-r009,121838040,barabasi_albert,100,25,22.44,9,dominating,0.0001,none,radio,CARE-noswitch,141,0.06726493700011815,73,1129,8.00709219858156,True
barabasi_albert-n100-d25-r009,121838040,barabasi_albert,100,25,22.44,9,connected,0.0001,none,radio,CARE-noreserve,1182,0.3813989580000907,649,12424,10.510998307952622,True
barabasi_albert-n100-d25-r009,121838040,barabasi_albert,100,25,22.44,9,connected,0.0001,none,radio,CARE-noswitch,1169,0.8603939859999628,8846,12250,10.479041916167665,True
barabasi_albert-n100-d35-r000,1718295500,barabasi_albert,100,35,32.58,0,dominating,0.0001,none,radio,CARE-noreserve,431,0.089126221000015,137,2569,5.960556844547564,True
barabasi_albert-n100-d35-r000,1718295500,barabasi_albert,100,35,32.58,0,dominating,0.0001,none,radio,CARE-noswitch,262,0.11388056500004495,936,1669,6.370229007633588,True
barabasi_albert-n100-d35-r000,1718295500,barabasi_albert,100,35,32.58,0,connected,0.0001,none,radio,CARE-noreserve,1538,0.5685571650001293,834,13463,8.753576072821847,True
barabasi_albert-n100-d35-r000,1718295500,barabasi_albert,100,35,32.58,0,connected,0.0001,none,radio,CARE-noswitch,1649,1.1309747069999503,6698,13672,8.291085506367496,True
barabasi_albert-n100-d35-r001,3101507464,barabasi_albert,100,35,32.58,1,dominating,0.0001,none,radio,CARE-noreserve,289,0.06037842199998522,95,1767,6.114186851211072,True
barabasi_albert-n100-d35-r001,3101507464,barabasi_albert,100,35,32.58,1,dominating,0.0001,none,radio,CARE-noswitch,238,0.13031921400011015,707,1341,5.6344537815126055,True
barabasi_albert-n100-d35-r001,3101507464,barabasi_albert,100,35,32.58,1,connected,0.0001,none,radio,CARE-noreserve,1343,0.5073543490000247,678,11581,8.623231571109457,True
barabasi_albert-n100-d35-r001,3101507464,barabasi_albert,100,35,32.58,1,connected,0.0001,none,radio,CARE-noswitch,1430,1.0738682639998842,4362,11772,8.232167832167832,True
barabasi_albert-n100-d35-r002,3331763958,barabasi_albert,100,35,32.58,2,dominating,0.0001,none,radio,CARE-noreserve,394,0.07933064099984222,98,2345,5.951776649746193,True
barabasi_albert-n100-d35-r002,3331763958,barabasi_albert,100,35,32.58,2,dominating,0.0001,none,radio,CARE-noswitch,401,0.26571646299998974,147,2446,6.0997506234413965,True
barabasi_albert-n100-d35-r002,3331763958,barabasi_albert,100,35,32.58,2,connected,0.0001,none,radio,CARE-noreserve,1528,0.618067807999978,841,12568,8.225130890052355,True
barabasi_albert-n100-d35-r002,3331763958,barabasi_albert,100,35,32.58,2,connected,0.0001,none,radio,CARE-noswitch,1549,1.0968417340000087,9035,12338,7.965138799225307,True
watts_strogatz-n500-d35-r006,1887178082,watts_strogatz,500,35,34.0,6,dominating,0.0001,none,radio,CARE-noreserve,803,1.4385429070000555,1402,22235,27.68991282689913,True
watts_strogatz-n500-d35-r006,1887178082,watts_strogatz,500,35,34.0,6,dominating,0.0001,none,radio,CARE-noswitch,895,2.3279468369998995,5943,23932,26.739664804469275,True
watts_strogatz-n500-d35-r006,1887178082,watts_strogatz,500,35,34.0,6,connected,0.0001,none,radio,CARE-noreserve,2056,24.002839983000058,8612,68073,33.10943579766537,True
watts_strogatz-n500-d35-r006,1887178082,watts_strogatz,500,35,34.0,6,connected,0.0001,none,radio,CARE-noswitch,2071,25.796489501999986,36346,67226,32.460647030420084,True
barabasi_albert-n100-d35-r003,322742675,barabasi_albert,100,35,32.58,3,dominating,0.0001,none,radio,CARE-noreserve,149,0.03022623099991506,26,907,6.087248322147651,True
barabasi_albert-n100-d35-r003,322742675,barabasi_albert,100,35,32.58,3,dominating,0.0001,none,radio,CARE-noswitch,170,0.08896224499994787,266,974,5.729411764705882,True
barabasi_albert-n100-d35-r003,322742675,barabasi_albert,100,35,32.58,3,connected,0.0001,none,radio,CARE-noreserve,1410,0.48081069499994555,606,11332,8.036879432624113,True
barabasi_albert-n100-d35-r003,322742675,barabasi_albert,100,35,32.58,3,connected,0.0001,none,radio,CARE-noswitch,1367,1.0092407949998687,5615,10282,7.521580102414045,True
watts_strogatz-n500-d35-r005,3445303067,watts_strogatz,500,35,34.0,5,dominating,0.0001,none,radio,CARE-noreserve,890,1.0926180779999868,1346,23972,26.934831460674157,True
watts_strogatz-n500-d35-r005,3445303067,watts_strogatz,500,35,34.0,5,dominating,0.0001,none,radio,CARE-noswitch,664,1.4936667920001128,2405,17069,25.70632530120482,True
watts_strogatz-n500-d35-r005,3445303067,watts_strogatz,500,35,34.0,5,connected,0.0001,none,radio,CARE-noreserve,2354,31.818373560000055,10525,80089,34.02251486830926,True
watts_strogatz-n500-d35-r005,3445303067,watts_strogatz,500,35,34.0,5,connected,0.0001,none,radio,CARE-noswitch,2266,28.22320860800005,53188,74186,32.738746690203,True
barabasi_albert-n100-d35-r004,1965504631,barabasi_albert,100,35,32.58,4,dominating,0.0001,none,radio,CARE-noreserve,277,0.05756778599993595,91,1692,6.108303249097473,True
barabasi_albert-n100-d35-r004,1965504631,barabasi_albert,100,35,32.58,4,dominating,0.0001,none,radio,CARE-noswitch,269,0.13206054700003733,268,1533,5.698884758364312,True
barabasi_albert-n100-d35-r004,1965504631,barabasi_albert,100,35,32.58,4,connected,0.0001,none,radio,CARE-noreserve,1483,0.6073034799999277,810,12391,8.355360755225893,True
barabasi_albert-n100-d35-r004,1965504631,barabasi_albert,100,35,32.58,4,connected,0.0001,none,radio,CARE-noswitch,1410,1.0998307320001004,6288,11527,8.175177304964539,True
barabasi_albert-n100-d35-r005,934248138,barabasi_albert,100,35,32.58,5,dominating,0.0001,none,radio,CARE-noreserve,221,0.056710596000129954,77,1403,6.34841628959276,True
barabasi_albert-n100-d35-r005,934248138,barabasi_albert,100,35,32.58,5,dominating,0.0001,none,radio,CARE-noswitch,199,0.09480992800013155,380,1262,6.341708542713568,True
barabasi_albert-n100-d35-r005,934248138,barabasi_albert,100,35,32.58,5,connected,0.0001,none,radio,CARE-noreserve,1266,0.5269775320000463,818,10782,8.516587677725118,True
barabasi_albert-n100-d35-r005,934248138,barabasi_albert,100,35,32.58,5,connected,0.0001,none,radio,CARE-noswitch,1261,1.0958422549999796,4793,10650,8.4456780333069,True
watts_strogatz-n500-d35-r007,3957427823,watts_strogatz,500,35,34.0,7,dominating,0.0001,none,radio,CARE-noreserve,810,1.16473490400017,1150,21858,26.985185185185184,True
watts_strogatz-n500-d35-r007,3957427823,watts_strogatz,500,35,34.0,7,dominating,0.0001,none,radio,CARE-noswitch,700,1.858461798999997,6007,18319,26.17,True
watts_strogatz-n500-d35-r007,3957427823,watts_strogatz,500,35,34.0,7,connected,0.0001,none,radio,CARE-noreserve,2144,25.026595184000143,8090,71787,33.482742537313435,True
watts_strogatz-n500-d35-r007,3957427823,watts_strogatz,500,35,34.0,7,connected,0.0001,none,radio,CARE-noswitch,2065,26.269330539000066,53662,67988,32.92397094430993,True
barabasi_albert-n100-d35-r006,3579950526,barabasi_albert,100,35,32.58,6,dominating,0.0001,none,radio,CARE-noreserve,171,0.054032258999995975,63,1136,6.643274853801169,True
barabasi_albert-n100-d35-r006,3579950526,barabasi_albert,100,35,32.58,6,dominating,0.0001,none,radio,CARE-noswitch,264,0.18957147700007226,404,1915,7.253787878787879,True
barabasi_albert-n100-d35-r006,3579950526,barabasi_albert,100,35,32.58,6,connected,0.0001,none,radio,CARE-noreserve,1346,0.6371168420000686,694,11559,8.587667161961367,True
barabasi_albert-n100-d35-r006,3579950526,barabasi_albert,100,35,32.58,6,connected,0.0001,none,radio,CARE-noswitch,1402,1.2166576750000786,4890,12094,8.626248216833096,True
barabasi_albert-n100-d35-r009,231172062,barabasi_albert,100,35,32.58,9,dominating,0.0001,none,radio,CARE-noreserve,121,0.02956060199994681,19,732,6.049586776859504,True
barabasi_albert-n100-d35-r009,231172062,barabasi_albert,100,35,32.58,9,dominating,0.0001,none,radio,CARE-noswitch,141,0.0660732729998017,93,975,6.914893617021277,True
barabasi_albert-n100-d35-r009,231172062,barabasi_albert,100,35,32.58,9,connected,0.0001,none,radio,CARE-noreserve,870,0.39929959100004453,505,7718,8.871264367816092,True
barabasi_albert-n100-d35-r009,231172062,barabasi_albert,100,35,32.58,9,connected,0.0001,none,radio,CARE-noswitch,945,0.7636551359998975,5736,8489,8.983068783068783,True
barabasi_albert-n100-d35-r008,1679927064,barabasi_albert,100,35,32.58,8,dominating,0.0001,none,radio,CARE-noreserve,299,0.047649816000102874,64,1799,6.016722408026756,True
barabasi_albert-n100-d35-r008,1679927064,barabasi_albert,100,35,32.58,8,dominating,0.0001,none,radio,CARE-noswitch,287,0.16270151399999122,384,1697,5.912891986062718,True
barabasi_albert-n100-d35-r008,1679927064,barabasi_albert,100,35,32.58,8,connected,0.0001,none,radio,CARE-noreserve,1292,0.5552960330001042,709,11800,9.13312693498452,True
barabasi_albert-n100-d35-r008,1679927064,barabasi_albert,100,35,32.58,8,connected,0.0001,none,radio,CARE-noswitch,1309,0.9495985339999606,7631,11635,8.88846447669977,True
barabasi_albert-n100-d35-r007,3055618971,barabasi_albert,100,35,32.58,7,dominating,0.0001,none,radio,CARE-noreserve,202,0.05590095000002293,65,1104,5.465346534653466,True
barabasi_albert-n100-d35-r007,3055618971,barabasi_albert,100,35,32.58,7,dominating,0.0001,none,radio,CARE-noswitch,201,0.10703191700008574,77,1105,5.497512437810945,True
barabasi_albert-n100-d35-r007,3055618971,barabasi_albert,100,35,32.58,7,connected,0.0001,none,radio,CARE-noreserve,1617,0.5897998860000371,808,12896,7.975262832405689,True
barabasi_albert-n100-d35-r007,3055618971,barabasi_albert,100,35,32.58,7,connected,0.0001,none,radio,CARE-noswitch,1609,1.3524106509999,7890,12717,7.90366687383468,True
barabasi_albert-n250-d15-r001,3171126614,barabasi_albert,250,15,15.712,1,dominating,0.0001,none,radio,CARE-noreserve,13,0.060998759000085556,0,234,18.0,True
barabasi_albert-n250-d15-r001,3171126614,barabasi_albert,250,15,15.712,1,dominating,0.0001,none,radio,CARE-noswitch,33,0.15716524599997683,73,672,20.363636363636363,True
barabasi_albert-n250-d15-r001,3171126614,barabasi_albert,250,15,15.712,1,connected,0.0001,none,radio,CARE-noreserve,321,0.8041899270001522,1375,13432,41.84423676012461,True
barabasi_albert-n250-d15-r001,3171126614,barabasi_albert,250,15,15.712,1,connected,0.0001,none,radio,CARE-noswitch,342,1.1556681239999307,3644,13285,38.845029239766085,True
barabasi_albert-n250-d15-r000,2833732925,barabasi_albert,250,15,15.712,0,dominating,0.0001,none,radio,CARE-noreserve,10,0.09958548000008705,51,238,23.8,True
barabasi_albert-n250-d15-r000,2833732925,barabasi_albert,250,15,15.712,0,dominating,0.0001,none,radio,CARE-noswitch,11,0.09901261899995006,26,245,22.272727272727273,True
barabasi_albert-n250-d15-r000,2833732925,barabasi_albert,250,15,15.712,0,connected,0.0001,none,radio,CARE-noreserve,334,0.9893731229999503,1070,11086,33.191616766467064,True
barabasi_albert-n250-d15-r000,2833732925,barabasi_albert,250,15,15.712,0,connected,0.0001,none,radio,CARE-noswitch,312,1.4122551890000068,7261,10654,34.1474358974359,True
barabasi_albert-n250-d15-r004,738237161,barabasi_albert,250,15,15.712,4,dominating,0.0001,none,radio,CARE-noreserve,12,0.10058079099985662,74,335,27.916666666666668,True
barabasi_albert-n250-d15-r004,738237161,barabasi_albert,250,15,15.712,4,dominating,0.0001,none,radio,CARE-noswitch,12,0.09914984000010918,78,332,27.666666666666668,True
barabasi_albert-n250-d15-r004,738237161,barabasi_albert,250,15,15.712,4,connected,0.0001,none,radio,CARE-noreserve,289,1.068593528000065,1477,11325,39.186851211072664,True
barabasi_albert-n250-d15-r004,738237161,barabasi_albert,250,15,15.712,4,connected,0.0001,none,radio,CARE-noswitch,309,1.349319886000103,2769,12211,39.51779935275081,True
barabasi_albert-n250-d15-r002,4287632683,barabasi_albert,250,15,15.712,2,dominating,0.0001,none,radio,CARE-noreserve,20,0.07741788999987875,22,460,23.0,True
barabasi_albert-n250-d15-r002,4287632683,barabasi_albert,250,15,15.712,2,dominating,0.0001,none,radio,CARE-noswitch,32,0.12734750499998881,212,709,22.15625,True
barabasi_albert-n250-d15-r002,4287632683,barabasi_albert,250,15,15.712,2,connected,0.0001,none,radio,CARE-noreserve,505,1.6965589940000427,1828,18042,35.72673267326733,True
barabasi_albert-n250-d15-r002,4287632683,barabasi_albert,250,15,15.712,2,connected,0.0001,none,radio,CARE-noswitch,507,1.3522172719999617,10628,17963,35.429980276134124,True
barabasi_albert-n250-d15-r005,380983188,barabasi_albert,250,15,15.712,5,dominating,0.0001,none,radio,CARE-noreserve,30,0.13273331100003816,42,636,21.2,True
barabasi_albert-n250-d15-r005,380983188,barabasi_albert,250,15,15.712,5,dominating,0.0001,none,radio,CARE-noswitch,30,0.08281699200006187,354,641,21.366666666666667,True
barabasi_albert-n250-d15-r005,380983188,barabasi_albert,250,15,15.712,5,connected,0.0001,none,radio,CARE-noreserve,365,0.9866848020001271,1299,12992,35.59452054794521,True
barabasi_albert-n250-d15-r005,380983188,barabasi_albert,250,15,15.712,5,connected,0.0001,none,radio,CARE-noswitch,406,1.7488545040000645,7968,14499,35.71182266009852,True
barabasi_albert-n250-d15-r003,1519119601,barabasi_albert,250,15,15.712,3,dominating,0.0001,none,radio,CARE-noreserve,19,0.10246879000010267,45,382,20.105263157894736,True
barabasi_albert-n250-d15-r003,1519119601,barabasi_albert,250,15,15.712,3,dominating,0.0001,none,radio,CARE-noswitch,19,0.13860883999996076,45,382,20.105263157894736,True
barabasi_albert-n250-d15-r003,1519119601,barabasi_albert,250,15,15.712,3,connected,0.0001,none,radio,CARE-noreserve,300,1.224153430999877,1230,11404,38.013333333333335,True
barabasi_albert-n250-d15-r003,1519119601,barabasi_albert,250,15,15.712,3,connected,0.0001,none,radio,CARE-noswitch,393,1.8752829449999808,12156,15795,40.19083969465649,True
barabasi_albert-n250-d15-r006,651009678,barabasi_albert,250,15,15.712,6,dominating,0.0001,none,radio,CARE-noreserve,13,0.07903495599998678,0,286,22.0,True
barabasi_albert-n250-d15-r006,651009678,barabasi_albert,250,15,15.712,6,dominating,0.0001,none,radio,CARE-noswitch,13,0.09689627100010512,0,286,22.0,True
barabasi_albert-n250-d15-r006,651009678,barabasi_albert,250,15,15.712,6,connected,0.0001,none,radio,CARE-noreserve,352,1.2373405299999831,1725,14469,41.10511363636363,True
barabasi_albert-n250-d15-r006,651009678,barabasi_albert,250,15,15.712,6,connected,0.0001,none,radio,CARE-noswitch,353,1.1752304229999027,7174,13997,39.65155807365439,True
barabasi_albert-n250-d15-r007,278008197,barabasi_albert,250,15,15.712,7,dominating,0.0001,none,radio,CARE-noreserve,25,0.1582906329999787,51,618,24.72,True
barabasi_albert-n250-d15-r007,278008197,barabasi_albert,250,15,15.712,7,dominating,0.0001,none,radio,CARE-noswitch,19,0.08228047500006141,18,397,20.894736842105264,True
barabasi_albert-n250-d15-r007,278008197,barabasi_albert,250,15,15.712,7,connected,0.0001,none,radio,CARE-noreserve,430,1.3316343380001854,2062,16114,37.47441860465116,True
barabasi_albert-n250-d15-r007,278008197,barabasi_albert,250,15,15.712,7,connected,0.0001,none,radio,CARE-noswitch,431,1.463244657000132,6287,15353,35.62180974477958,True
barabasi_albert-n250-d15-r009,1540784744,barabasi_albert,250,15,15.712,9,dominating,0.0001,none,radio,CARE-noreserve,52,0.16446552799993697,55,1077,20.71153846153846,True
barabasi_albert-n250-d15-r009,1540784744,barabasi_albert,250,15,15.712,9,dominating,0.0001,none,radio,CARE-noswitch,12,0.06714486800001396,6,228,19.0,True
barabasi_albert-n250-d15-r009,1540784744,barabasi_albert,250,15,15.712,9,connected,0.0001,none,radio,CARE-noreserve,393,1.24179392200017,1684,15194,38.661577608142494,True
barabasi_albert-n250-d15-r009,1540784744,barabasi_albert,250,15,15.712,9,connected,0.0001,none,radio,CARE-noswitch,400,1.3954202060001535,7752,15174,37.935,True
barabasi_albert-n250-d15-r008,4127026257,barabasi_albert,250,15,15.712,8,dominating,0.0001,none,radio,CARE-noreserve,33,0.08655815799988886,56,766,23.21212121212121,True
barabasi_albert-n250-d15-r008,4127026257,barabasi_albert,250,15,15.712,8,dominating,0.0001,none,radio,CARE-noswitch,31,0.09935958500000197,115,670,21.612903225806452,True
barabasi_albert-n250-d15-r008,4127026257,barabasi_albert,250,15,15.712,8,connected,0.0001,none,radio,CARE-noreserve,414,1.5423783169999297,2373,16036,38.734299516908216,True
barabasi_albert-n250-d15-r008,4127026257,barabasi_albert,250,15,15.712,8,connected,0.0001,none,radio,CARE-noswitch,384,1.7809325259997877,9878,14086,36.682291666666664,True
barabasi_albert-n250-d25-r000,2167715468,barabasi_albert,250,25,23.376,0,dominating,0.0001,none,radio,CARE-noreserve,48,0.09566333799989479,52,758,15.791666666666666,True
barabasi_albert-n250-d25-r000,2167715468,barabasi_albert,250,25,23.376,0,dominating,0.0001,none,radio,CARE-noswitch,35,0.09947854400002143,19,528,15.085714285714285,True
barabasi_albert-n250-d25-r000,2167715468,barabasi_albert,250,25,23.376,0,connected,0.0001,none,radio,CARE-noreserve,512,1.4406307890001244,1796,15343,29.966796875,True
barabasi_albert-n250-d25-r000,2167715468,barabasi_albert,250,25,23.376,0,connected,0.0001,none,radio,CARE-noswitch,550,2.087367739000001,6828,16437,29.885454545454547,True
barabasi_albert-n250-d25-r001,3870595023,barabasi_albert,250,25,23.376,1,dominating,0.0001,none,radio,CARE-noreserve,20,0.11144369499993445,66,308,15.4,True
barabasi_albert-n250-d25-r001,3870595023,barabasi_albert,250,25,23.376,1,dominating,0.0001,none,radio,CARE-noswitch,13,0.06076313299990943,28,202,15.538461538461538,True
barabasi_albert-n250-d25-r001,3870595023,barabasi_albert,250,25,23.376,1,connected,0.0001,none,radio,CARE-noreserve,539,1.6156380930001433,1698,15121,28.053803339517625,True
barabasi_albert-n250-d25-r001,3870595023,barabasi_albert,250,25,23.376,1,connected,0.0001,none,radio,CARE-noswitch,589,2.049495676000106,10021,17243,29.275042444821732,True
barabasi_albert-n250-d25-r002,3436392228,barabasi_albert,250,25,23.376,2,dominating,0.0001,none,radio,CARE-noreserve,60,0.07169691199987938,27,980,16.333333333333332,True
barabasi_albert-n250-d25-r002,3436392228,barabasi_albert,250,25,23.376,2,dominating,0.0001,none,radio,CARE-noswitch,76,0.1823084850000214,67,1246,16.394736842105264,True
barabasi_albert-n250-d25-r002,3436392228,barabasi_albert,250,25,23.376,2,connected,0.0001,none,radio,CARE-noreserve,626,1.8459949599998708,2355,19335,30.88658146964856,True
barabasi_albert-n250-d25-r002,3436392228,barabasi_albert,250,25,23.376,2,connected,0.0001,none,radio,CARE-noswitch,652,2.64822527299998,12254,19713,30.234662576687118,True
barabasi_albert-n250-d25-r003,1074930324,barabasi_albert,250,25,23.376,3,dominating,0.0001,none,radio,CARE-noreserve,42,0.0855302820000361,14,600,14.285714285714286,True
barabasi_albert-n250-d25-r003,1074930324,barabasi_albert,250,25,23.376,3,dominating,0.0001,none,radio,CARE-noswitch,36,0.1045706310001151,79,591,16.416666666666668,True
barabasi_albert-n250-d25-r003,1074930324,barabasi_albert,250,25,23.376,3,connected,0.0001,none,radio,CARE-noreserve,655,1.9843011000000388,2625,19453,29.699236641221376,True
barabasi_albert-n250-d25-r003,1074930324,barabasi_albert,250,25,23.376,3,connected,0.0001,none,radio,CARE-noswitch,632,2.298353885999859,11462,18332,29.00632911392405,True
barabasi_albert-n250-d25-r004,2022265191,barabasi_albert,250,25,23.376,4,dominating,0.0001,none,radio,CARE-noreserve,47,0.07454054800018639,65,832,17.70212765957447,True
barabasi_albert-n250-d25-r004,2022265191,barabasi_albert,250,25,23.376,4,dominating,0.0001,none,radio,CARE-noswitch,46,0.1486260689998744,240,954,20.73913043478261,True
barabasi_albert-n250-d25-r004,2022265191,barabasi_albert,250,25,23.376,4,connected,0.0001,none,radio,CARE-noreserve,619,2.249401087000024,2476,18962,30.633279483037157,True
barabasi_albert-n250-d25-r004,2022265191,barabasi_albert,250,25,23.376,4,connected,0.0001,none,radio,CARE-noswitch,568,1.8712522450000506,11997,17030,29.982394366197184,True
barabasi_albert-n250-d25-r006,2275386751,barabasi_albert,250,25,23.376,6,dominating,0.0001,none,radio,CARE-noreserve,16,0.06316270700017412,57,265,16.5625,True
barabasi_albert-n250-d25-r006,2275386751,barabasi_albert,250,25,23.376,6,dominating,0.0001,none,radio,CARE-noswitch,29,0.1005907290000323,234,510,17.586206896551722,True
barabasi_albert-n250-d25-r006,2275386751,barabasi_albert,250,25,23.376,6,connected,0.0001,none,radio,CARE-noreserve,534,1.4003142449998904,1418,15089,28.256554307116104,True
barabasi_albert-n250-d25-r006,2275386751,barabasi_albert,250,25,23.376,6,connected,0.0001,none,radio,CARE-noswitch,634,1.594784025999843,5759,18169,28.657728706624606,True
barabasi_albert-n250-d25-r005,4280994734,barabasi_albert,250,25,23.376,5,dominating,0.0001,none,radio,CARE-noreserve,39,0.08717569000009462,124,609,15.615384615384615,True
barabasi_albert-n250-d25-r005,4280994734,barabasi_albert,250,25,23.376,5,dominating,0.0001,none,radio,CARE-noswitch,42,0.1129905029999918,136,633,15.071428571428571,True
barabasi_albert-n250-d25-r005,4280994734,barabasi_albert,250,25,23.376,5,connected,0.0001,none,radio,CARE-noreserve,642,2.170393686999887,1883,17480,27.227414330218068,True
barabasi_albert-n250-d25-r005,4280994734,barabasi_albert,250,25,23.376,5,connected,0.0001,none,radio,CARE-noswitch,641,2.4869175139999697,11626,17494,27.29173166926677,True
barabasi_albert-n250-d25-r007,4223825536,barabasi_albert,250,25,23.376,7,dominating,0.0001,none,radio,CARE-noreserve,31,0.06071578499995667,55,706,22.774193548387096,True
barabasi_albert-n250-d25-r007,4223825536,barabasi_albert,250,25,23.376,7,dominating,0.0001,none,radio,CARE-noswitch,42,0.08159017699995275,298,782,18.61904761904762,True
barabasi_albert-n250-d25-r007,4223825536,barabasi_albert,250,25,23.376,7,connected,0.0001,none,radio,CARE-noreserve,628,1.780913658999907,2067,18680,29.745222929936304,True
barabasi_albert-n250-d25-r007,4223825536,barabasi_albert,250,25,23.376,7,connected,0.0001,none,radio,CARE-noswitch,642,2.7485198760000458,12875,18936,29.49532710280374,True
barabasi_albert-n250-d25-r008,1337029186,barabasi_albert,250,25,23.376,8,dominating,0.0001,none,radio,CARE-noreserve,23,0.09136134499999571,68,441,19.17391304347826,True
barabasi_albert-n250-d25-r008,1337029186,barabasi_albert,250,25,23.376,8,dominating,0.0001,none,radio,CARE-noswitch,32,0.1004286319998755,319,590,18.4375,True
barabasi_albert-n250-d25-r008,1337029186,barabasi_albert,250,25,23.376,8,connected,0.0001,none,radio,CARE-noreserve,560,1.9017193869999574,2196,17126,30.582142857142856,True
barabasi_albert-n250-d25-r008,1337029186,barabasi_albert,250,25,23.376,8,connected,0.0001,none,radio,CARE-noswitch,531,1.8350981040000534,9716,16066,30.25612052730697,True
barabasi_albert-n250-d25-r009,2796651316,barabasi_albert,250,25,23.376,9,dominating,0.0001,none,radio,CARE-noreserve,26,0.08636383799989744,44,460,17.692307692307693,True
barabasi_albert-n250-d25-r009,2796651316,barabasi_albert,250,25,23.376,9,dominating,0.0001,none,radio,CARE-noswitch,32,0.12110204800001156,246,580,18.125,True
barabasi_albert-n250-d25-r009,2796651316,barabasi_albert,250,25,23.376,9,connected,0.0001,none,radio,CARE-noreserve,529,1.9694851879999078,1889,15100,28.544423440453688,True
barabasi_albert-n250-d25-r009,2796651316,barabasi_albert,250,25,23.376,9,connected,0.0001,none,radio,CARE-noswitch,540,1.873260893999941,9743,15532,28.762962962962963,True
barabasi_albert-n250-d35-r002,1508187327,barabasi_albert,250,35,34.632,2,dominating,0.0001,none,radio,CARE-noreserve,51,0.06146181899998737,44,644,12.627450980392156,True
barabasi_albert-n250-d35-r002,1508187327,barabasi_albert,250,35,34.632,2,dominating,0.0001,none,radio,CARE-noswitch,34,0.06913855099992361,242,447,13.147058823529411,True
barabasi_albert-n250-d35-r002,1508187327,barabasi_albert,250,35,34.632,2,connected,0.0001,none,radio,CARE-noreserve,843,2.4642007420000027,2288,18979,22.513641755634637,True
barabasi_albert-n250-d35-r002,1508187327,barabasi_albert,250,35,34.632,2,connected,0.0001,none,radio,CARE-noswitch,840,2.716995044999976,14482,18319,21.808333333333334,True
barabasi_albert-n250-d35-r000,3668275746,barabasi_albert,250,35,34.632,0,dominating,0.0001,none,radio,CARE-noreserve,73,0.10026758100002553,80,930,12.73972602739726,True
barabasi_albert-n250-d35-r000,3668275746,barabasi_albert,250,35,34.632,0,dominating,0.0001,none,radio,CARE-noswitch,79,0.10307334199978868,28,941,11.91139240506329,True
barabasi_albert-n250-d35-r000,3668275746,barabasi_albert,250,35,34.632,0,connected,0.0001,none,radio,CARE-noreserve,972,2.8840721189999385,2283,19844,20.415637860082306,True
barabasi_albert-n250-d35-r000,3668275746,barabasi_albert,250,35,34.632,0,connected,0.0001,none,radio,CARE-noswitch,1049,3.5780471559999114,13658,21479,20.475691134413726,True
barabasi_albert-n250-d35-r001,1662362086,barabasi_albert,250,35,34.632,1,dominating,0.0001,none,radio,CARE-noreserve,33,0.0624054630000046,45,426,12.909090909090908,True
barabasi_albert-n250-d35-r001,1662362086,barabasi_albert,250,35,34.632,1,dominating,0.0001,none,radio,CARE-noswitch,45,0.07607329999996182,130,504,11.2,True
barabasi_albert-n250-d35-r001,1662362086,barabasi_albert,250,35,34.632,1,connected,0.0001,none,radio,CARE-noreserve,1063,3.074573825000016,2601,24207,22.772342427093132,True
barabasi_albert-n250-d35-r001,1662362086,barabasi_albert,250,35,34.632,1,connected,0.0001,none,radio,CARE-noswitch,1102,4.172600981999949,21911,23605,21.420145190562614,True
barabasi_albert-n250-d35-r003,2015509878,barabasi_albert,250,35,34.632,3,dominating,0.0001,none,radio,CARE-noreserve,27,0.08119722800006457,9,342,12.666666666666666,True
barabasi_albert-n250-d35-r003,2015509878,barabasi_albert,250,35,34.632,3,dominating,0.0001,none,radio,CARE-noswitch,32,0.10496587800002999,72,406,12.6875,True
barabasi_albert-n250-d35-r003,2015509878,barabasi_albert,250,35,34.632,3,connected,0.0001,none,radio,CARE-noreserve,1099,3.4808528820001357,2615,25099,22.83803457688808,True
barabasi_albert-n250-d35-r003,2015509878,barabasi_albert,250,35,34.632,3,connected,0.0001,none,radio,CARE-noswitch,1111,3.7315569759998652,14493,25108,22.5994599459946,True
barabasi_albert-n250-d35-r004,136173322,barabasi_albert,250,35,34.632,4,dominating,0.0001,none,radio,CARE-noreserve,31,0.08295267799985595,47,394,12.709677419354838,True
barabasi_albert-n250-d35-r004,136173322,barabasi_albert,250,35,34.632,4,dominating,0.0001,none,radio,CARE-noswitch,75,0.14501966699981494,251,831,11.08,True
barabasi_albert-n250-d35-r004,136173322,barabasi_albert,250,35,34.632,4,connected,0.0001,none,radio,CARE-noreserve,766,3.0989747789999456,2278,17350,22.650130548302872,True
barabasi_albert-n250-d35-r004,136173322,barabasi_albert,250,35,34.632,4,connected,0.0001,none,radio,CARE-noswitch,770,2.998524313999951,6579,16822,21.846753246753245,True
barabasi_albert-n250-d35-r005,3575111223,barabasi_albert,250,35,34.632,5,dominating,0.0001,none,radio,CARE-noreserve,93,0.2335932139999386,127,1219,13.10752688172043,True
barabasi_albert-n250-d35-r005,3575111223,barabasi_albert,250,35,34.632,5,dominating,0.0001,none,radio,CARE-noswitch,94,0.21977093499981493,243,1271,13.52127659574468,True
barabasi_albert-n250-d35-r005,3575111223,barabasi_albert,250,35,34.632,5,connected,0.0001,none,radio,CARE-noreserve,1060,3.0962233990001096,2587,23269,21.95188679245283,True
barabasi_albert-n250-d35-r005,3575111223,barabasi_albert,250,35,34.632,5,connected,0.0001,none,radio,CARE-noswitch,1050,3.9201690059999237,14601,22229,21.17047619047619,True
barabasi_albert-n250-d35-r007,2837434194,barabasi_albert,250,35,34.632,7,dominating,0.0001,none,radio,CARE-noreserve,87,0.09416986199994426,82,1192,13.701149425287356,True
barabasi_albert-n250-d35-r007,2837434194,barabasi_albert,250,35,34.632,7,dominating,0.0001,none,radio,CARE-noswitch,94,0.1638930659999005,76,1214,12.914893617021276,True
barabasi_albert-n250-d35-r007,2837434194,barabasi_albert,250,35,34.632,7,connected,0.0001,none,radio,CARE-noreserve,954,2.962950879000118,2513,22462,23.545073375262053,True
barabasi_albert-n250-d35-r007,2837434194,barabasi_albert,250,35,34.632,7,connected,0.0001,none,radio,CARE-noswitch,963,4.1477673450001475,15236,21932,22.77466251298027,True
barabasi_albert-n250-d35-r008,2229550041,barabasi_albert,250,35,34.632,8,dominating,0.0001,none,radio,CARE-noreserve,72,0.09339224199993623,53,992,13.777777777777779,True
barabasi_albert-n250-d35-r008,2229550041,barabasi_albert,250,35,34.632,8,dominating,0.0001,none,radio,CARE-noswitch,72,0.10192794700014929,64,855,11.875,True
barabasi_albert-n250-d35-r008,2229550041,barabasi_albert,250,35,34.632,8,connected,0.0001,none,radio,CARE-noreserve,994,3.169315233999896,2577,22133,22.266599597585515,True
barabasi_albert-n250-d35-r008,2229550041,barabasi_albert,250,35,34.632,8,connected,0.0001,none,radio,CARE-noswitch,979,3.404034523000064,18741,21845,22.31358529111338,True
barabasi_albert-n250-d35-r006,4244651284,barabasi_albert,250,35,34.632,6,dominating,0.0001,none,radio,CARE-noreserve,119,0.0910287059998609,62,1523,12.798319327731093,True
barabasi_albert-n250-d35-r006,4244651284,barabasi_albert,250,35,34.632,6,dominating,0.0001,none,radio,CARE-noswitch,100,0.1464999509998961,685,1280,12.8,True
barabasi_albert-n250-d35-r006,4244651284,barabasi_albert,250,35,34.632,6,connected,0.0001,none,radio,CARE-noreserve,824,2.8458162949998496,2405,18719,22.71723300970874,True
barabasi_albert-n250-d35-r006,4244651284,barabasi_albert,250,35,34.632,6,connected,0.0001,none,radio,CARE-noswitch,875,5.191829968000093,13683,19192,21.933714285714284,True
barabasi_albert-n250-d35-r009,2647535846,barabasi_albert,250,35,34.632,9,dominating,0.0001,none,radio,CARE-noreserve,74,0.056581145000109245,29,852,11.513513513513514,True
barabasi_albert-n250-d35-r009,2647535846,barabasi_albert,250,35,34.632,9,dominating,0.0001,none,radio,CARE-noswitch,100,0.13875606700003118,200,1190,11.9,True
barabasi_albert-n250-d35-r009,2647535846,barabasi_albert,250,35,34.632,9,connected,0.0001,none,radio,CARE-noreserve,1106,3.3015955880000547,2438,23997,21.697106690777577,True
barabasi_albert-n250-d35-r009,2647535846,barabasi_albert,250,35,34.632,9,connected,0.0001,none,radio,CARE-noswitch,1119,3.765214770000057,20743,24855,22.211796246648795,True
barabasi_albert-n500-d15-r001,3085954357,barabasi_albert,500,15,15.856,1,dominating,0.0001,none,radio,CARE-noreserve,15,0.43193077099999755,107,593,39.53333333333333,True
barabasi_albert-n500-d15-r001,3085954357,barabasi_albert,500,15,15.856,1,dominating,0.0001,none,radio,CARE-noswitch,14,0.2958252900000389,62,542,38.714285714285715,True
barabasi_albert-n500-d15-r001,3085954357,barabasi_albert,500,15,15.856,1,connected,0.0001,none,radio,CARE-noreserve,289,4.9172931519999565,3376,24764,85.68858131487889,True
barabasi_albert-n500-d15-r001,3085954357,barabasi_albert,500,15,15.856,1,connected,0.0001,none,radio,CARE-noswitch,283,4.880996786999958,15376,22681,80.14487632508833,True
watts_strogatz-n500-d35-r009,3506214022,watts_strogatz,500,35,34.0,9,dominating,0.0001,none,radio,CARE-noreserve,550,0.773257188999878,901,14850,27.0,True
watts_strogatz-n500-d35-r009,3506214022,watts_strogatz,500,35,34.0,9,dominating,0.0001,none,radio,CARE-noswitch,721,1.6723597039999731,12929,19634,27.231622746185852,True
watts_strogatz-n500-d35-r009,3506214022,watts_strogatz,500,35,34.0,9,connected,0.0001,none,radio,CARE-noreserve,2062,22.509260915999903,7847,69343,33.62900096993211,True
watts_strogatz-n500-d35-r009,3506214022,watts_strogatz,500,35,34.0,9,connected,0.0001,none,radio,CARE-noswitch,2056,25.458637585999895,43153,66892,32.53501945525292,True
watts_strogatz-n500-d35-r008,2528494042,watts_strogatz,500,35,34.0,8,dominating,0.0001,none,radio,CARE-noreserve,698,0.9527690570000686,1061,19332,27.696275071633238,True
watts_strogatz-n500-d35-r008,2528494042,watts_strogatz,500,35,34.0,8,dominating,0.0001,none,radio,CARE-noswitch,792,1.6781961960000444,2995,21479,27.119949494949495,True
watts_strogatz-n500-d35-r008,2528494042,watts_strogatz,500,35,34.0,8,connected,0.0001,none,radio,CARE-noreserve,2087,21.92005737799991,7614,69190,33.152850982271204,True
watts_strogatz-n500-d35-r008,2528494042,watts_strogatz,500,35,34.0,8,connected,0.0001,none,radio,CARE-noswitch,2040,28.972688050999977,59353,65879,32.293627450980395,True
barabasi_albert-n500-d15-r000,1480487294,barabasi_albert,500,15,15.856,0,dominating,0.0001,none,radio,CARE-noreserve,15,0.3044962730000407,74,620,41.333333333333336,True
barabasi_albert-n500-d15-r000,1480487294,barabasi_albert,500,15,15.856,0,dominating,0.0001,none,radio,CARE-noswitch,20,0.3133698200001618,65,708,35.4,True
barabasi_albert-n500-d15-r000,1480487294,barabasi_albert,500,15,15.856,0,connected,0.0001,none,radio,CARE-noreserve,316,8.491048331000002,3922,25168,79.64556962025317,True
barabasi_albert-n500-d15-r000,1480487294,barabasi_albert,500,15,15.856,0,connected,0.0001,none,radio,CARE-noswitch,344,7.733051107999927,19220,26859,78.07848837209302,True
barabasi_albert-n500-d15-r002,1599630163,barabasi_albert,500,15,15.856,2,dominating,0.0001,none,radio,CARE-noreserve,7,0.17758612500006166,0,217,31.0,True
barabasi_albert-n500-d15-r002,1599630163,barabasi_albert,500,15,15.856,2,dominating,0.0001,none,radio,CARE-noswitch,7,0.2011426690000917,26,254,36.285714285714285,True
barabasi_albert-n500-d15-r002,1599630163,barabasi_albert,500,15,15.856,2,connected,0.0001,none,radio,CARE-noreserve,308,5.066807773999926,2844,23300,75.64935064935065,True
barabasi_albert-n500-d15-r002,1599630163,barabasi_albert,500,15,15.856,2,connected,0.0001,none,radio,CARE-noswitch,327,6.193807910000032,18507,24358,74.48929663608563,True
barabasi_albert-n500-d15-r003,369493110,barabasi_albert,500,15,15.856,3,dominating,0.0001,none,radio,CARE-noreserve,10,0.2994746470001246,77,390,39.0,True
barabasi_albert-n500-d15-r003,369493110,barabasi_albert,500,15,15.856,3,dominating,0.0001,none,radio,CARE-noswitch,10,0.33504454700005226,77,390,39.0,True
barabasi_albert-n500-d15-r003,369493110,barabasi_albert,500,15,15.856,3,connected,0.0001,none,radio,CARE-noreserve,278,6.559031143000084,3792,22550,81.11510791366906,True
barabasi_albert-n500-d15-r003,369493110,barabasi_albert,500,15,15.856,3,connected,0.0001,none,radio,CARE-noswitch,307,7.9529068370000005,11189,25768,83.93485342019544,True
barabasi_albert-n500-d15-r004,3061101962,barabasi_albert,500,15,15.856,4,dominating,0.0001,none,radio,CARE-noreserve,17,0.3641538120000405,119,571,33.588235294117645,True
barabasi_albert-n500-d15-r004,3061101962,barabasi_albert,500,15,15.856,4,dominating,0.0001,none,radio,CARE-noswitch,17,0.3660242109999672,106,571,33.588235294117645,True
barabasi_albert-n500-d15-r004,3061101962,barabasi_albert,500,15,15.856,4,connected,0.0001,none,radio,CARE-noreserve,334,7.579890276000015,3769,25103,75.15868263473054,True
barabasi_albert-n500-d15-r004,3061101962,barabasi_albert,500,15,15.856,4,connected,0.0001,none,radio,CARE-noswitch,347,7.059543793000103,16248,25459,73.36887608069165,True
barabasi_albert-n500-d15-r005,135247563,barabasi_albert,500,15,15.856,5,dominating,0.0001,none,radio,CARE-noreserve,7,0.2674504149999848,57,291,41.57142857142857,True
barabasi_albert-n500-d15-r005,135247563,barabasi_albert,500,15,15.856,5,dominating,0.0001,none,radio,CARE-noswitch,9,0.24711564900007943,55,369,41.0,True
barabasi_albert-n500-d15-r005,135247563,barabasi_albert,500,15,15.856,5,connected,0.0001,none,radio,CARE-noreserve,355,6.324988136000002,5044,29116,82.0169014084507,True
barabasi_albert-n500-d15-r005,135247563,barabasi_albert,500,15,15.856,5,connected,0.0001,none,radio,CARE-noswitch,340,7.211240551999936,18034,27124,79.7764705882353,True
barabasi_albert-n500-d15-r006,205023675,barabasi_albert,500,15,15.856,6,dominating,0.0001,none,radio,CARE-noreserve,16,0.28173117599999387,32,644,40.25,True
barabasi_albert-n500-d15-r006,205023675,barabasi_albert,500,15,15.856,6,dominating,0.0001,none,radio,CARE-noswitch,12,0.22397489400009363,106,450,37.5,True
barabasi_albert-n500-d15-r006,205023675,barabasi_albert,500,15,15.856,6,connected,0.0001,none,radio,CARE-noreserve,331,7.6278268070000195,4283,27614,83.42598187311178,True
barabasi_albert-n500-d15-r006,205023675,barabasi_albert,500,15,15.856,6,connected,0.0001,none,radio,CARE-noswitch,316,6.477564555999834,8734,25608,81.0379746835443,True
barabasi_albert-n500-d15-r009,2275914869,barabasi_albert,500,15,15.856,9,dominating,0.0001,none,radio,CARE-noreserve,15,0.3502622319999773,53,676,45.06666666666667,True
barabasi_albert-n500-d15-r009,2275914869,barabasi_albert,500,15,15.856,9,dominating,0.0001,none,radio,CARE-noswitch,10,0.1956049670000084,37,394,39.4,True
barabasi_albert-n500-d15-r009,2275914869,barabasi_albert,500,15,15.856,9,connected,0.0001,none,radio,CARE-noreserve,244,3.9321652300000096,2503,19525,80.02049180327869,True
barabasi_albert-n500-d15-r009,2275914869,barabasi_albert,500,15,15.856,9,connected,0.0001,none,radio,CARE-noswitch,342,5.664939591999882,11991,28735,84.02046783625731,True
barabasi_albert-n500-d15-r008,1012605372,barabasi_albert,500,15,15.856,8,dominating,0.0001,none,radio,CARE-noreserve,8,0.22490639500006182,35,313,39.125,True
barabasi_albert-n500-d15-r008,1012605372,barabasi_albert,500,15,15.856,8,dominating,0.0001,none,radio,CARE-noswitch,8,0.22592222299999776,29,315,39.375,True
barabasi_albert-n500-d15-r008,1012605372,barabasi_albert,500,15,15.856,8,connected,0.0001,none,radio,CARE-noreserve,289,4.886491339000031,3387,22391,77.47750865051903,True
barabasi_albert-n500-d15-r008,1012605372,barabasi_albert,500,15,15.856,8,connected,0.0001,none,radio,CARE-noswitch,305,8.42897875299991,9742,23080,75.67213114754098,True
barabasi_albert-n500-d15-r007,3430836198,barabasi_albert,500,15,15.856,7,dominating,0.0001,none,radio,CARE-noreserve,10,0.2573474079999869,21,347,34.7,True
barabasi_albert-n500-d15-r007,3430836198,barabasi_albert,500,15,15.856,7,dominating,0.0001,none,radio,CARE-noswitch,6,0.21298493800009055,145,293,48.833333333333336,True
barabasi_albert-n500-d15-r007,3430836198,barabasi_albert,500,15,15.856,7,connected,0.0001,none,radio,CARE-noreserve,333,9.47695222099992,3777,24298,72.96696696696696,True
barabasi_albert-n500-d15-r007,3430836198,barabasi_albert,500,15,15.856,7,connected,0.0001,none,radio,CARE-noswitch,348,7.799204424999971,14527,25588,73.52873563218391,True
barabasi_albert-n500-d25-r000,1560963395,barabasi_albert,500,25,23.688,0,dominating,0.0001,none,radio,CARE-noreserve,14,0.19606324599999425,13,358,25.571428571428573,True
barabasi_albert-n500-d25-r000,1560963395,barabasi_albert,500,25,23.688,0,dominating,0.0001,none,radio,CARE-noswitch,10,0.14963104200000998,13,251,25.1,True
barabasi_albert-n500-d25-r000,1560963395,barabasi_albert,500,25,23.688,0,connected,0.0001,none,radio,CARE-noreserve,495,9.658145797000088,4958,30798,62.21818181818182,True
barabasi_albert-n500-d25-r000,1560963395,barabasi_albert,500,25,23.688,0,connected,0.0001,none,radio,CARE-noswitch,491,9.852466868999954,16515,29869,60.83299389002037,True
barabasi_albert-n500-d25-r002,1324530435,barabasi_albert,500,25,23.688,2,dominating,0.0001,none,radio,CARE-noreserve,31,0.18350117799991494,47,881,28.419354838709676,True
barabasi_albert-n500-d25-r002,1324530435,barabasi_albert,500,25,23.688,2,dominating,0.0001,none,radio,CARE-noswitch,30,0.21783938800012947,33,825,27.5,True
barabasi_albert-n500-d25-r002,1324530435,barabasi_albert,500,25,23.688,2,connected,0.0001,none,radio,CARE-noreserve,514,8.588062081999851,3795,28681,55.79961089494164,True
barabasi_albert-n500-d25-r002,1324530435,barabasi_albert,500,25,23.688,2,connected,0.0001,none,radio,CARE-noswitch,532,8.480114846000106,14900,30053,56.4906015037594,True
barabasi_albert-n500-d25-r003,763302698,barabasi_albert,500,25,23.688,3,dominating,0.0001,none,radio,CARE-noreserve,10,0.1864659479999773,25,299,29.9,True
barabasi_albert-n500-d25-r003,763302698,barabasi_albert,500,25,23.688,3,dominating,0.0001,none,radio,CARE-noswitch,19,0.28109573400001864,67,619,32.578947368421055,True
barabasi_albert-n500-d25-r003,763302698,barabasi_albert,500,25,23.688,3,connected,0.0001,none,radio,CARE-noreserve,518,10.090875924999864,5651,33528,64.72586872586872,True
barabasi_albert-n500-d25-r003,763302698,barabasi_albert,500,25,23.688,3,connected,0.0001,none,radio,CARE-noswitch,532,10.02078121500017,12317,34570,64.9812030075188,True
barabasi_albert-n500-d25-r001,1212502800,barabasi_albert,500,25,23.688,1,dominating,0.0001,none,radio,CARE-noreserve,22,0.27983804300015436,28,592,26.90909090909091,True
barabasi_albert-n500-d25-r001,1212502800,barabasi_albert,500,25,23.688,1,dominating,0.0001,none,radio,CARE-noswitch,16,0.19684678599992367,113,501,31.3125,True
barabasi_albert-n500-d25-r001,1212502800,barabasi_albert,500,25,23.688,1,connected,0.0001,none,radio,CARE-noreserve,510,11.742303826999887,4293,29050,56.96078431372549,True
barabasi_albert-n500-d25-r001,1212502800,barabasi_albert,500,25,23.688,1,connected,0.0001,none,radio,CARE-noswitch,586,11.23077003100002,17808,35677,60.882252559726965,True
barabasi_albert-n500-d25-r006,2951279573,barabasi_albert,500,25,23.688,6,dominating,0.0001,none,radio,CARE-noreserve,18,0.17648019699981887,120,682,37.888888888888886,True
barabasi_albert-n500-d25-r006,2951279573,barabasi_albert,500,25,23.688,6,dominating,0.0001,none,radio,CARE-noswitch,9,0.3287606169999435,113,259,28.77777777777778,True
barabasi_albert-n500-d25-r006,2951279573,barabasi_albert,500,25,23.688,6,connected,0.0001,none,radio,CARE-noreserve,457,8.279465600000094,5986,30153,65.98030634573304,True
barabasi_albert-n500-d25-r006,2951279573,barabasi_albert,500,25,23.688,6,connected,0.0001,none,radio,CARE-noswitch,434,8.16297413899997,19722,29120,67.09677419354838,True
barabasi_albert-n500-d25-r007,3787038387,barabasi_albert,500,25,23.688,7,dominating,0.0001,none,radio,CARE-noreserve,11,0.2891274629998861,51,338,30.727272727272727,True
barabasi_albert-n500-d25-r007,3787038387,barabasi_albert,500,25,23.688,7,dominating,0.0001,none,radio,CARE-noswitch,10,0.18240508999997473,28,292,29.2,True
barabasi_albert-n500-d25-r007,3787038387,barabasi_albert,500,25,23.688,7,connected,0.0001,none,radio,CARE-noreserve,434,7.161026568999887,4612,27075,62.384792626728114,True
barabasi_albert-n500-d25-r007,3787038387,barabasi_albert,500,25,23.688,7,connected,0.0001,none,radio,CARE-noswitch,476,7.498230064999916,11650,29852,62.714285714285715,True
barabasi_albert-n500-d25-r004,447671647,barabasi_albert,500,25,23.688,4,dominating,0.0001,none,radio,CARE-noreserve,21,0.25495219000004,72,690,32.857142857142854,True
barabasi_albert-n500-d25-r004,447671647,barabasi_albert,500,25,23.688,4,dominating,0.0001,none,radio,CARE-noswitch,21,0.30487288000017543,94,673,32.04761904761905,True
barabasi_albert-n500-d25-r004,447671647,barabasi_albert,500,25,23.688,4,connected,0.0001,none,radio,CARE-noreserve,603,11.096850728000163,4904,35834,59.42620232172471,True
barabasi_albert-n500-d25-r004,447671647,barabasi_albert,500,25,23.688,4,connected,0.0001,none,radio,CARE-noswitch,615,9.828548774999945,27255,37133,60.37886178861788,True
barabasi_albert-n500-d25-r005,169121091,barabasi_albert,500,25,23.688,5,dominating,0.0001,none,radio,CARE-noreserve,21,0.3735455449998426,157,584,27.80952380952381,True
barabasi_albert-n500-d25-r005,169121091,barabasi_albert,500,25,23.688,5,dominating,0.0001,none,radio,CARE-noswitch,23,0.31375267999987955,420,651,28.304347826086957,True
barabasi_albert-n500-d25-r005,169121091,barabasi_albert,500,25,23.688,5,connected,0.0001,none,radio,CARE-noreserve,523,11.1312584719999,4711,31858,60.91395793499044,True
barabasi_albert-n500-d25-r005,169121091,barabasi_albert,500,25,23.688,5,connected,0.0001,none,radio,CARE-noswitch,533,10.956363620000047,22392,31375,58.86491557223265,True
barabasi_albert-n500-d25-r009,3267025886,barabasi_albert,500,25,23.688,9,dominating,0.0001,none,radio,CARE-noreserve,8,0.16920034500003567,0,200,25.0,True
barabasi_albert-n500-d25-r009,3267025886,barabasi_albert,500,25,23.688,9,dominating,0.0001,none,radio,CARE-noswitch,14,0.1913696209999216,100,368,26.285714285714285,True
barabasi_albert-n500-d25-r009,3267025886,barabasi_albert,500,25,23.688,9,connected,0.0001,none,radio,CARE-noreserve,439,7.189869213000065,3859,27439,62.50341685649203,True
barabasi_albert-n500-d25-r009,3267025886,barabasi_albert,500,25,23.688,9,connected,0.0001,none,radio,CARE-noswitch,498,8.8775771600001,16677,31244,62.738955823293175,True
barabasi_albert-n500-d25-r008,271766242,barabasi_albert,500,25,23.688,8,dominating,0.0001,none,radio,CARE-noreserve,11,0.1875677049999922,24,275,25.0,True
barabasi_albert-n500-d25-r008,271766242,barabasi_albert,500,25,23.688,8,dominating,0.0001,none,radio,CARE-noswitch,13,0.28134501399995315,107,346,26.615384615384617,True
barabasi_albert-n500-d25-r008,271766242,barabasi_albert,500,25,23.688,8,connected,0.0001,none,radio,CARE-noreserve,580,11.538156447999881,5760,33907,58.460344827586205,True
barabasi_albert-n500-d25-r008,271766242,barabasi_albert,500,25,23.688,8,connected,0.0001,none,radio,CARE-noswitch,601,10.653004112999952,14552,34866,58.01331114808652,True
barabasi_albert-n500-d35-r000,160882581,barabasi_albert,500,35,35.316,0,dominating,0.0001,none,radio,CARE-noreserve,26,0.1421865649999745,25,519,19.96153846153846,True
barabasi_albert-n500-d35-r000,160882581,barabasi_albert,500,35,35.316,0,dominating,0.0001,none,radio,CARE-noswitch,38,0.22681599099996674,179,819,21.55263157894737,True
barabasi_albert-n500-d35-r000,160882581,barabasi_albert,500,35,35.316,0,connected,0.0001,none,radio,CARE-noreserve,778,11.706522384000209,5130,36391,46.775064267352185,True
barabasi_albert-n500-d35-r000,160882581,barabasi_albert,500,35,35.316,0,connected,0.0001,none,radio,CARE-noswitch,836,16.132829367999875,19683,37598,44.973684210526315,True
barabasi_albert-n500-d35-r001,2977225256,barabasi_albert,500,35,35.316,1,dominating,0.0001,none,radio,CARE-noreserve,22,0.20363894899992374,55,567,25.772727272727273,True
barabasi_albert-n500-d35-r001,2977225256,barabasi_albert,500,35,35.316,1,dominating,0.0001,none,radio,CARE-noswitch,74,0.3962349549999544,122,1482,20.027027027027028,True
barabasi_albert-n500-d35-r001,2977225256,barabasi_albert,500,35,35.316,1,connected,0.0001,none,radio,CARE-noreserve,847,14.318037946999993,6904,38459,45.40613931523023,True
barabasi_albert-n500-d35-r001,2977225256,barabasi_albert,500,35,35.316,1,connected,0.0001,none,radio,CARE-noswitch,836,14.02660472399998,30606,37285,44.59928229665072,True
barabasi_albert-n500-d35-r002,401578117,barabasi_albert,500,35,35.316,2,dominating,0.0001,none,radio,CARE-noreserve,33,0.16186048300005496,49,636,19.272727272727273,True
barabasi_albert-n500-d35-r002,401578117,barabasi_albert,500,35,35.316,2,dominating,0.0001,none,radio,CARE-noswitch,23,0.16618035099986628,67,486,21.130434782608695,True
barabasi_albert-n500-d35-r002,401578117,barabasi_albert,500,35,35.316,2,connected,0.0001,none,radio,CARE-noreserve,907,13.450709490999998,6181,40876,45.067254685777286,True
barabasi_albert-n500-d35-r002,401578117,barabasi_albert,500,35,35.316,2,connected,0.0001,none,radio,CARE-noswitch,929,17.795131711000067,31521,41678,44.86329386437029,True
barabasi_albert-n500-d35-r003,3590882379,barabasi_albert,500,35,35.316,3,dominating,0.0001,none,radio,CARE-noreserve,22,0.20334689399987838,63,500,22.727272727272727,True
barabasi_albert-n500-d35-r003,3590882379,barabasi_albert,500,35,35.316,3,dominating,0.0001,none,radio,CARE-noswitch,21,0.16873148800004856,61,466,22.19047619047619,True
barabasi_albert-n500-d35-r003,3590882379,barabasi_albert,500,35,35.316,3,connected,0.0001,none,radio,CARE-noreserve,858,15.2994523750001,7095,41564,48.442890442890445,True
barabasi_albert-n500-d35-r003,3590882379,barabasi_albert,500,35,35.316,3,connected,0.0001,none,radio,CARE-noswitch,900,16.79130021800006,31465,42769,47.52111111111111,True
barabasi_albert-n500-d35-r005,2138525858,barabasi_albert,500,35,35.316,5,dominating,0.0001,none,radio,CARE-noreserve,34,0.2592021319999276,76,792,23.294117647058822,True
barabasi_albert-n500-d35-r005,2138525858,barabasi_albert,500,35,35.316,5,dominating,0.0001,none,radio,CARE-noswitch,40,0.21413866800003234,44,822,20.55,True
barabasi_albert-n500-d35-r005,2138525858,barabasi_albert,500,35,35.316,5,connected,0.0001,none,radio,CARE-noreserve,833,16.172056339000164,7221,41789,50.16686674669868,True
barabasi_albert-n500-d35-r005,2138525858,barabasi_albert,500,35,35.316,5,connected,0.0001,none,radio,CARE-noswitch,836,15.474828171000127,29602,40218,48.10765550239235,True
barabasi_albert-n500-d35-r004,2769928901,barabasi_albert,500,35,35.316,4,dominating,0.0001,none,radio,CARE-noreserve,21,0.15641346699999303,27,430,20.476190476190474,True
barabasi_albert-n500-d35-r004,2769928901,barabasi_albert,500,35,35.316,4,dominating,0.0001,none,radio,CARE-noswitch,19,0.1590974850000748,238,400,21.05263157894737,True
barabasi_albert-n500-d35-r004,2769928901,barabasi_albert,500,35,35.316,4,connected,0.0001,none,radio,CARE-noreserve,1010,18.099044448999848,7331,47767,47.294059405940594,True
barabasi_albert-n500-d35-r004,2769928901,barabasi_albert,500,35,35.316,4,connected,0.0001,none,radio,CARE-noswitch,1003,16.55114798700015,34223,45131,44.99601196410768,True
barabasi_albert-n500-d35-r006,312125961,barabasi_albert,500,35,35.316,6,dominating,0.0001,none,radio,CARE-noreserve,10,0.17028995200007557,0,210,21.0,True
barabasi_albert-n500-d35-r006,312125961,barabasi_albert,500,35,35.316,6,dominating,0.0001,none,radio,CARE-noswitch,8,0.18611282000006213,18,154,19.25,True
barabasi_albert-n500-d35-r006,312125961,barabasi_albert,500,35,35.316,6,connected,0.0001,none,radio,CARE-noreserve,843,12.238860210999974,5085,38839,46.072360616844605,True
barabasi_albert-n500-d35-r006,312125961,barabasi_albert,500,35,35.316,6,connected,0.0001,none,radio,CARE-noswitch,912,18.013348493999956,25074,41565,45.57565789473684,True
barabasi_albert-n500-d35-r007,1090263697,barabasi_albert,500,35,35.316,7,dominating,0.0001,none,radio,CARE-noreserve,22,0.21318290899989734,65,481,21.863636363636363,True
barabasi_albert-n500-d35-r007,1090263697,barabasi_albert,500,35,35.316,7,dominating,0.0001,none,radio,CARE-noswitch,24,0.2305797710000661,413,558,23.25,True
barabasi_albert-n500-d35-r007,1090263697,barabasi_albert,500,35,35.316,7,connected,0.0001,none,radio,CARE-noreserve,909,16.09707223800001,6853,42050,46.25962596259626,True
barabasi_albert-n500-d35-r007,1090263697,barabasi_albert,500,35,35.316,7,connected,0.0001,none,radio,CARE-noswitch,921,13.69927835899989,35146,42075,45.68403908794788,True
barabasi_albert-n500-d35-r008,2586861372,barabasi_albert,500,35,35.316,8,dominating,0.0001,none,radio,CARE-noreserve,51,0.1657071189999897,21,1251,24.529411764705884,True
barabasi_albert-n500-d35-r008,2586861372,barabasi_albert,500,35,35.316,8,dominating,0.0001,none,radio,CARE-noswitch,31,0.17459336900014932,126,739,23.838709677419356,True
barabasi_albert-n500-d35-r008,2586861372,barabasi_albert,500,35,35.316,8,connected,0.0001,none,radio,CARE-noreserve,860,12.676055620999932,4543,39919,46.41744186046512,True
barabasi_albert-n500-d35-r008,2586861372,barabasi_albert,500,35,35.316,8,connected,0.0001,none,radio,CARE-noswitch,987,14.753845297999987,25271,45395,45.99290780141844,True
barabasi_albert-n500-d35-r009,776976122,barabasi_albert,500,35,35.316,9,dominating,0.0001,none,radio,CARE-noreserve,13,0.20897030499986613,26,267,20.53846153846154,True
barabasi_albert-n500-d35-r009,776976122,barabasi_albert,500,35,35.316,9,dominating,0.0001,none,radio,CARE-noswitch,13,0.25842877700006284,26,267,20.53846153846154,True
barabasi_albert-n500-d35-r009,776976122,barabasi_albert,500,35,35.316,9,connected,0.0001,none,radio,CARE-noreserve,818,13.799861099000054,6424,38070,46.54034229828851,True
barabasi_albert-n500-d35-r009,776976122,barabasi_albert,500,35,35.316,9,connected,0.0001,none,radio,CARE-noswitch,797,13.352798377,27912,35217,44.186951066499375,True
