instance_id,instance_seed,topology,n,target_degree,actual_degree,run,mode,switch_cost,failure_scenario,energy_model,algorithm,lifetime,runtime_s,switches,activations,mean_set_size,valid
rgg-n100-d15-r001,3357533634,rgg,100,15,15.0,1,dominating,0.0001,none,radio,MS-RG-WT-DW,139,0.08393421799996759,43,1556,11.194244604316546,True
rgg-n100-d15-r001,3357533634,rgg,100,15,15.0,1,connected,0.0001,none,radio,MS-RG-WT-DW,735,0.2823020139999244,370,11638,15.834013605442177,True
rgg-n100-d15-r000,56696599,rgg,100,15,15.0,0,dominating,0.0001,none,radio,MS-RG-WT-DW,216,0.0963685719999603,83,2069,9.578703703703704,True
rgg-n100-d15-r000,56696599,rgg,100,15,15.0,0,connected,0.0001,none,radio,MS-RG-WT-DW,1104,0.5309094619999541,559,17169,15.55163043478261,True
rgg-n100-d15-r004,4007151703,rgg,100,15,15.0,4,dominating,0.0001,none,radio,MS-RG-WT-DW,252,0.1137133280000171,91,2661,10.55952380952381,True
rgg-n100-d15-r004,4007151703,rgg,100,15,15.0,4,connected,0.0001,none,radio,MS-RG-WT-DW,641,0.3100390500000003,262,9961,15.539781591263651,True
rgg-n100-d15-r003,3330817321,rgg,100,15,15.0,3,dominating,0.0001,none,radio,MS-RG-WT-DW,315,0.17313541499993335,124,3383,10.739682539682539,True
rgg-n100-d15-r003,3330817321,rgg,100,15,15.0,3,connected,0.0001,none,radio,MS-RG-WT-DW,1090,0.6591585789999499,650,19102,17.524770642201833,True
rgg-n100-d15-r002,2971814125,rgg,100,15,15.0,2,dominating,0.0001,none,radio,MS-RG-WT-DW,309,0.16389361699998517,141,2906,9.40453074433657,True
rgg-n100-d15-r002,2971814125,rgg,100,15,15.0,2,connected,0.0001,none,radio,MS-RG-WT-DW,1078,0.6996026089999532,726,16866,15.645640074211503,True
rgg-n100-d15-r005,3013816830,rgg,100,15,15.0,5,dominating,0.0001,none,radio,MS-RG-WT-DW,169,0.052545387000009214,53,1757,10.396449704142011,True
rgg-n100-d15-r005,3013816830,rgg,100,15,15.0,5,connected,0.0001,none,radio,MS-RG-WT-DW,647,0.3488582710000401,301,9639,14.897990726429676,True
rgg-n100-d15-r008,79670887,rgg,100,15,15.0,8,dominating,0.0001,none,radio,MS-RG-WT-DW,209,0.059684344000061174,58,2068,9.894736842105264,True
rgg-n100-d15-r008,79670887,rgg,100,15,15.0,8,connected,0.0001,none,radio,MS-RG-WT-DW,503,0.3442218640000192,227,7834,15.57455268389662,True
rgg-n100-d15-r006,2413774308,rgg,100,15,15.0,6,dominating,0.0001,none,radio,MS-RG-WT-DW,200,0.06144756500009407,90,2160,10.8,True
rgg-n100-d15-r006,2413774308,rgg,100,15,15.0,6,connected,0.0001,none,radio,MS-RG-WT-DW,952,0.5913004929999488,668,15879,16.679621848739497,True
rgg-n100-d15-r007,4216660719,rgg,100,15,15.0,7,dominating,0.0001,none,radio,MS-RG-WT-DW,125,0.0756946799999696,48,1330,10.64,True
rgg-n100-d15-r007,4216660719,rgg,100,15,15.0,7,connected,0.0001,none,radio,MS-RG-WT-DW,773,0.6736936309999919,395,11849,15.328589909443727,True
rgg-n100-d15-r009,1965742141,rgg,100,15,15.0,9,dominating,0.0001,none,radio,MS-RG-WT-DW,253,0.0888067979999505,105,2427,9.59288537549407,True
rgg-n100-d15-r009,1965742141,rgg,100,15,15.0,9,connected,0.0001,none,radio,MS-RG-WT-DW,1080,0.5866448320000472,570,16264,15.059259259259258,True
rgg-n100-d25-r000,3144428161,rgg,100,25,25.0,0,dominating,0.0001,none,radio,MS-RG-WT-DW,290,0.08122933300001023,82,1898,6.544827586206897,True
rgg-n100-d25-r000,3144428161,rgg,100,25,25.0,0,connected,0.0001,none,radio,MS-RG-WT-DW,1883,0.9907668199999762,713,18601,9.878385554965481,True
rgg-n100-d25-r001,3133333103,rgg,100,25,25.0,1,dominating,0.0001,none,radio,MS-RG-WT-DW,294,0.12347268899998198,66,1766,6.006802721088436,True
rgg-n100-d25-r001,3133333103,rgg,100,25,25.0,1,connected,0.0001,none,radio,MS-RG-WT-DW,1687,0.8562269819999528,570,16105,9.546532305868405,True
rgg-n100-d25-r002,1138363794,rgg,100,25,25.0,2,dominating,0.0001,none,radio,MS-RG-WT-DW,270,0.10273644599999443,74,1724,6.385185185185185,True
rgg-n100-d25-r002,1138363794,rgg,100,25,25.0,2,connected,0.0001,none,radio,MS-RG-WT-DW,1517,0.9037820089999968,521,13229,8.720500988793672,True
rgg-n100-d25-r003,488556136,rgg,100,25,25.0,3,dominating,0.0001,none,radio,MS-RG-WT-DW,510,0.13934583000002476,143,3213,6.3,True
rgg-n100-d25-r003,488556136,rgg,100,25,25.0,3,connected,0.0001,none,radio,MS-RG-WT-DW,2029,1.0375824059999559,865,20135,9.92360768851651,True
rgg-n100-d25-r006,3283591459,rgg,100,25,25.0,6,dominating,0.0001,none,radio,MS-RG-WT-DW,212,0.07676148500002,64,1535,7.240566037735849,True
rgg-n100-d25-r006,3283591459,rgg,100,25,25.0,6,connected,0.0001,none,radio,MS-RG-WT-DW,606,0.48196658599999864,185,5774,9.528052805280527,True
rgg-n100-d25-r004,3544514263,rgg,100,25,25.0,4,dominating,0.0001,none,radio,MS-RG-WT-DW,226,0.065198875999954,74,1576,6.9734513274336285,True
rgg-n100-d25-r004,3544514263,rgg,100,25,25.0,4,connected,0.0001,none,radio,MS-RG-WT-DW,1247,0.8661197289999336,419,12177,9.765036086607859,True
rgg-n100-d25-r005,286635313,rgg,100,25,25.0,5,dominating,0.0001,none,radio,MS-RG-WT-DW,397,0.1045236139999588,108,2400,6.045340050377834,True
rgg-n100-d25-r005,286635313,rgg,100,25,25.0,5,connected,0.0001,none,radio,MS-RG-WT-DW,1624,1.0270864029999984,752,15826,9.745073891625616,True
rgg-n100-d25-r007,1801526907,rgg,100,25,25.0,7,dominating,0.0001,none,radio,MS-RG-WT-DW,268,0.06618330800006333,63,1612,6.014925373134329,True
rgg-n100-d25-r007,1801526907,rgg,100,25,25.0,7,connected,0.0001,none,radio,MS-RG-WT-DW,1557,0.8008529960000033,528,13958,8.964675658317276,True
rgg-n100-d25-r009,3265858190,rgg,100,25,25.0,9,dominating,0.0001,none,radio,MS-RG-WT-DW,356,0.09743157799994151,97,2087,5.862359550561798,True
rgg-n100-d25-r009,3265858190,rgg,100,25,25.0,9,connected,0.0001,none,radio,MS-RG-WT-DW,1512,0.7977803139999651,646,14809,9.79431216931217,True
rgg-n100-d25-r008,1337570210,rgg,100,25,25.0,8,dominating,0.0001,none,radio,MS-RG-WT-DW,345,0.09059223299993846,107,2156,6.249275362318841,True
rgg-n100-d25-r008,1337570210,rgg,100,25,25.0,8,connected,0.0001,none,radio,MS-RG-WT-DW,1917,1.0049642750000203,900,18172,9.479394887845592,True
rgg-n100-d35-r001,3919398251,rgg,100,35,35.0,1,dominating,0.0001,none,radio,MS-RG-WT-DW,417,0.12658265100003518,91,2147,5.148681055155875,True
rgg-n100-d35-r001,3919398251,rgg,100,35,35.0,1,connected,0.0001,none,radio,MS-RG-WT-DW,1212,0.6957825189999767,295,8276,6.8283828382838285,True
rgg-n100-d35-r000,2374225988,rgg,100,35,35.0,0,dominating,0.0001,none,radio,MS-RG-WT-DW,360,0.10438855999996122,74,1768,4.911111111111111,True
rgg-n100-d35-r000,2374225988,rgg,100,35,35.0,0,connected,0.0001,none,radio,MS-RG-WT-DW,2214,1.0980704279999145,768,15536,7.017163504968383,True
rgg-n100-d35-r003,3343172191,rgg,100,35,35.0,3,dominating,0.0001,none,radio,MS-RG-WT-DW,338,0.14703413199993065,89,1835,5.428994082840236,True
rgg-n100-d35-r003,3343172191,rgg,100,35,35.0,3,connected,0.0001,none,radio,MS-RG-WT-DW,1671,1.2806936540000606,397,11323,6.7761819269898265,True
rgg-n100-d35-r002,923233946,rgg,100,35,35.0,2,dominating,0.0001,none,radio,MS-RG-WT-DW,541,0.18224343500003215,102,2492,4.606284658040665,True
rgg-n100-d35-r002,923233946,rgg,100,35,35.0,2,connected,0.0001,none,radio,MS-RG-WT-DW,2525,1.6191295470000568,845,17110,6.776237623762376,True
rgg-n100-d35-r004,4041180595,rgg,100,35,35.0,4,dominating,0.0001,none,radio,MS-RG-WT-DW,350,0.08510319900005925,75,1880,5.371428571428571,True
rgg-n100-d35-r004,4041180595,rgg,100,35,35.0,4,connected,0.0001,none,radio,MS-RG-WT-DW,2268,1.417678904000013,684,17207,7.586860670194003,True
rgg-n100-d35-r005,269727472,rgg,100,35,35.0,5,dominating,0.0001,none,radio,MS-RG-WT-DW,546,0.15109837299996798,116,2659,4.8699633699633695,True
rgg-n100-d35-r005,269727472,rgg,100,35,35.0,5,connected,0.0001,none,radio,MS-RG-WT-DW,2365,1.4466538469999932,900,18036,7.626215644820296,True
rgg-n100-d35-r006,2773257783,rgg,100,35,35.0,6,dominating,0.0001,none,radio,MS-RG-WT-DW,321,0.1130343920000314,64,1608,5.009345794392523,True
rgg-n100-d35-r006,2773257783,rgg,100,35,35.0,6,connected,0.0001,none,radio,MS-RG-WT-DW,1958,1.03627806399993,550,14092,7.197139938712972,True
rgg-n100-d35-r008,374426127,rgg,100,35,35.0,8,dominating,0.0001,none,radio,MS-RG-WT-DW,298,0.07983770999999251,45,1584,5.315436241610739,True
rgg-n100-d35-r008,374426127,rgg,100,35,35.0,8,connected,0.0001,none,radio,MS-RG-WT-DW,2104,1.2495446960000436,602,15106,7.179657794676806,True
rgg-n100-d35-r007,4087207641,rgg,100,35,35.0,7,dominating,0.0001,none,radio,MS-RG-WT-DW,663,0.17374966600004882,155,3212,4.844645550527903,True
rgg-n100-d35-r007,4087207641,rgg,100,35,35.0,7,connected,0.0001,none,radio,MS-RG-WT-DW,2374,1.434135617000038,689,15276,6.434709351305813,True
rgg-n100-d35-r009,3627721664,rgg,100,35,35.0,9,dominating,0.0001,none,radio,MS-RG-WT-DW,149,0.04428828099992188,37,710,4.76510067114094,True
rgg-n100-d35-r009,3627721664,rgg,100,35,35.0,9,connected,0.0001,none,radio,MS-RG-WT-DW,1937,1.241640580999956,509,13746,7.0965410428497675,True
rgg-n250-d15-r000,143369941,rgg,250,15,15.0,0,dominating,0.0001,none,radio,MS-RG-WT-DW,147,0.23472252199997,106,3735,25.408163265306122,True
rgg-n250-d15-r000,143369941,rgg,250,15,15.0,0,connected,0.0001,none,radio,MS-RG-WT-DW,478,1.298851169000045,610,19238,40.24686192468619,True
rgg-n250-d15-r002,1797352096,rgg,250,15,15.0,2,dominating,0.0001,none,radio,MS-RG-WT-DW,142,0.18703142900005787,122,3728,26.253521126760564,True
rgg-n250-d15-r002,1797352096,rgg,250,15,15.0,2,connected,0.0001,none,radio,MS-RG-WT-DW,1126,2.294826705000105,1706,46718,41.49023090586146,True
rgg-n250-d15-r003,3068920006,rgg,250,15,15.0,3,dominating,0.0001,none,radio,MS-RG-WT-DW,217,0.299742574999982,188,5228,24.092165898617512,True
rgg-n250-d15-r003,3068920006,rgg,250,15,15.0,3,connected,0.0001,none,radio,MS-RG-WT-DW,1245,2.7288743330000216,1840,50432,40.507630522088355,True
rgg-n250-d15-r001,2550401368,rgg,250,15,15.0,1,dominating,0.0001,none,radio,MS-RG-WT-DW,232,0.30207504299994525,243,5894,25.405172413793103,True
rgg-n250-d15-r001,2550401368,rgg,250,15,15.0,1,connected,0.0001,none,radio,MS-RG-WT-DW,1082,3.0508123079999905,1780,45233,41.80499075785582,True
rgg-n250-d15-r004,1125478041,rgg,250,15,15.0,4,dominating,0.0001,none,radio,MS-RG-WT-DW,174,0.22013961300001483,105,4506,25.896551724137932,True
rgg-n250-d15-r004,1125478041,rgg,250,15,15.0,4,connected,0.0001,none,radio,MS-RG-WT-DW,999,2.5778746050000336,1514,40588,40.628628628628626,True
rgg-n250-d15-r005,3388211772,rgg,250,15,15.0,5,dominating,0.0001,none,radio,MS-RG-WT-DW,185,0.2142184479999969,170,4901,26.491891891891893,True
rgg-n250-d15-r005,3388211772,rgg,250,15,15.0,5,connected,0.0001,none,radio,MS-RG-WT-DW,651,1.5294107820000136,762,27379,42.0568356374808,True
rgg-n250-d15-r007,2246259752,rgg,250,15,15.0,7,dominating,0.0001,none,radio,MS-RG-WT-DW,211,0.2529497340000262,253,5700,27.01421800947867,True
rgg-n250-d15-r007,2246259752,rgg,250,15,15.0,7,connected,0.0001,none,radio,MS-RG-WT-DW,322,1.2130153619999646,303,12596,39.11801242236025,True
rgg-n250-d15-r008,2427340457,rgg,250,15,15.0,8,dominating,0.0001,none,radio,MS-RG-WT-DW,271,0.30259377000004406,227,7109,26.232472324723247,True
rgg-n250-d15-r008,2427340457,rgg,250,15,15.0,8,connected,0.0001,none,radio,MS-RG-WT-DW,746,1.8998905959999774,990,32569,43.65817694369973,True
rgg-n250-d15-r006,3629176641,rgg,250,15,15.0,6,dominating,0.0001,none,radio,MS-RG-WT-DW,283,0.3702622280000014,265,7845,27.720848056537104,True
rgg-n250-d15-r006,3629176641,rgg,250,15,15.0,6,connected,0.0001,none,radio,MS-RG-WT-DW,958,2.4882476559999986,1230,40001,41.75469728601253,True
rgg-n250-d15-r009,976547706,rgg,250,15,15.0,9,dominating,0.0001,none,radio,MS-RG-WT-DW,236,0.2705386750000116,276,5643,23.911016949152543,True
rgg-n250-d15-r009,976547706,rgg,250,15,15.0,9,connected,0.0001,none,radio,MS-RG-WT-DW,868,2.836852545000056,1243,35270,40.633640552995395,True
rgg-n250-d25-r000,75661331,rgg,250,25,25.0,0,dominating,0.0001,none,radio,MS-RG-WT-DW,212,0.2409928829999899,137,3407,16.07075471698113,True
rgg-n250-d25-r000,75661331,rgg,250,25,25.0,0,connected,0.0001,none,radio,MS-RG-WT-DW,1999,6.232482178000055,2396,51242,25.63381690845423,True
rgg-n250-d25-r001,2940655406,rgg,250,25,25.0,1,dominating,0.0001,none,radio,MS-RG-WT-DW,303,0.31509137900002315,195,4966,16.38943894389439,True
rgg-n250-d25-r001,2940655406,rgg,250,25,25.0,1,connected,0.0001,none,radio,MS-RG-WT-DW,1998,5.477188738000109,2082,52215,26.133633633633632,True
rgg-n250-d25-r003,2519040470,rgg,250,25,25.0,3,dominating,0.0001,none,radio,MS-RG-WT-DW,256,0.3598658380000188,189,4248,16.59375,True
rgg-n250-d25-r003,2519040470,rgg,250,25,25.0,3,connected,0.0001,none,radio,MS-RG-WT-DW,1568,4.690708651000023,1385,38998,24.871173469387756,True
rgg-n250-d25-r002,1953597113,rgg,250,25,25.0,2,dominating,0.0001,none,radio,MS-RG-WT-DW,440,0.4582716539999865,295,7690,17.477272727272727,True
rgg-n250-d25-r002,1953597113,rgg,250,25,25.0,2,connected,0.0001,none,radio,MS-RG-WT-DW,2198,6.891473700000006,2544,56885,25.8803457688808,True
rgg-n250-d25-r005,1223332168,rgg,250,25,25.0,5,dominating,0.0001,none,radio,MS-RG-WT-DW,239,0.24288129100000333,141,3881,16.238493723849373,True
rgg-n250-d25-r005,1223332168,rgg,250,25,25.0,5,connected,0.0001,none,radio,MS-RG-WT-DW,2046,5.542151829999966,2913,54186,26.483870967741936,True
rgg-n250-d25-r004,989134908,rgg,250,25,25.0,4,dominating,0.0001,none,radio,MS-RG-WT-DW,305,0.288074464000033,250,5107,16.744262295081967,True
rgg-n250-d25-r004,989134908,rgg,250,25,25.0,4,connected,0.0001,none,radio,MS-RG-WT-DW,2197,6.606717412999956,2864,57456,26.152025489303597,True
rgg-n250-d25-r006,3678692509,rgg,250,25,25.0,6,dominating,0.0001,none,radio,MS-RG-WT-DW,360,0.45381426599999486,231,6205,17.23611111111111,True
rgg-n250-d25-r006,3678692509,rgg,250,25,25.0,6,connected,0.0001,none,radio,MS-RG-WT-DW,1633,5.822725473999981,1387,40078,24.542559706062463,True
rgg-n250-d25-r007,3021294213,rgg,250,25,25.0,7,dominating,0.0001,none,radio,MS-RG-WT-DW,314,0.28799495399994157,218,5236,16.67515923566879,True
rgg-n250-d25-r007,3021294213,rgg,250,25,25.0,7,connected,0.0001,none,radio,MS-RG-WT-DW,2104,6.10963338800002,2442,54477,25.892110266159698,True
rgg-n250-d25-r009,232640042,rgg,250,25,25.0,9,dominating,0.0001,none,radio,MS-RG-WT-DW,227,0.25203720799993334,133,3841,16.920704845814978,True
rgg-n250-d25-r009,232640042,rgg,250,25,25.0,9,connected,0.0001,none,radio,MS-RG-WT-DW,1787,4.869688603999975,1618,44991,25.17683268047006,True
rgg-n250-d25-r008,859851415,rgg,250,25,25.0,8,dominating,0.0001,none,radio,MS-RG-WT-DW,261,0.2104639670000097,200,4473,17.137931034482758,True
rgg-n250-d25-r008,859851415,rgg,250,25,25.0,8,connected,0.0001,none,radio,MS-RG-WT-DW,2136,5.86951646600005,2790,57131,26.746722846441948,True
rgg-n250-d35-r000,1578380316,rgg,250,35,35.0,0,dominating,0.0001,none,radio,MS-RG-WT-DW,183,0.27350585299996055,90,2298,12.557377049180328,True
rgg-n250-d35-r000,1578380316,rgg,250,35,35.0,0,connected,0.0001,none,radio,MS-RG-WT-DW,2111,7.029617778000102,1469,40287,19.08432022738039,True
rgg-n250-d35-r001,1513737945,rgg,250,35,35.0,1,dominating,0.0001,none,radio,MS-RG-WT-DW,380,0.45045867800001815,234,4756,12.51578947368421,True
rgg-n250-d35-r001,1513737945,rgg,250,35,35.0,1,connected,0.0001,none,radio,MS-RG-WT-DW,2550,8.347677750000003,1884,47579,18.65843137254902,True
rgg-n250-d35-r003,2985365169,rgg,250,35,35.0,3,dominating,0.0001,none,radio,MS-RG-WT-DW,409,0.3240934460000062,203,5355,13.092909535452323,True
rgg-n250-d35-r003,2985365169,rgg,250,35,35.0,3,connected,0.0001,none,radio,MS-RG-WT-DW,2366,6.541853521999997,1759,45591,19.26923076923077,True
rgg-n250-d35-r002,983468484,rgg,250,35,35.0,2,dominating,0.0001,none,radio,MS-RG-WT-DW,339,0.3366684280000527,185,4392,12.955752212389381,True
rgg-n250-d35-r002,983468484,rgg,250,35,35.0,2,connected,0.0001,none,radio,MS-RG-WT-DW,2504,7.660546626000041,2102,49299,19.688099041533548,True
rgg-n250-d35-r006,562260233,rgg,250,35,35.0,6,dominating,0.0001,none,radio,MS-RG-WT-DW,163,0.14073671599999216,75,1913,11.736196319018404,True
rgg-n250-d35-r006,562260233,rgg,250,35,35.0,6,connected,0.0001,none,radio,MS-RG-WT-DW,1715,6.433889057999977,1081,29811,17.38250728862974,True
rgg-n250-d35-r004,1614716617,rgg,250,35,35.0,4,dominating,0.0001,none,radio,MS-RG-WT-DW,437,0.4500432360000559,220,5038,11.528604118993135,True
rgg-n250-d35-r004,1614716617,rgg,250,35,35.0,4,connected,0.0001,none,radio,MS-RG-WT-DW,3216,10.596301677000042,3540,60455,18.798196517412936,True
rgg-n250-d35-r005,645313657,rgg,250,35,35.0,5,dominating,0.0001,none,radio,MS-RG-WT-DW,323,0.2698972010000489,170,3871,11.98452012383901,True
rgg-n250-d35-r005,645313657,rgg,250,35,35.0,5,connected,0.0001,none,radio,MS-RG-WT-DW,2866,8.691552408000007,2874,52316,18.254012561060712,True
rgg-n250-d35-r007,2264077253,rgg,250,35,35.0,7,dominating,0.0001,none,radio,MS-RG-WT-DW,365,0.3363325380000788,163,4485,12.287671232876713,True
rgg-n250-d35-r007,2264077253,rgg,250,35,35.0,7,connected,0.0001,none,radio,MS-RG-WT-DW,3086,9.40106106899998,2622,57075,18.494815294880105,True
rgg-n500-d15-r000,779922217,rgg,500,15,15.0,0,dominating,0.0001,none,radio,MS-RG-WT-DW,121,0.49376683299999513,177,5697,47.082644628099175,True
rgg-n500-d15-r000,779922217,rgg,500,15,15.0,0,connected,0.0001,none,radio,MS-RG-WT-DW,711,7.927749560999928,1848,55945,78.68495077355837,True
rgg-n250-d35-r008,2709928427,rgg,250,35,35.0,8,dominating,0.0001,none,radio,MS-RG-WT-DW,326,0.25427403399999093,198,3954,12.128834355828221,True
rgg-n250-d35-r008,2709928427,rgg,250,35,35.0,8,connected,0.0001,none,radio,MS-RG-WT-DW,3011,8.982192119000047,2771,56690,18.827632015941546,True
rgg-n250-d35-r009,2918331779,rgg,250,35,35.0,9,dominating,0.0001,none,radio,MS-RG-WT-DW,448,0.4070013079999626,215,5742,12.816964285714286,True
rgg-n250-d35-r009,2918331779,rgg,250,35,35.0,9,connected,0.0001,none,radio,MS-RG-WT-DW,3006,8.790303698000002,2764,56209,18.698935462408517,True
rgg-n500-d15-r001,2588939200,rgg,500,15,15.0,1,dominating,0.0001,none,radio,MS-RG-WT-DW,228,0.8149072950000118,436,12083,52.99561403508772,True
rgg-n500-d15-r001,2588939200,rgg,500,15,15.0,1,connected,0.0001,none,radio,MS-RG-WT-DW,889,9.214076958999954,2104,73526,82.70641169853768,True
rgg-n500-d15-r004,3826156678,rgg,500,15,15.0,4,dominating,0.0001,none,radio,MS-RG-WT-DW,151,0.5665648349998946,270,7446,49.311258278145694,True
rgg-n500-d15-r004,3826156678,rgg,500,15,15.0,4,connected,0.0001,none,radio,MS-RG-WT-DW,516,6.150543893999952,999,38170,73.97286821705427,True
rgg-n500-d15-r003,932988435,rgg,500,15,15.0,3,dominating,0.0001,none,radio,MS-RG-WT-DW,224,0.7044809760000135,301,11240,50.17857142857143,True
rgg-n500-d15-r003,932988435,rgg,500,15,15.0,3,connected,0.0001,none,radio,MS-RG-WT-DW,1059,11.653768772000035,3197,88992,84.03399433427762,True
rgg-n500-d15-r002,4093318010,rgg,500,15,15.0,2,dominating,0.0001,none,radio,MS-RG-WT-DW,114,0.4869179539999777,122,5484,48.10526315789474,True
rgg-n500-d15-r002,4093318010,rgg,500,15,15.0,2,connected,0.0001,none,radio,MS-RG-WT-DW,1218,14.693513375000066,3776,96688,79.38259441707717,True
rgg-n500-d15-r005,257955958,rgg,500,15,15.0,5,dominating,0.0001,none,radio,MS-RG-WT-DW,157,0.6213890859999083,404,7764,49.452229299363054,True
rgg-n500-d15-r005,257955958,rgg,500,15,15.0,5,connected,0.0001,none,radio,MS-RG-WT-DW,1064,10.18425730399997,2883,89794,84.39285714285714,True
rgg-n500-d15-r006,856719520,rgg,500,15,15.0,6,dominating,0.0001,none,radio,MS-RG-WT-DW,224,0.7667620040000429,559,11139,49.72767857142857,True
rgg-n500-d15-r006,856719520,rgg,500,15,15.0,6,connected,0.0001,none,radio,MS-RG-WT-DW,740,8.81826631399997,1703,58671,79.28513513513514,True
rgg-n500-d15-r007,952492644,rgg,500,15,15.0,7,dominating,0.0001,none,radio,MS-RG-WT-DW,71,0.2979459330000509,38,3409,48.014084507042256,True
rgg-n500-d15-r007,952492644,rgg,500,15,15.0,7,connected,0.0001,none,radio,MS-RG-WT-DW,506,6.427196299000002,1183,37558,74.22529644268775,True
rgg-n500-d15-r008,2712374168,rgg,500,15,15.0,8,dominating,0.0001,none,radio,MS-RG-WT-DW,86,0.3684165149999217,65,4437,51.593023255813954,True
rgg-n500-d15-r008,2712374168,rgg,500,15,15.0,8,connected,0.0001,none,radio,MS-RG-WT-DW,322,6.437360166999952,607,25911,80.46894409937889,True
rgg-n500-d25-r001,233372703,rgg,500,25,25.0,1,dominating,0.0001,none,radio,MS-RG-WT-DW,261,0.7682130150000148,374,8740,33.486590038314176,True
rgg-n500-d25-r001,233372703,rgg,500,25,25.0,1,connected,0.0001,none,radio,MS-RG-WT-DW,542,10.063684146000014,738,25585,47.20479704797048,True
rgg-n500-d15-r009,2855719555,rgg,500,15,15.0,9,dominating,0.0001,none,radio,MS-RG-WT-DW,211,0.6472195170000532,374,10704,50.72985781990521,True
rgg-n500-d15-r009,2855719555,rgg,500,15,15.0,9,connected,0.0001,none,radio,MS-RG-WT-DW,1238,15.159536301000003,4215,102374,82.69305331179322,True
rgg-n500-d25-r000,3335574371,rgg,500,25,25.0,0,dominating,0.0001,none,radio,MS-RG-WT-DW,281,0.9673790850000614,378,9597,34.15302491103203,True
rgg-n500-d25-r000,3335574371,rgg,500,25,25.0,0,connected,0.0001,none,radio,MS-RG-WT-DW,1419,17.45221304200004,2325,69784,49.17829457364341,True
rgg-n500-d25-r002,2505074012,rgg,500,25,25.0,2,dominating,0.0001,none,radio,MS-RG-WT-DW,318,0.8587715740000021,412,10794,33.943396226415096,True
rgg-n500-d25-r002,2505074012,rgg,500,25,25.0,2,connected,0.0001,none,radio,MS-RG-WT-DW,2079,24.719271584000012,4093,107276,51.5998075998076,True
rgg-n500-d25-r005,1683634943,rgg,500,25,25.0,5,dominating,0.0001,none,radio,MS-RG-WT-DW,370,1.054656654999917,414,11806,31.90810810810811,True
rgg-n500-d25-r005,1683634943,rgg,500,25,25.0,5,connected,0.0001,none,radio,MS-RG-WT-DW,1047,14.753741762000004,1644,48315,46.146131805157594,True
rgg-n500-d25-r004,1374267517,rgg,500,25,25.0,4,dominating,0.0001,none,radio,MS-RG-WT-DW,340,1.099129285999993,505,11287,33.19705882352941,True
rgg-n500-d25-r004,1374267517,rgg,500,25,25.0,4,connected,0.0001,none,radio,MS-RG-WT-DW,1963,23.42533921300003,3856,102635,52.28476821192053,True
rgg-n500-d25-r003,3110544492,rgg,500,25,25.0,3,dominating,0.0001,none,radio,MS-RG-WT-DW,388,1.438416707999977,578,13088,33.7319587628866,True
rgg-n500-d25-r003,3110544492,rgg,500,25,25.0,3,connected,0.0001,none,radio,MS-RG-WT-DW,2197,28.826980282000022,5107,116547,53.048247610377786,True
rgg-n500-d25-r006,3238779741,rgg,500,25,25.0,6,dominating,0.0001,none,radio,MS-RG-WT-DW,292,0.7847032170000148,378,9386,32.14383561643836,True
rgg-n500-d25-r006,3238779741,rgg,500,25,25.0,6,connected,0.0001,none,radio,MS-RG-WT-DW,2011,23.630723667999973,4196,99160,49.308801591248134,True
rgg-n500-d25-r007,67974217,rgg,500,25,25.0,7,dominating,0.0001,none,radio,MS-RG-WT-DW,342,0.987234275999981,510,11060,32.33918128654971,True
rgg-n500-d25-r007,67974217,rgg,500,25,25.0,7,connected,0.0001,none,radio,MS-RG-WT-DW,2077,27.23655913999994,4067,108109,52.05055368319692,True
rgg-n500-d25-r008,996833422,rgg,500,25,25.0,8,dominating,0.0001,none,radio,MS-RG-WT-DW,259,0.7959271949999902,388,8545,32.99227799227799,True
rgg-n500-d25-r008,996833422,rgg,500,25,25.0,8,connected,0.0001,none,radio,MS-RG-WT-DW,2099,30.094128208999905,5315,112366,53.53311100524059,True
rgg-n500-d25-r009,638933668,rgg,500,25,25.0,9,dominating,0.0001,none,radio,MS-RG-WT-DW,197,0.6520057160000761,336,6768,34.35532994923858,True
rgg-n500-d25-r009,638933668,rgg,500,25,25.0,9,connected,0.0001,none,radio,MS-RG-WT-DW,1786,26.591718012,3262,90994,50.9484882418813,True
rgg-n500-d35-r000,637072266,rgg,500,35,35.0,0,dominating,0.0001,none,radio,MS-RG-WT-DW,370,1.1963829700000588,430,9501,25.67837837837838,True
rgg-n500-d35-r000,637072266,rgg,500,35,35.0,0,connected,0.0001,none,radio,MS-RG-WT-DW,3413,52.80435025800011,7231,129830,38.039847641371225,True
rgg-n500-d35-r001,3018708862,rgg,500,35,35.0,1,dominating,0.0001,none,radio,MS-RG-WT-DW,252,0.669613260999995,310,6113,24.25793650793651,True
rgg-n500-d35-r001,3018708862,rgg,500,35,35.0,1,connected,0.0001,none,radio,MS-RG-WT-DW,3406,52.37385278000011,7167,127125,37.323840281855546,True
rgg-n500-d35-r003,468115628,rgg,500,35,35.0,3,dominating,0.0001,none,radio,MS-RG-WT-DW,360,0.9417240120000088,417,9113,25.31388888888889,True
rgg-n500-d35-r003,468115628,rgg,500,35,35.0,3,connected,0.0001,none,radio,MS-RG-WT-DW,3361,49.71551797200004,6410,129976,38.671823861945846,True
rgg-n500-d35-r002,3384363169,rgg,500,35,35.0,2,dominating,0.0001,none,radio,MS-RG-WT-DW,333,0.7764917560000413,357,8378,25.15915915915916,True
rgg-n500-d35-r002,3384363169,rgg,500,35,35.0,2,connected,0.0001,none,radio,MS-RG-WT-DW,3499,51.876826668000035,6630,131032,37.44841383252358,True
rgg-n500-d35-r004,4114990989,rgg,500,35,35.0,4,dominating,0.0001,none,radio,MS-RG-WT-DW,417,1.1987792879999688,476,10488,25.151079136690647,True
rgg-n500-d35-r004,4114990989,rgg,500,35,35.0,4,connected,0.0001,none,radio,MS-RG-WT-DW,2390,37.94149080300008,3439,91588,38.32133891213389,True
rgg-n500-d35-r005,4250246924,rgg,500,35,35.0,5,dominating,0.0001,none,radio,MS-RG-WT-DW,346,1.0506692149999708,473,8660,25.028901734104046,True
rgg-n500-d35-r005,4250246924,rgg,500,35,35.0,5,connected,0.0001,none,radio,MS-RG-WT-DW,2958,47.472753465000096,5156,112456,38.01757944557133,True
rgg-n500-d35-r007,1187222323,rgg,500,35,35.0,7,dominating,0.0001,none,radio,MS-RG-WT-DW,352,1.337594228999933,392,8738,24.823863636363637,True
rgg-n500-d35-r007,1187222323,rgg,500,35,35.0,7,connected,0.0001,none,radio,MS-RG-WT-DW,3166,51.08205913000006,5829,117837,37.21951989892609,True
clustered-n100-d15-r000,166074544,clustered,100,15,15.0,0,dominating,0.0001,none,radio,MS-RG-WT-DW,247,0.08294244600006095,75,2516,10.186234817813766,True
clustered-n100-d15-r000,166074544,clustered,100,15,15.0,0,connected,0.0001,none,radio,MS-RG-WT-DW,493,0.279814093999903,248,8863,17.97768762677485,True
clustered-n100-d15-r001,4240657993,clustered,100,15,15.0,1,dominating,0.0001,none,radio,MS-RG-WT-DW,200,0.09992283499991572,55,2048,10.24,True
clustered-n100-d15-r001,4240657993,clustered,100,15,15.0,1,connected,0.0001,none,radio,MS-RG-WT-DW,780,0.46981156899983034,445,13097,16.79102564102564,True
clustered-n100-d15-r002,1631333105,clustered,100,15,15.0,2,dominating,0.0001,none,radio,MS-RG-WT-DW,101,0.05753702700008034,52,1177,11.653465346534654,True
clustered-n100-d15-r002,1631333105,clustered,100,15,15.0,2,connected,0.0001,none,radio,MS-RG-WT-DW,740,0.3542031899999074,420,12870,17.39189189189189,True
clustered-n100-d15-r003,1753463731,clustered,100,15,15.0,3,dominating,0.0001,none,radio,MS-RG-WT-DW,114,0.04906446999984837,39,1317,11.552631578947368,True
clustered-n100-d15-r003,1753463731,clustered,100,15,15.0,3,connected,0.0001,none,radio,MS-RG-WT-DW,487,0.37220405499988374,264,8441,17.33264887063655,True
rgg-n500-d35-r006,1786077479,rgg,500,35,35.0,6,dominating,0.0001,none,radio,MS-RG-WT-DW,453,1.3672818970001117,572,11175,24.66887417218543,True
rgg-n500-d35-r006,1786077479,rgg,500,35,35.0,6,connected,0.0001,none,radio,MS-RG-WT-DW,3412,54.292313295999975,7625,129761,38.03077373974209,True
clustered-n100-d15-r004,4247283066,clustered,100,15,15.0,4,dominating,0.0001,none,radio,MS-RG-WT-DW,137,0.09965680499999507,70,1724,12.583941605839415,True
clustered-n100-d15-r004,4247283066,clustered,100,15,15.0,4,connected,0.0001,none,radio,MS-RG-WT-DW,521,0.4828343639999275,265,11144,21.389635316698655,True
clustered-n100-d15-r005,2501631132,clustered,100,15,15.0,5,dominating,0.0001,none,radio,MS-RG-WT-DW,126,0.07839107199993123,25,1461,11.595238095238095,True
clustered-n100-d15-r005,2501631132,clustered,100,15,15.0,5,connected,0.0001,none,radio,MS-RG-WT-DW,533,0.497678685999972,227,9449,17.72795497185741,True
clustered-n100-d15-r006,4265671660,clustered,100,15,15.0,6,dominating,0.0001,none,radio,MS-RG-WT-DW,118,0.09328045799998108,28,1585,13.432203389830509,True
clustered-n100-d15-r006,4265671660,clustered,100,15,15.0,6,connected,0.0001,none,radio,MS-RG-WT-DW,347,0.35146370500001467,123,6210,17.896253602305475,True
clustered-n100-d15-r007,3524642900,clustered,100,15,15.0,7,dominating,0.0001,none,radio,MS-RG-WT-DW,251,0.15283263500009525,111,3046,12.135458167330677,True
clustered-n100-d15-r007,3524642900,clustered,100,15,15.0,7,connected,0.0001,none,radio,MS-RG-WT-DW,394,0.32317138299981707,135,6823,17.31725888324873,True
clustered-n100-d15-r008,711047658,clustered,100,15,15.0,8,dominating,0.0001,none,radio,MS-RG-WT-DW,136,0.11613546200010205,41,1581,11.625,True
clustered-n100-d15-r008,711047658,clustered,100,15,15.0,8,connected,0.0001,none,radio,MS-RG-WT-DW,381,0.31115629400005673,129,7068,18.551181102362204,True
clustered-n100-d15-r009,344961766,clustered,100,15,15.0,9,dominating,0.0001,none,radio,MS-RG-WT-DW,85,0.06473503899997013,13,1054,12.4,True
clustered-n100-d15-r009,344961766,clustered,100,15,15.0,9,connected,0.0001,none,radio,MS-RG-WT-DW,177,0.22749963399996886,56,3060,17.28813559322034,True
clustered-n100-d25-r001,2591243172,clustered,100,25,25.0,1,dominating,0.0001,none,radio,MS-RG-WT-DW,272,0.10229389699998137,81,1582,5.8161764705882355,True
clustered-n100-d25-r001,2591243172,clustered,100,25,25.0,1,connected,0.0001,none,radio,MS-RG-WT-DW,965,0.5160189369998989,328,9013,9.339896373056995,True
clustered-n100-d25-r000,3839954462,clustered,100,25,25.0,0,dominating,0.0001,none,radio,MS-RG-WT-DW,534,0.14340081999989707,150,3525,6.601123595505618,True
clustered-n100-d25-r000,3839954462,clustered,100,25,25.0,0,connected,0.0001,none,radio,MS-RG-WT-DW,1388,1.1278196170001138,502,12188,8.780979827089338,True
clustered-n100-d25-r002,3970987084,clustered,100,25,25.0,2,dominating,0.0001,none,radio,MS-RG-WT-DW,338,0.24143159499999456,86,2229,6.594674556213017,True
clustered-n100-d25-r002,3970987084,clustered,100,25,25.0,2,connected,0.0001,none,radio,MS-RG-WT-DW,1189,1.7563302329999715,401,11754,9.885618166526493,True
clustered-n100-d25-r003,2666065982,clustered,100,25,25.0,3,dominating,0.0001,none,radio,MS-RG-WT-DW,151,0.2911016180000843,40,949,6.28476821192053,True
clustered-n100-d25-r003,2666065982,clustered,100,25,25.0,3,connected,0.0001,none,radio,MS-RG-WT-DW,2025,1.9928461319998405,743,18388,9.080493827160494,True
clustered-n100-d25-r004,3731448087,clustered,100,25,25.0,4,dominating,0.0001,none,radio,MS-RG-WT-DW,258,0.08752619500000947,82,1730,6.705426356589148,True
clustered-n100-d25-r004,3731448087,clustered,100,25,25.0,4,connected,0.0001,none,radio,MS-RG-WT-DW,1833,1.1911934429999746,743,17949,9.792144026186579,True
clustered-n100-d25-r005,3733667919,clustered,100,25,25.0,5,dominating,0.0001,none,radio,MS-RG-WT-DW,408,0.1278937170000063,129,2628,6.4411764705882355,True
clustered-n100-d25-r005,3733667919,clustered,100,25,25.0,5,connected,0.0001,none,radio,MS-RG-WT-DW,1256,0.7348816380001608,484,12848,10.229299363057326,True
clustered-n100-d25-r006,2186669993,clustered,100,25,25.0,6,dominating,0.0001,none,radio,MS-RG-WT-DW,148,0.07827844100006587,22,1087,7.344594594594595,True
clustered-n100-d25-r006,2186669993,clustered,100,25,25.0,6,connected,0.0001,none,radio,MS-RG-WT-DW,441,0.4498818439999468,107,4800,10.884353741496598,True
clustered-n100-d25-r008,3239589018,clustered,100,25,25.0,8,dominating,0.0001,none,radio,MS-RG-WT-DW,123,0.038684921999902144,30,858,6.975609756097561,True
clustered-n100-d25-r008,3239589018,clustered,100,25,25.0,8,connected,0.0001,none,radio,MS-RG-WT-DW,1288,0.7934134040001481,517,13636,10.58695652173913,True
clustered-n100-d25-r007,4060991854,clustered,100,25,25.0,7,dominating,0.0001,none,radio,MS-RG-WT-DW,245,0.10992432000011831,68,1683,6.869387755102041,True
clustered-n100-d25-r007,4060991854,clustered,100,25,25.0,7,connected,0.0001,none,radio,MS-RG-WT-DW,1669,0.9708895539999958,554,15735,9.427801078490115,True
clustered-n100-d25-r009,3730654238,clustered,100,25,25.0,9,dominating,0.0001,none,radio,MS-RG-WT-DW,384,0.11712321400000292,120,2984,7.770833333333333,True
clustered-n100-d25-r009,3730654238,clustered,100,25,25.0,9,connected,0.0001,none,radio,MS-RG-WT-DW,1209,0.6712133229998472,448,12500,10.339123242349048,True
clustered-n100-d35-r000,709854755,clustered,100,35,35.0,0,dominating,0.0001,none,radio,MS-RG-WT-DW,669,0.17733125599988853,129,2901,4.336322869955157,True
clustered-n100-d35-r000,709854755,clustered,100,35,35.0,0,connected,0.0001,none,radio,MS-RG-WT-DW,2180,1.2267300230000728,645,15345,7.0389908256880735,True
clustered-n100-d35-r001,2870019341,clustered,100,35,35.0,1,dominating,0.0001,none,radio,MS-RG-WT-DW,232,0.06244717899994612,40,937,4.038793103448276,True
clustered-n100-d35-r001,2870019341,clustered,100,35,35.0,1,connected,0.0001,none,radio,MS-RG-WT-DW,2277,1.0629756149999139,540,13325,5.851998243302591,True
clustered-n100-d35-r002,4048981497,clustered,100,35,35.0,2,dominating,0.0001,none,radio,MS-RG-WT-DW,391,0.09301616899983856,67,1686,4.312020460358056,True
clustered-n100-d35-r002,4048981497,clustered,100,35,35.0,2,connected,0.0001,none,radio,MS-RG-WT-DW,2270,1.282370346999869,496,12447,5.483259911894273,True
clustered-n100-d35-r003,904110019,clustered,100,35,35.0,3,dominating,0.0001,none,radio,MS-RG-WT-DW,449,0.09968246099992939,92,2178,4.850779510022272,True
clustered-n100-d35-r003,904110019,clustered,100,35,35.0,3,connected,0.0001,none,radio,MS-RG-WT-DW,2577,1.3120622400001594,742,18121,7.031819945673264,True
clustered-n100-d35-r004,2082142226,clustered,100,35,35.0,4,dominating,0.0001,none,radio,MS-RG-WT-DW,233,0.061218708999831506,42,1164,4.9957081545064375,True
clustered-n100-d35-r004,2082142226,clustered,100,35,35.0,4,connected,0.0001,none,radio,MS-RG-WT-DW,2247,1.214975738000021,633,15950,7.0983533600356035,True
clustered-n100-d35-r005,2414192915,clustered,100,35,35.0,5,dominating,0.0001,none,radio,MS-RG-WT-DW,475,0.13873676299999715,95,2116,4.454736842105263,True
clustered-n100-d35-r005,2414192915,clustered,100,35,35.0,5,connected,0.0001,none,radio,MS-RG-WT-DW,2972,1.2300525410000773,691,18900,6.35935397039031,True
clustered-n100-d35-r006,1961551141,clustered,100,35,35.0,6,dominating,0.0001,none,radio,MS-RG-WT-DW,541,0.13177649499994004,87,2199,4.064695009242144,True
clustered-n100-d35-r006,1961551141,clustered,100,35,35.0,6,connected,0.0001,none,radio,MS-RG-WT-DW,2533,1.3938246739999158,715,16170,6.383734701934465,True
clustered-n100-d35-r007,319439501,clustered,100,35,35.0,7,dominating,0.0001,none,radio,MS-RG-WT-DW,576,0.1338257209999938,123,2705,4.696180555555555,True
clustered-n100-d35-r007,319439501,clustered,100,35,35.0,7,connected,0.0001,none,radio,MS-RG-WT-DW,2753,1.2972929640000075,757,19405,7.048674173628768,True
clustered-n100-d35-r008,883348294,clustered,100,35,35.0,8,dominating,0.0001,none,radio,MS-RG-WT-DW,332,0.07812790200000563,59,1667,5.021084337349397,True
clustered-n100-d35-r008,883348294,clustered,100,35,35.0,8,connected,0.0001,none,radio,MS-RG-WT-DW,2274,1.2017574419999164,661,15343,6.747141600703606,True
clustered-n100-d35-r009,4017903789,clustered,100,35,35.0,9,dominating,0.0001,none,radio,MS-RG-WT-DW,691,0.15922481600000538,128,3250,4.703328509406657,True
clustered-n100-d35-r009,4017903789,clustered,100,35,35.0,9,connected,0.0001,none,radio,MS-RG-WT-DW,2272,1.124932668999918,592,14618,6.433978873239437,True
clustered-n250-d15-r000,3196095052,clustered,250,15,15.0,0,dominating,0.0001,none,radio,MS-RG-WT-DW,90,0.15462765500001296,19,2559,28.433333333333334,True
clustered-n250-d15-r000,3196095052,clustered,250,15,15.0,0,connected,0.0001,none,radio,MS-RG-WT-DW,278,1.026336135000065,289,12872,46.302158273381295,True
clustered-n250-d15-r001,381667776,clustered,250,15,15.0,1,dominating,0.0001,none,radio,MS-RG-WT-DW,180,0.3259193480000704,131,5590,31.055555555555557,True
clustered-n250-d15-r001,381667776,clustered,250,15,15.0,1,connected,0.0001,none,radio,MS-RG-WT-DW,532,1.3253975319998972,600,24838,46.68796992481203,True
clustered-n250-d15-r002,384796937,clustered,250,15,15.0,2,dominating,0.0001,none,radio,MS-RG-WT-DW,112,0.16583615799982,83,3442,30.732142857142858,True
clustered-n250-d15-r002,384796937,clustered,250,15,15.0,2,connected,0.0001,none,radio,MS-RG-WT-DW,393,1.1413615080000454,335,17139,43.61068702290076,True
clustered-n250-d15-r003,1179602989,clustered,250,15,15.0,3,dominating,0.0001,none,radio,MS-RG-WT-DW,60,0.13158941500000765,33,1767,29.45,True
clustered-n250-d15-r003,1179602989,clustered,250,15,15.0,3,connected,0.0001,none,radio,MS-RG-WT-DW,113,0.6661314489999768,75,5231,46.29203539823009,True
clustered-n250-d15-r005,3988167786,clustered,250,15,15.0,5,dominating,0.0001,none,radio,MS-RG-WT-DW,117,0.15570176699998228,60,3174,27.128205128205128,True
clustered-n250-d15-r005,3988167786,clustered,250,15,15.0,5,connected,0.0001,none,radio,MS-RG-WT-DW,445,1.4171084160000191,497,20274,45.55955056179775,True
clustered-n250-d15-r004,1299710577,clustered,250,15,15.0,4,dominating,0.0001,none,radio,MS-RG-WT-DW,119,0.23467889999983527,73,3689,31.0,True
clustered-n250-d15-r004,1299710577,clustered,250,15,15.0,4,connected,0.0001,none,radio,MS-RG-WT-DW,518,1.7315644739999243,579,23305,44.99034749034749,True
rgg-n500-d35-r008,3443673427,rgg,500,35,35.0,8,dominating,0.0001,none,radio,MS-RG-WT-DW,305,0.9400322910000796,270,7683,25.19016393442623,True
rgg-n500-d35-r008,3443673427,rgg,500,35,35.0,8,connected,0.0001,none,radio,MS-RG-WT-DW,2930,46.46604426299996,4872,112766,38.48668941979522,True
clustered-n250-d15-r006,3281722402,clustered,250,15,15.0,6,dominating,0.0001,none,radio,MS-RG-WT-DW,63,0.16892852399996627,31,1926,30.571428571428573,True
clustered-n250-d15-r006,3281722402,clustered,250,15,15.0,6,connected,0.0001,none,radio,MS-RG-WT-DW,143,0.8668606460000774,119,6599,46.14685314685315,True
clustered-n250-d15-r007,1557704579,clustered,250,15,15.0,7,dominating,0.0001,none,radio,MS-RG-WT-DW,71,0.1832867460000216,74,2201,31.0,True
clustered-n250-d15-r007,1557704579,clustered,250,15,15.0,7,connected,0.0001,none,radio,MS-RG-WT-DW,140,0.8041623879998951,88,6758,48.27142857142857,True
clustered-n250-d15-r008,42083392,clustered,250,15,15.0,8,dominating,0.0001,none,radio,MS-RG-WT-DW,68,0.15497200700019675,24,2040,30.0,True
clustered-n250-d15-r008,42083392,clustered,250,15,15.0,8,connected,0.0001,none,radio,MS-RG-WT-DW,136,0.9034478680000575,92,6409,47.125,True
clustered-n250-d15-r009,2688651448,clustered,250,15,15.0,9,dominating,0.0001,none,radio,MS-RG-WT-DW,74,0.1238842120001209,62,1970,26.62162162162162,True
clustered-n250-d15-r009,2688651448,clustered,250,15,15.0,9,connected,0.0001,none,radio,MS-RG-WT-DW,311,1.0404600110000501,316,13904,44.70739549839228,True
clustered-n250-d25-r000,1306300022,clustered,250,25,25.0,0,dominating,0.0001,none,radio,MS-RG-WT-DW,121,0.17649857199990038,58,2715,22.43801652892562,True
clustered-n250-d25-r000,1306300022,clustered,250,25,25.0,0,connected,0.0001,none,radio,MS-RG-WT-DW,207,1.2113995889999387,192,6927,33.46376811594203,True
clustered-n250-d25-r002,1758304849,clustered,250,25,25.0,2,dominating,0.0001,none,radio,MS-RG-WT-DW,116,0.17790759999979855,44,2139,18.439655172413794,True
clustered-n250-d25-r002,1758304849,clustered,250,25,25.0,2,connected,0.0001,none,radio,MS-RG-WT-DW,431,1.7108520809999845,322,13752,31.907192575406032,True
clustered-n250-d25-r001,1125388148,clustered,250,25,25.0,1,dominating,0.0001,none,radio,MS-RG-WT-DW,225,0.23375389800003177,125,4176,18.56,True
clustered-n250-d25-r001,1125388148,clustered,250,25,25.0,1,connected,0.0001,none,radio,MS-RG-WT-DW,1038,3.257129415999998,1053,30589,29.46917148362235,True
rgg-n500-d35-r009,298275536,rgg,500,35,35.0,9,dominating,0.0001,none,radio,MS-RG-WT-DW,126,0.4439216129999295,145,3071,24.373015873015873,True
rgg-n500-d35-r009,298275536,rgg,500,35,35.0,9,connected,0.0001,none,radio,MS-RG-WT-DW,2694,37.865943775000005,4039,104097,38.64031180400891,True
clustered-n250-d25-r004,2300723729,clustered,250,25,25.0,4,dominating,0.0001,none,radio,MS-RG-WT-DW,207,0.32546963799995865,172,4073,19.67632850241546,True
clustered-n250-d25-r004,2300723729,clustered,250,25,25.0,4,connected,0.0001,none,radio,MS-RG-WT-DW,851,2.5027062850001585,789,25414,29.863689776733256,True
clustered-n250-d25-r003,1581037992,clustered,250,25,25.0,3,dominating,0.0001,none,radio,MS-RG-WT-DW,178,0.17122499500010235,197,3639,20.4438202247191,True
clustered-n250-d25-r003,1581037992,clustered,250,25,25.0,3,connected,0.0001,none,radio,MS-RG-WT-DW,1253,4.309282047999886,1421,37784,30.154828411811653,True
clustered-n250-d25-r005,3666884746,clustered,250,25,25.0,5,dominating,0.0001,none,radio,MS-RG-WT-DW,225,0.3096406140000454,181,4233,18.813333333333333,True
clustered-n250-d25-r005,3666884746,clustered,250,25,25.0,5,connected,0.0001,none,radio,MS-RG-WT-DW,685,2.78371082700005,575,19355,28.255474452554743,True
clustered-n250-d25-r006,2916005485,clustered,250,25,25.0,6,dominating,0.0001,none,radio,MS-RG-WT-DW,176,0.1731127650000417,178,3176,18.045454545454547,True
clustered-n250-d25-r006,2916005485,clustered,250,25,25.0,6,connected,0.0001,none,radio,MS-RG-WT-DW,651,2.4992470709998997,511,17187,26.400921658986174,True
clustered-n250-d25-r009,2404834683,clustered,250,25,25.0,9,dominating,0.0001,none,radio,MS-RG-WT-DW,125,0.1601813250001669,103,2438,19.504,True
clustered-n250-d25-r009,2404834683,clustered,250,25,25.0,9,connected,0.0001,none,radio,MS-RG-WT-DW,628,2.023146671999939,575,19433,30.944267515923567,True
clustered-n250-d25-r008,159855347,clustered,250,25,25.0,8,dominating,0.0001,none,radio,MS-RG-WT-DW,250,0.34078810399978465,188,4821,19.284,True
clustered-n250-d25-r008,159855347,clustered,250,25,25.0,8,connected,0.0001,none,radio,MS-RG-WT-DW,1209,3.080530938000038,1203,37344,30.88833746898263,True
clustered-n250-d25-r007,1736138524,clustered,250,25,25.0,7,dominating,0.0001,none,radio,MS-RG-WT-DW,320,0.4054230809999808,230,6060,18.9375,True
clustered-n250-d25-r007,1736138524,clustered,250,25,25.0,7,connected,0.0001,none,radio,MS-RG-WT-DW,1317,3.7893869869999435,1239,35890,27.251328777524677,True
clustered-n250-d35-r003,852020557,clustered,250,35,35.0,3,dominating,0.0001,none,radio,MS-RG-WT-DW,184,0.30446370699996805,95,2855,15.516304347826088,True
clustered-n250-d35-r003,852020557,clustered,250,35,35.0,3,connected,0.0001,none,radio,MS-RG-WT-DW,584,3.2404270730000917,414,13367,22.888698630136986,True
clustered-n250-d35-r000,1472846008,clustered,250,35,35.0,0,dominating,0.0001,none,radio,MS-RG-WT-DW,424,0.42482905900010337,215,6361,15.002358490566039,True
clustered-n250-d35-r000,1472846008,clustered,250,35,35.0,0,connected,0.0001,none,radio,MS-RG-WT-DW,1059,4.861872065999933,770,22098,20.86685552407932,True
clustered-n250-d35-r001,888851908,clustered,250,35,35.0,1,dominating,0.0001,none,radio,MS-RG-WT-DW,332,0.419258635999995,215,4727,14.237951807228916,True
clustered-n250-d35-r001,888851908,clustered,250,35,35.0,1,connected,0.0001,none,radio,MS-RG-WT-DW,1000,4.155621897999936,626,20260,20.26,True
clustered-n250-d35-r002,1675884169,clustered,250,35,35.0,2,dominating,0.0001,none,radio,MS-RG-WT-DW,353,0.41398793499979547,221,5190,14.702549575070822,True
clustered-n250-d35-r002,1675884169,clustered,250,35,35.0,2,connected,0.0001,none,radio,MS-RG-WT-DW,1372,5.22357169299994,1009,30241,22.041545189504372,True
clustered-n250-d35-r006,427284198,clustered,250,35,35.0,6,dominating,0.0001,none,radio,MS-RG-WT-DW,60,0.1123277029998917,21,891,14.85,True
clustered-n250-d35-r006,427284198,clustered,250,35,35.0,6,connected,0.0001,none,radio,MS-RG-WT-DW,218,1.7349634089998744,144,5023,23.041284403669724,True
clustered-n250-d35-r007,2365037119,clustered,250,35,35.0,7,dominating,0.0001,none,radio,MS-RG-WT-DW,323,0.3795136779999666,275,4812,14.897832817337461,True
clustered-n250-d35-r007,2365037119,clustered,250,35,35.0,7,connected,0.0001,none,radio,MS-RG-WT-DW,1301,5.250631768000176,927,27572,21.19292851652575,True
clustered-n250-d35-r005,1942332477,clustered,250,35,35.0,5,dominating,0.0001,none,radio,MS-RG-WT-DW,275,0.27282506799997464,127,3948,14.356363636363636,True
clustered-n250-d35-r005,1942332477,clustered,250,35,35.0,5,connected,0.0001,none,radio,MS-RG-WT-DW,1207,6.880206776000023,947,25634,21.23777961888981,True
clustered-n250-d35-r008,1219554507,clustered,250,35,35.0,8,dominating,0.0001,none,radio,MS-RG-WT-DW,187,0.2803456020001249,104,2941,15.727272727272727,True
clustered-n250-d35-r008,1219554507,clustered,250,35,35.0,8,connected,0.0001,none,radio,MS-RG-WT-DW,1590,6.111293259000149,1135,33064,20.79496855345912,True
clustered-n250-d35-r004,765266854,clustered,250,35,35.0,4,dominating,0.0001,none,radio,MS-RG-WT-DW,256,0.24840025499997864,131,4183,16.33984375,True
clustered-n250-d35-r004,765266854,clustered,250,35,35.0,4,connected,0.0001,none,radio,MS-RG-WT-DW,1931,8.30401744400001,1680,44478,23.03366131538063,True
clustered-n500-d15-r000,3439625210,clustered,500,15,15.0,0,dominating,0.0001,none,radio,MS-RG-WT-DW,78,0.49150996000003033,55,4761,61.03846153846154,True
clustered-n500-d15-r000,3439625210,clustered,500,15,15.0,0,connected,0.0001,none,radio,MS-RG-WT-DW,219,3.8099974680001196,485,23205,105.95890410958904,True
clustered-n500-d15-r001,3300777157,clustered,500,15,15.0,1,dominating,0.0001,none,radio,MS-RG-WT-DW,87,0.5322731979999844,201,5123,58.88505747126437,True
clustered-n500-d15-r001,3300777157,clustered,500,15,15.0,1,connected,0.0001,none,radio,MS-RG-WT-DW,131,3.2187494199999946,188,11783,89.94656488549619,True
clustered-n250-d35-r009,2041198239,clustered,250,35,35.0,9,dominating,0.0001,none,radio,MS-RG-WT-DW,256,0.34407404799981123,137,3713,14.50390625,True
clustered-n250-d35-r009,2041198239,clustered,250,35,35.0,9,connected,0.0001,none,radio,MS-RG-WT-DW,1458,5.9448091040001145,1035,30287,20.772976680384087,True
clustered-n500-d15-r002,4108131617,clustered,500,15,15.0,2,dominating,0.0001,none,radio,MS-RG-WT-DW,47,0.42786209899986716,0,3055,65.0,True
clustered-n500-d15-r002,4108131617,clustered,500,15,15.0,2,connected,0.0001,none,radio,MS-RG-WT-DW,139,4.398230898999827,226,13367,96.16546762589928,True
clustered-n500-d15-r005,1754972411,clustered,500,15,15.0,5,dominating,0.0001,none,radio,MS-RG-WT-DW,75,0.45288262299982307,143,4359,58.12,True
clustered-n500-d15-r005,1754972411,clustered,500,15,15.0,5,connected,0.0001,none,radio,MS-RG-WT-DW,152,3.3591071459998147,189,14342,94.35526315789474,True
clustered-n500-d15-r003,1281010748,clustered,500,15,15.0,3,dominating,0.0001,none,radio,MS-RG-WT-DW,63,0.4869367300000249,101,3661,58.111111111111114,True
clustered-n500-d15-r003,1281010748,clustered,500,15,15.0,3,connected,0.0001,none,radio,MS-RG-WT-DW,121,3.150681645000077,177,11444,94.57851239669421,True
clustered-n500-d15-r007,1412233428,clustered,500,15,15.0,7,dominating,0.0001,none,radio,MS-RG-WT-DW,37,0.327275439999994,0,2109,57.0,True
clustered-n500-d15-r007,1412233428,clustered,500,15,15.0,7,connected,0.0001,none,radio,MS-RG-WT-DW,128,2.9183705180000743,173,11928,93.1875,True
clustered-n500-d15-r004,1851455971,clustered,500,15,15.0,4,dominating,0.0001,none,radio,MS-RG-WT-DW,65,0.4203294440001173,75,3886,59.784615384615385,True
clustered-n500-d15-r004,1851455971,clustered,500,15,15.0,4,connected,0.0001,none,radio,MS-RG-WT-DW,248,5.606048197999826,459,24206,97.60483870967742,True
clustered-n500-d15-r006,3185589060,clustered,500,15,15.0,6,dominating,0.0001,none,radio,MS-RG-WT-DW,63,0.42146254900012536,83,3753,59.57142857142857,True
clustered-n500-d15-r006,3185589060,clustered,500,15,15.0,6,connected,0.0001,none,radio,MS-RG-WT-DW,204,4.617722875000027,409,19132,93.7843137254902,True
clustered-n500-d15-r008,671151909,clustered,500,15,15.0,8,dominating,0.0001,none,radio,MS-RG-WT-DW,42,0.3060699150000801,0,2394,57.0,True
clustered-n500-d15-r008,671151909,clustered,500,15,15.0,8,connected,0.0001,none,radio,MS-RG-WT-DW,153,3.19847823300006,201,13566,88.66666666666667,True
clustered-n500-d25-r000,1655465466,clustered,500,25,25.0,0,dominating,0.0001,none,radio,MS-RG-WT-DW,200,0.8425743769998917,280,7932,39.66,True
clustered-n500-d25-r000,1655465466,clustered,500,25,25.0,0,connected,0.0001,none,radio,MS-RG-WT-DW,401,7.308968261000018,558,23870,59.52618453865337,True
clustered-n500-d15-r009,1757860577,clustered,500,15,15.0,9,dominating,0.0001,none,radio,MS-RG-WT-DW,54,0.5776736150000943,80,3075,56.94444444444444,True
clustered-n500-d15-r009,1757860577,clustered,500,15,15.0,9,connected,0.0001,none,radio,MS-RG-WT-DW,244,5.804146397000068,392,21188,86.8360655737705,True
clustered-n500-d25-r001,123510752,clustered,500,25,25.0,1,dominating,0.0001,none,radio,MS-RG-WT-DW,66,0.42019708700013325,57,2781,42.13636363636363,True
clustered-n500-d25-r001,123510752,clustered,500,25,25.0,1,connected,0.0001,none,radio,MS-RG-WT-DW,329,10.043367274000047,557,21264,64.6322188449848,True
clustered-n500-d25-r002,4063431619,clustered,500,25,25.0,2,dominating,0.0001,none,radio,MS-RG-WT-DW,136,0.6473112999999557,164,5514,40.544117647058826,True
clustered-n500-d25-r002,4063431619,clustered,500,25,25.0,2,connected,0.0001,none,radio,MS-RG-WT-DW,423,9.532233965999922,722,25966,61.385342789598106,True
clustered-n500-d25-r003,3479131441,clustered,500,25,25.0,3,dominating,0.0001,none,radio,MS-RG-WT-DW,132,0.44639896400008183,157,5694,43.13636363636363,True
clustered-n500-d25-r003,3479131441,clustered,500,25,25.0,3,connected,0.0001,none,radio,MS-RG-WT-DW,287,7.910136724999802,397,16933,59.0,True
clustered-n500-d25-r004,3555807661,clustered,500,25,25.0,4,dominating,0.0001,none,radio,MS-RG-WT-DW,87,0.40739749199997277,53,3516,40.41379310344828,True
clustered-n500-d25-r004,3555807661,clustered,500,25,25.0,4,connected,0.0001,none,radio,MS-RG-WT-DW,321,8.403534494000041,471,18909,58.90654205607477,True
clustered-n500-d25-r005,1245154353,clustered,500,25,25.0,5,dominating,0.0001,none,radio,MS-RG-WT-DW,67,0.48274166400005925,98,2749,41.02985074626866,True
clustered-n500-d25-r005,1245154353,clustered,500,25,25.0,5,connected,0.0001,none,radio,MS-RG-WT-DW,234,8.271200699000019,294,14325,61.217948717948715,True
clustered-n500-d25-r006,563184812,clustered,500,25,25.0,6,dominating,0.0001,none,radio,MS-RG-WT-DW,88,0.42321200300011697,46,3344,38.0,True
clustered-n500-d25-r006,563184812,clustered,500,25,25.0,6,connected,0.0001,none,radio,MS-RG-WT-DW,235,7.822807555999816,276,12905,54.91489361702128,True
clustered-n500-d25-r007,3691427927,clustered,500,25,25.0,7,dominating,0.0001,none,radio,MS-RG-WT-DW,105,0.5813943230000405,108,4362,41.542857142857144,True
clustered-n500-d25-r007,3691427927,clustered,500,25,25.0,7,connected,0.0001,none,radio,MS-RG-WT-DW,372,10.113528764999955,582,21669,58.25,True
clustered-n500-d25-r008,3548412325,clustered,500,25,25.0,8,dominating,0.0001,none,radio,MS-RG-WT-DW,149,0.8612253690000671,144,6172,41.422818791946305,True
clustered-n500-d25-r008,3548412325,clustered,500,25,25.0,8,connected,0.0001,none,radio,MS-RG-WT-DW,327,8.742879279999897,518,20729,63.391437308868504,True
clustered-n500-d35-r000,749176328,clustered,500,35,35.0,0,dominating,0.0001,none,radio,MS-RG-WT-DW,153,0.6808600809999916,144,4408,28.81045751633987,True
clustered-n500-d35-r000,749176328,clustered,500,35,35.0,0,connected,0.0001,none,radio,MS-RG-WT-DW,303,9.918387228000029,338,14403,47.53465346534654,True
clustered-n500-d35-r003,1888698928,clustered,500,35,35.0,3,dominating,0.0001,none,radio,MS-RG-WT-DW,57,0.4259844950001934,38,1893,33.21052631578947,True
clustered-n500-d35-r003,1888698928,clustered,500,35,35.0,3,connected,0.0001,none,radio,MS-RG-WT-DW,172,6.465889354999945,224,10326,60.03488372093023,True
clustered-n500-d35-r001,1365118819,clustered,500,35,35.0,1,dominating,0.0001,none,radio,MS-RG-WT-DW,93,0.5910064600000169,32,2976,32.0,True
clustered-n500-d35-r001,1365118819,clustered,500,35,35.0,1,connected,0.0001,none,radio,MS-RG-WT-DW,374,12.723278140000048,425,16286,43.54545454545455,True
clustered-n500-d25-r009,3230197203,clustered,500,25,25.0,9,dominating,0.0001,none,radio,MS-RG-WT-DW,91,0.4442475050000212,64,3640,40.0,True
clustered-n500-d25-r009,3230197203,clustered,500,25,25.0,9,connected,0.0001,none,radio,MS-RG-WT-DW,1039,18.91696260399999,2275,67960,65.40904716073148,True
clustered-n500-d35-r002,373745711,clustered,500,35,35.0,2,dominating,0.0001,none,radio,MS-RG-WT-DW,85,0.5050527050000255,80,2589,30.458823529411763,True
clustered-n500-d35-r002,373745711,clustered,500,35,35.0,2,connected,0.0001,none,radio,MS-RG-WT-DW,540,15.814036645999977,665,25035,46.361111111111114,True
clustered-n500-d35-r006,3870462733,clustered,500,35,35.0,6,dominating,0.0001,none,radio,MS-RG-WT-DW,99,0.5297896390000005,88,3006,30.363636363636363,True
clustered-n500-d35-r006,3870462733,clustered,500,35,35.0,6,connected,0.0001,none,radio,MS-RG-WT-DW,340,10.111110275000101,426,16558,48.7,True
clustered-n500-d35-r004,2439737670,clustered,500,35,35.0,4,dominating,0.0001,none,radio,MS-RG-WT-DW,184,1.104964572999961,253,5920,32.17391304347826,True
clustered-n500-d35-r004,2439737670,clustered,500,35,35.0,4,connected,0.0001,none,radio,MS-RG-WT-DW,541,15.687458819000085,720,25526,47.182994454713494,True
clustered-n500-d35-r005,3388744707,clustered,500,35,35.0,5,dominating,0.0001,none,radio,MS-RG-WT-DW,151,0.5967586039998878,235,4817,31.90066225165563,True
clustered-n500-d35-r005,3388744707,clustered,500,35,35.0,5,connected,0.0001,none,radio,MS-RG-WT-DW,525,14.895567623000034,778,23847,45.42285714285714,True
er-n100-d15-r000,4032376860,er,100,15,14.5,0,dominating,0.0001,none,radio,MS-RG-WT-DW,90,0.0472552920000453,138,1278,14.2,True
er-n100-d15-r000,4032376860,er,100,15,14.5,0,connected,0.0001,none,radio,MS-RG-WT-DW,525,0.346676190999915,670,8444,16.083809523809524,True
clustered-n500-d35-r007,536962295,clustered,500,35,35.0,7,dominating,0.0001,none,radio,MS-RG-WT-DW,160,0.5547326949999842,166,5087,31.79375,True
clustered-n500-d35-r007,536962295,clustered,500,35,35.0,7,connected,0.0001,none,radio,MS-RG-WT-DW,515,10.901839275999919,659,23828,46.26796116504855,True
er-n100-d15-r001,29825659,er,100,15,14.3,1,dominating,0.0001,none,radio,MS-RG-WT-DW,132,0.05770469599997341,181,1693,12.825757575757576,True
er-n100-d15-r001,29825659,er,100,15,14.3,1,connected,0.0001,none,radio,MS-RG-WT-DW,524,0.3365362869999444,735,8361,15.956106870229007,True
er-n100-d15-r002,538498049,er,100,15,14.94,2,dominating,0.0001,none,radio,MS-RG-WT-DW,63,0.047842635000051814,120,750,11.904761904761905,True
er-n100-d15-r002,538498049,er,100,15,14.94,2,connected,0.0001,none,radio,MS-RG-WT-DW,291,0.3703770419999728,262,4079,14.017182130584192,True
er-n100-d15-r003,3004915207,er,100,15,15.78,3,dominating,0.0001,none,radio,MS-RG-WT-DW,76,0.04145401999994647,63,1011,13.302631578947368,True
er-n100-d15-r003,3004915207,er,100,15,15.78,3,connected,0.0001,none,radio,MS-RG-WT-DW,419,0.3996876560001965,367,5765,13.758949880668258,True
er-n100-d15-r004,252670285,er,100,15,15.38,4,dominating,0.0001,none,radio,MS-RG-WT-DW,94,0.0924590999998145,107,1278,13.595744680851064,True
er-n100-d15-r004,252670285,er,100,15,15.38,4,connected,0.0001,none,radio,MS-RG-WT-DW,411,0.3523555579999993,439,6174,15.021897810218977,True
er-n100-d15-r005,2376504378,er,100,15,15.32,5,dominating,0.0001,none,radio,MS-RG-WT-DW,150,0.12032321000015145,170,1722,11.48,True
er-n100-d15-r005,2376504378,er,100,15,15.32,5,connected,0.0001,none,radio,MS-RG-WT-DW,637,0.44149052099987784,855,9475,14.87441130298273,True
er-n100-d15-r006,4076588953,er,100,15,14.88,6,dominating,0.0001,none,radio,MS-RG-WT-DW,109,0.09004559599998174,130,1374,12.605504587155963,True
er-n100-d15-r006,4076588953,er,100,15,14.88,6,connected,0.0001,none,radio,MS-RG-WT-DW,459,0.35457061900001463,628,7098,15.4640522875817,True
er-n100-d15-r007,374698275,er,100,15,14.24,7,dominating,0.0001,none,radio,MS-RG-WT-DW,86,0.08132933799993225,120,1019,11.848837209302326,True
er-n100-d15-r007,374698275,er,100,15,14.24,7,connected,0.0001,none,radio,MS-RG-WT-DW,442,0.3902916600000026,471,6720,15.203619909502262,True
er-n100-d15-r008,2040443247,er,100,15,14.18,8,dominating,0.0001,none,radio,MS-RG-WT-DW,205,0.13193275799994808,208,2703,13.185365853658537,True
er-n100-d15-r008,2040443247,er,100,15,14.18,8,connected,0.0001,none,radio,MS-RG-WT-DW,442,0.4354904119998082,464,7086,16.031674208144796,True
er-n100-d15-r009,148552082,er,100,15,14.84,9,dominating,0.0001,none,radio,MS-RG-WT-DW,118,0.10791230799986806,134,1573,13.330508474576272,True
er-n100-d15-r009,148552082,er,100,15,14.84,9,connected,0.0001,none,radio,MS-RG-WT-DW,595,0.35083893299997726,651,9056,15.22016806722689,True
er-n100-d25-r000,2863803887,er,100,25,24.32,0,dominating,0.0001,none,radio,MS-RG-WT-DW,150,0.07220664999999826,104,1380,9.2,True
er-n100-d25-r000,2863803887,er,100,25,24.32,0,connected,0.0001,none,radio,MS-RG-WT-DW,861,0.5943289060001007,652,8765,10.180023228803716,True
er-n100-d25-r001,2817678465,er,100,25,24.26,1,dominating,0.0001,none,radio,MS-RG-WT-DW,216,0.13957653799980108,164,2116,9.796296296296296,True
er-n100-d25-r001,2817678465,er,100,25,24.26,1,connected,0.0001,none,radio,MS-RG-WT-DW,647,0.42206722099990657,417,6894,10.65533230293663,True
er-n100-d25-r003,4007232963,er,100,25,24.7,3,dominating,0.0001,none,radio,MS-RG-WT-DW,180,0.08619896499999413,106,1692,9.4,True
er-n100-d25-r003,4007232963,er,100,25,24.7,3,connected,0.0001,none,radio,MS-RG-WT-DW,798,0.7426948609997908,508,8243,10.329573934837093,True
er-n100-d25-r002,2196032667,er,100,25,25.62,2,dominating,0.0001,none,radio,MS-RG-WT-DW,278,0.2669446920001519,123,2239,8.053956834532373,True
er-n100-d25-r002,2196032667,er,100,25,25.62,2,connected,0.0001,none,radio,MS-RG-WT-DW,923,0.700794968000082,559,9395,10.178764897074757,True
er-n100-d25-r005,1856791276,er,100,25,24.34,5,dominating,0.0001,none,radio,MS-RG-WT-DW,154,0.05754701099999693,108,1376,8.935064935064934,True
er-n100-d25-r005,1856791276,er,100,25,24.34,5,connected,0.0001,none,radio,MS-RG-WT-DW,979,0.6415529139999308,795,10352,10.574055158324821,True
er-n100-d25-r004,3111215597,er,100,25,25.12,4,dominating,0.0001,none,radio,MS-RG-WT-DW,95,0.05455497299999479,66,837,8.810526315789474,True
er-n100-d25-r004,3111215597,er,100,25,25.12,4,connected,0.0001,none,radio,MS-RG-WT-DW,1012,0.7366343199998937,766,10240,10.118577075098814,True
er-n100-d25-r006,693220655,er,100,25,24.98,6,dominating,0.0001,none,radio,MS-RG-WT-DW,130,0.051733622000028845,129,1123,8.638461538461538,True
er-n100-d25-r006,693220655,er,100,25,24.98,6,connected,0.0001,none,radio,MS-RG-WT-DW,1046,0.6135549180000908,826,10768,10.294455066921605,True
er-n100-d25-r007,979826522,er,100,25,24.96,7,dominating,0.0001,none,radio,MS-RG-WT-DW,191,0.09752471100000548,143,1667,8.727748691099476,True
er-n100-d25-r007,979826522,er,100,25,24.96,7,connected,0.0001,none,radio,MS-RG-WT-DW,983,0.6668915499999457,749,10182,10.358087487283825,True
er-n100-d25-r008,716732758,er,100,25,26.46,8,dominating,0.0001,none,radio,MS-RG-WT-DW,207,0.09097526499999731,109,1652,7.980676328502415,True
er-n100-d25-r008,716732758,er,100,25,26.46,8,connected,0.0001,none,radio,MS-RG-WT-DW,1027,0.5514841359999991,808,9740,9.483933787731257,True
er-n100-d25-r009,3342358447,er,100,25,25.1,9,dominating,0.0001,none,radio,MS-RG-WT-DW,177,0.06332200299993929,131,1578,8.915254237288135,True
er-n100-d25-r009,3342358447,er,100,25,25.1,9,connected,0.0001,none,radio,MS-RG-WT-DW,1097,0.6690741110001,799,10838,9.879671832269826,True
er-n100-d35-r000,3034478676,er,100,35,35.0,0,dominating,0.0001,none,radio,MS-RG-WT-DW,242,0.08060641699989901,98,1574,6.5041322314049586,True
er-n100-d35-r000,3034478676,er,100,35,35.0,0,connected,0.0001,none,radio,MS-RG-WT-DW,1303,0.88617165200003,744,9863,7.56945510360706,True
er-n100-d35-r001,2478088554,er,100,35,34.16,1,dominating,0.0001,none,radio,MS-RG-WT-DW,135,0.04417027199997392,53,857,6.348148148148148,True
er-n100-d35-r001,2478088554,er,100,35,34.16,1,connected,0.0001,none,radio,MS-RG-WT-DW,1480,1.0792710380001154,776,11180,7.554054054054054,True
er-n100-d35-r002,527591459,er,100,35,35.42,2,dominating,0.0001,none,radio,MS-RG-WT-DW,178,0.05325249499992424,112,1318,7.404494382022472,True
er-n100-d35-r002,527591459,er,100,35,35.42,2,connected,0.0001,none,radio,MS-RG-WT-DW,1660,1.1310761920001369,802,12335,7.430722891566265,True
er-n100-d35-r003,1276569736,er,100,35,35.84,3,dominating,0.0001,none,radio,MS-RG-WT-DW,188,0.0631823839999015,89,1247,6.632978723404255,True
er-n100-d35-r003,1276569736,er,100,35,35.84,3,connected,0.0001,none,radio,MS-RG-WT-DW,1839,1.0334783359999165,902,13215,7.185970636215335,True
er-n100-d35-r004,1468180546,er,100,35,35.1,4,dominating,0.0001,none,radio,MS-RG-WT-DW,139,0.05201298199995108,67,999,7.18705035971223,True
er-n100-d35-r004,1468180546,er,100,35,35.1,4,connected,0.0001,none,radio,MS-RG-WT-DW,1263,0.8192283700000189,726,9694,7.675376088677751,True
er-n100-d35-r005,860850362,er,100,35,35.94,5,dominating,0.0001,none,radio,MS-RG-WT-DW,212,0.052413374000025215,81,1394,6.5754716981132075,True
er-n100-d35-r005,860850362,er,100,35,35.94,5,connected,0.0001,none,radio,MS-RG-WT-DW,1771,0.975086716000078,850,13044,7.365330321852061,True
er-n100-d35-r006,2782779193,er,100,35,35.54,6,dominating,0.0001,none,radio,MS-RG-WT-DW,187,0.05934682699989935,98,1372,7.336898395721925,True
er-n100-d35-r006,2782779193,er,100,35,35.54,6,connected,0.0001,none,radio,MS-RG-WT-DW,1725,1.1873409460001767,859,13261,7.687536231884058,True
er-n100-d35-r007,1489088902,er,100,35,35.78,7,dominating,0.0001,none,radio,MS-RG-WT-DW,425,0.10651720900000328,156,2818,6.630588235294118,True
er-n100-d35-r007,1489088902,er,100,35,35.78,7,connected,0.0001,none,radio,MS-RG-WT-DW,1371,0.8832445909999933,755,9861,7.192560175054704,True
er-n100-d35-r008,3216196277,er,100,35,35.56,8,dominating,0.0001,none,radio,MS-RG-WT-DW,297,0.10299955999994381,124,1945,6.548821548821548,True
er-n100-d35-r008,3216196277,er,100,35,35.56,8,connected,0.0001,none,radio,MS-RG-WT-DW,1804,1.0001682370000253,790,13020,7.21729490022173,True
er-n100-d35-r009,2228756526,er,100,35,34.62,9,dominating,0.0001,none,radio,MS-RG-WT-DW,179,0.07242814200003522,83,1176,6.569832402234637,True
er-n100-d35-r009,2228756526,er,100,35,34.62,9,connected,0.0001,none,radio,MS-RG-WT-DW,1668,1.1674814870000318,855,12511,7.500599520383693,True
er-n250-d15-r000,3749975202,er,250,15,14.968,0,dominating,0.0001,none,radio,MS-RG-WT-DW,65,0.2222628850001911,367,2096,32.246153846153845,True
er-n250-d15-r000,3749975202,er,250,15,14.968,0,connected,0.0001,none,radio,MS-RG-WT-DW,459,1.4224483170000894,1715,17788,38.75381263616558,True
er-n250-d15-r001,3479997060,er,250,15,14.992,1,dominating,0.0001,none,radio,MS-RG-WT-DW,52,0.2278639009998642,187,1614,31.03846153846154,True
er-n250-d15-r001,3479997060,er,250,15,14.992,1,connected,0.0001,none,radio,MS-RG-WT-DW,484,1.5610016959999484,1905,18773,38.78719008264463,True
clustered-n500-d35-r008,4042172260,clustered,500,35,35.0,8,dominating,0.0001,none,radio,MS-RG-WT-DW,142,0.570953088999886,135,4296,30.253521126760564,True
clustered-n500-d35-r008,4042172260,clustered,500,35,35.0,8,connected,0.0001,none,radio,MS-RG-WT-DW,765,19.47891840400007,1228,37479,48.9921568627451,True
er-n250-d15-r002,1648097993,er,250,15,14.728,2,dominating,0.0001,none,radio,MS-RG-WT-DW,57,0.4117188940001597,234,1867,32.75438596491228,True
er-n250-d15-r002,1648097993,er,250,15,14.728,2,connected,0.0001,none,radio,MS-RG-WT-DW,397,1.76583239699994,1757,15034,37.869017632241814,True
er-n250-d15-r003,2448766634,er,250,15,15.608,3,dominating,0.0001,none,radio,MS-RG-WT-DW,59,0.1729204739999659,257,1915,32.45762711864407,True
er-n250-d15-r003,2448766634,er,250,15,15.608,3,connected,0.0001,none,radio,MS-RG-WT-DW,477,1.6360486470000524,2047,17814,37.34591194968554,True
er-n250-d15-r005,3866037104,er,250,15,14.232,5,dominating,0.0001,none,radio,MS-RG-WT-DW,43,0.3270228680000855,247,1434,33.348837209302324,True
er-n250-d15-r005,3866037104,er,250,15,14.232,5,connected,0.0001,none,radio,MS-RG-WT-DW,412,1.2237793100000545,1715,16090,39.05339805825243,True
er-n250-d15-r004,3771938661,er,250,15,15.064,4,dominating,0.0001,none,radio,MS-RG-WT-DW,57,0.13715302499986137,256,1765,30.964912280701753,True
er-n250-d15-r004,3771938661,er,250,15,15.064,4,connected,0.0001,none,radio,MS-RG-WT-DW,496,1.8907308929999544,2020,19072,38.45161290322581,True
er-n250-d15-r006,755799070,er,250,15,15.104,6,dominating,0.0001,none,radio,MS-RG-WT-DW,40,0.223870437999949,263,1348,33.7,True
er-n250-d15-r006,755799070,er,250,15,15.104,6,connected,0.0001,none,radio,MS-RG-WT-DW,436,1.7370080489999964,2091,17243,39.54816513761468,True
clustered-n500-d35-r009,2014554508,clustered,500,35,35.0,9,dominating,0.0001,none,radio,MS-RG-WT-DW,210,0.7575826480001524,218,6477,30.84285714285714,True
clustered-n500-d35-r009,2014554508,clustered,500,35,35.0,9,connected,0.0001,none,radio,MS-RG-WT-DW,663,16.87527299300018,975,31561,47.60331825037707,True
er-n250-d15-r007,4243983778,er,250,15,14.464,7,dominating,0.0001,none,radio,MS-RG-WT-DW,51,0.25644128700014335,329,1745,34.21568627450981,True
er-n250-d15-r007,4243983778,er,250,15,14.464,7,connected,0.0001,none,radio,MS-RG-WT-DW,424,1.707047490999912,1862,16741,39.48349056603774,True
er-n250-d15-r009,2716166528,er,250,15,15.192,9,dominating,0.0001,none,radio,MS-RG-WT-DW,52,0.2848680009999498,267,1525,29.326923076923077,True
er-n250-d15-r009,2716166528,er,250,15,15.192,9,connected,0.0001,none,radio,MS-RG-WT-DW,427,1.8654272269998273,1607,16278,38.121779859484775,True
er-n250-d15-r008,2968394394,er,250,15,15.032,8,dominating,0.0001,none,radio,MS-RG-WT-DW,29,0.21428026600005978,203,979,33.758620689655174,True
er-n250-d15-r008,2968394394,er,250,15,15.032,8,connected,0.0001,none,radio,MS-RG-WT-DW,360,2.1289011740000205,1479,13721,38.11388888888889,True
er-n250-d25-r000,3654598235,er,250,25,24.736,0,dominating,0.0001,none,radio,MS-RG-WT-DW,162,0.39367744099990887,550,3964,24.469135802469136,True
er-n250-d25-r000,3654598235,er,250,25,24.736,0,connected,0.0001,none,radio,MS-RG-WT-DW,822,3.7566616920000797,2923,21703,26.402676399026763,True
er-n250-d25-r002,1747094818,er,250,25,24.592,2,dominating,0.0001,none,radio,MS-RG-WT-DW,134,0.38758249600005,399,2893,21.58955223880597,True
er-n250-d25-r002,1747094818,er,250,25,24.592,2,connected,0.0001,none,radio,MS-RG-WT-DW,545,1.8710272549999445,1379,14711,26.992660550458716,True
er-n250-d25-r001,2618862420,er,250,25,25.368,1,dominating,0.0001,none,radio,MS-RG-WT-DW,151,0.37675987400007216,402,3358,22.23841059602649,True
er-n250-d25-r001,2618862420,er,250,25,25.368,1,connected,0.0001,none,radio,MS-RG-WT-DW,825,4.019339375000072,3001,21201,25.69818181818182,True
er-n250-d25-r003,3006838879,er,250,25,25.112,3,dominating,0.0001,none,radio,MS-RG-WT-DW,101,0.37629500000002736,390,2287,22.643564356435643,True
er-n250-d25-r003,3006838879,er,250,25,25.112,3,connected,0.0001,none,radio,MS-RG-WT-DW,802,3.3698621440000807,3126,20886,26.042394014962593,True
er-n250-d25-r004,3628072145,er,250,25,25.344,4,dominating,0.0001,none,radio,MS-RG-WT-DW,135,0.302792984000007,429,2940,21.77777777777778,True
er-n250-d25-r004,3628072145,er,250,25,25.344,4,connected,0.0001,none,radio,MS-RG-WT-DW,752,2.8788651580000533,1894,19120,25.425531914893618,True
er-n250-d25-r005,2751476213,er,250,25,24.504,5,dominating,0.0001,none,radio,MS-RG-WT-DW,108,0.30269814999996925,537,2465,22.824074074074073,True
er-n250-d25-r005,2751476213,er,250,25,24.504,5,connected,0.0001,none,radio,MS-RG-WT-DW,819,3.3696990030000507,2694,21902,26.742368742368743,True
er-n250-d25-r006,4085902595,er,250,25,25.08,6,dominating,0.0001,none,radio,MS-RG-WT-DW,59,0.18650171100011903,178,1325,22.45762711864407,True
er-n250-d25-r006,4085902595,er,250,25,25.08,6,connected,0.0001,none,radio,MS-RG-WT-DW,713,2.75425028199993,2644,18960,26.59186535764376,True
er-n250-d25-r007,2487681963,er,250,25,24.896,7,dominating,0.0001,none,radio,MS-RG-WT-DW,175,0.4472802400000546,618,4297,24.554285714285715,True
er-n250-d25-r007,2487681963,er,250,25,24.896,7,connected,0.0001,none,radio,MS-RG-WT-DW,770,4.2222978900001635,3127,20476,26.59220779220779,True
er-n250-d25-r008,627502058,er,250,25,24.744,8,dominating,0.0001,none,radio,MS-RG-WT-DW,89,0.23337843900003463,184,2032,22.831460674157302,True
er-n250-d25-r008,627502058,er,250,25,24.744,8,connected,0.0001,none,radio,MS-RG-WT-DW,763,3.402952737000078,2469,20680,27.10353866317169,True
er-n250-d25-r009,3264211027,er,250,25,24.992,9,dominating,0.0001,none,radio,MS-RG-WT-DW,103,0.26531330799980424,308,2298,22.310679611650485,True
er-n250-d25-r009,3264211027,er,250,25,24.992,9,connected,0.0001,none,radio,MS-RG-WT-DW,800,3.3714429029998882,3049,21263,26.57875,True
er-n250-d35-r000,486982648,er,250,35,34.64,0,dominating,0.0001,none,radio,MS-RG-WT-DW,153,0.22498661000008724,280,2559,16.725490196078432,True
er-n250-d35-r000,486982648,er,250,35,34.64,0,connected,0.0001,none,radio,MS-RG-WT-DW,1128,6.095610024000052,3229,22935,20.33244680851064,True
er-n250-d35-r001,3443493571,er,250,35,35.12,1,dominating,0.0001,none,radio,MS-RG-WT-DW,148,0.23958986699994966,272,2560,17.2972972972973,True
er-n250-d35-r001,3443493571,er,250,35,35.12,1,connected,0.0001,none,radio,MS-RG-WT-DW,1022,4.300449351999987,2282,20460,20.019569471624266,True
er-n250-d35-r002,2677696394,er,250,35,34.688,2,dominating,0.0001,none,radio,MS-RG-WT-DW,121,0.237706616999958,289,2083,17.214876033057852,True
er-n250-d35-r002,2677696394,er,250,35,34.688,2,connected,0.0001,none,radio,MS-RG-WT-DW,1163,5.785450975999993,2946,22953,19.73602751504729,True
er-n250-d35-r003,3935489374,er,250,35,34.248,3,dominating,0.0001,none,radio,MS-RG-WT-DW,135,0.18377916000008554,267,2341,17.340740740740742,True
er-n250-d35-r003,3935489374,er,250,35,34.248,3,connected,0.0001,none,radio,MS-RG-WT-DW,1074,5.706215655999813,3113,21702,20.206703910614525,True
er-n250-d35-r005,415673949,er,250,35,35.192,5,dominating,0.0001,none,radio,MS-RG-WT-DW,129,0.2269065820000833,315,2266,17.565891472868216,True
er-n250-d35-r005,415673949,er,250,35,35.192,5,connected,0.0001,none,radio,MS-RG-WT-DW,1228,5.661793288000126,2906,24332,19.814332247557005,True
er-n250-d35-r004,456942207,er,250,35,35.52,4,dominating,0.0001,none,radio,MS-RG-WT-DW,120,0.21380979299988212,310,2148,17.9,True
er-n250-d35-r004,456942207,er,250,35,35.52,4,connected,0.0001,none,radio,MS-RG-WT-DW,1220,6.3801916750001055,3300,24026,19.69344262295082,True
er-n250-d35-r006,193020564,er,250,35,34.84,6,dominating,0.0001,none,radio,MS-RG-WT-DW,163,0.3366260370000873,406,3022,18.539877300613497,True
er-n250-d35-r006,193020564,er,250,35,34.84,6,connected,0.0001,none,radio,MS-RG-WT-DW,1135,5.723589052000079,2997,22723,20.020264317180615,True
er-n250-d35-r007,3830624493,er,250,35,34.68,7,dominating,0.0001,none,radio,MS-RG-WT-DW,172,0.23041076800018345,351,3076,17.88372093023256,True
er-n250-d35-r007,3830624493,er,250,35,34.68,7,connected,0.0001,none,radio,MS-RG-WT-DW,1134,5.537586180999824,2837,22772,20.081128747795415,True
er-n250-d35-r009,1531552853,er,250,35,34.872,9,dominating,0.0001,none,radio,MS-RG-WT-DW,133,0.16814780999993673,327,2375,17.857142857142858,True
er-n250-d35-r009,1531552853,er,250,35,34.872,9,connected,0.0001,none,radio,MS-RG-WT-DW,1110,5.971729402999927,3059,22831,20.568468468468467,True
er-n250-d35-r008,2313661727,er,250,35,34.68,8,dominating,0.0001,none,radio,MS-RG-WT-DW,155,0.37395695500003967,411,2851,18.393548387096775,True
er-n250-d35-r008,2313661727,er,250,35,34.68,8,connected,0.0001,none,radio,MS-RG-WT-DW,1131,6.597777798999914,3249,23091,20.416445623342174,True
er-n500-d15-r001,103069242,er,500,15,14.836,1,dominating,0.0001,none,radio,MS-RG-WT-DW,35,0.8333103840000149,533,2380,68.0,True
er-n500-d15-r001,103069242,er,500,15,14.836,1,connected,0.0001,none,radio,MS-RG-WT-DW,333,7.429742963000081,2783,25019,75.13213213213213,True
er-n500-d15-r000,1462287609,er,500,15,15.004,0,dominating,0.0001,none,radio,MS-RG-WT-DW,36,0.8711030969998319,447,2259,62.75,True
er-n500-d15-r000,1462287609,er,500,15,15.004,0,connected,0.0001,none,radio,MS-RG-WT-DW,310,8.978587082000104,2730,23702,76.45806451612903,True
er-n500-d15-r003,2256642337,er,500,15,14.868,3,dominating,0.0001,none,radio,MS-RG-WT-DW,26,0.8074658750001618,434,1805,69.42307692307692,True
er-n500-d15-r003,2256642337,er,500,15,14.868,3,connected,0.0001,none,radio,MS-RG-WT-DW,406,9.074776429999929,4562,30976,76.29556650246306,True
er-n500-d15-r002,1154319814,er,500,15,15.088,2,dominating,0.0001,none,radio,MS-RG-WT-DW,26,0.6034261329998571,411,1636,62.92307692307692,True
er-n500-d15-r002,1154319814,er,500,15,15.088,2,connected,0.0001,none,radio,MS-RG-WT-DW,410,9.926351318999878,4701,31284,76.30243902439024,True
er-n500-d15-r004,3319623015,er,500,15,15.052,4,dominating,0.0001,none,radio,MS-RG-WT-DW,36,0.8640812400001323,805,2372,65.88888888888889,True
er-n500-d15-r004,3319623015,er,500,15,15.052,4,connected,0.0001,none,radio,MS-RG-WT-DW,231,6.51308179800003,1363,17074,73.91341991341992,True
er-n500-d15-r005,95482466,er,500,15,15.272,5,dominating,0.0001,none,radio,MS-RG-WT-DW,36,1.1674942600000122,737,2331,64.75,True
er-n500-d15-r005,95482466,er,500,15,15.272,5,connected,0.0001,none,radio,MS-RG-WT-DW,449,11.567807772999913,4982,34141,76.03786191536749,True
er-n500-d15-r006,1087312307,er,500,15,15.108,6,dominating,0.0001,none,radio,MS-RG-WT-DW,14,0.5597297930000877,214,950,67.85714285714286,True
er-n500-d15-r006,1087312307,er,500,15,15.108,6,connected,0.0001,none,radio,MS-RG-WT-DW,363,8.403695184999833,2617,27445,75.60606060606061,True
er-n500-d15-r007,2429784061,er,500,15,14.872,7,dominating,0.0001,none,radio,MS-RG-WT-DW,28,0.5992862009998134,344,1890,67.5,True
er-n500-d15-r007,2429784061,er,500,15,14.872,7,connected,0.0001,none,radio,MS-RG-WT-DW,322,11.881247562999988,2793,24972,77.5527950310559,True
er-n500-d15-r008,2239060136,er,500,15,15.408,8,dominating,0.0001,none,radio,MS-RG-WT-DW,32,0.9326101669998934,594,2125,66.40625,True
er-n500-d15-r008,2239060136,er,500,15,15.408,8,connected,0.0001,none,radio,MS-RG-WT-DW,467,11.341289680000045,4501,34690,74.28265524625267,True
er-n500-d15-r009,2920976754,er,500,15,14.84,9,dominating,0.0001,none,radio,MS-RG-WT-DW,11,0.5947088499999609,198,811,73.72727272727273,True
er-n500-d15-r009,2920976754,er,500,15,14.84,9,connected,0.0001,none,radio,MS-RG-WT-DW,327,10.542647252999814,3371,25442,77.80428134556576,True
er-n500-d25-r000,376041496,er,500,25,24.82,0,dominating,0.0001,none,radio,MS-RG-WT-DW,83,0.47115704099996947,424,3992,48.096385542168676,True
er-n500-d25-r000,376041496,er,500,25,24.82,0,connected,0.0001,none,radio,MS-RG-WT-DW,805,20.337788976999946,8266,42382,52.648447204968946,True
er-n500-d25-r001,1758943589,er,500,25,24.776,1,dominating,0.0001,none,radio,MS-RG-WT-DW,62,0.7227467479999632,387,2893,46.66129032258065,True
er-n500-d25-r001,1758943589,er,500,25,24.776,1,connected,0.0001,none,radio,MS-RG-WT-DW,740,17.253312921000088,5633,39247,53.03648648648649,True
er-n500-d25-r002,2091667975,er,500,25,25.42,2,dominating,0.0001,none,radio,MS-RG-WT-DW,88,1.1333743300001515,714,3962,45.02272727272727,True
er-n500-d25-r002,2091667975,er,500,25,25.42,2,connected,0.0001,none,radio,MS-RG-WT-DW,847,20.295736597000086,7503,43787,51.696576151121604,True
er-n500-d25-r003,3758343569,er,500,25,24.472,3,dominating,0.0001,none,radio,MS-RG-WT-DW,55,0.8880823879999298,397,2556,46.472727272727276,True
er-n500-d25-r003,3758343569,er,500,25,24.472,3,connected,0.0001,none,radio,MS-RG-WT-DW,736,19.335059541999954,7607,39163,53.21059782608695,True
er-n500-d25-r004,3315641003,er,500,25,25.472,4,dominating,0.0001,none,radio,MS-RG-WT-DW,60,0.599097742999902,539,2693,44.88333333333333,True
er-n500-d25-r004,3315641003,er,500,25,25.472,4,connected,0.0001,none,radio,MS-RG-WT-DW,739,19.664984370000184,7165,38910,52.65223274695534,True
er-n500-d25-r005,2877199731,er,500,25,25.552,5,dominating,0.0001,none,radio,MS-RG-WT-DW,88,0.46039862700013146,552,3599,40.89772727272727,True
er-n500-d25-r005,2877199731,er,500,25,25.552,5,connected,0.0001,none,radio,MS-RG-WT-DW,816,20.77554842199993,8264,41976,51.44117647058823,True
er-n500-d25-r006,2550006413,er,500,25,24.676,6,dominating,0.0001,none,radio,MS-RG-WT-DW,54,0.5143317879999358,468,2357,43.648148148148145,True
er-n500-d25-r006,2550006413,er,500,25,24.676,6,connected,0.0001,none,radio,MS-RG-WT-DW,779,18.25956429100006,7798,41297,53.012836970474964,True
er-n500-d25-r007,1946619113,er,500,25,25.032,7,dominating,0.0001,none,radio,MS-RG-WT-DW,70,0.532647384000029,612,3509,50.128571428571426,True
er-n500-d25-r007,1946619113,er,500,25,25.032,7,connected,0.0001,none,radio,MS-RG-WT-DW,825,18.615470353999854,7615,42618,51.658181818181816,True
er-n500-d25-r008,308378769,er,500,25,25.336,8,dominating,0.0001,none,radio,MS-RG-WT-DW,66,0.6116586860000552,553,2887,43.74242424242424,True
er-n500-d25-r008,308378769,er,500,25,25.336,8,connected,0.0001,none,radio,MS-RG-WT-DW,775,21.58796075700002,8204,39883,51.46193548387097,True
er-n500-d25-r009,2714488830,er,500,25,25.1,9,dominating,0.0001,none,radio,MS-RG-WT-DW,61,0.657118076000188,588,2762,45.278688524590166,True
er-n500-d25-r009,2714488830,er,500,25,25.1,9,connected,0.0001,none,radio,MS-RG-WT-DW,875,19.511944545999995,8432,45203,51.66057142857143,True
er-n500-d35-r000,510401370,er,500,35,35.0,0,dominating,0.0001,none,radio,MS-RG-WT-DW,140,1.1125467780000236,734,5259,37.56428571428572,True
er-n500-d35-r000,510401370,er,500,35,35.0,0,connected,0.0001,none,radio,MS-RG-WT-DW,1090,29.169515234999835,7433,43866,40.24403669724771,True
er-n500-d35-r001,731788468,er,500,35,34.972,1,dominating,0.0001,none,radio,MS-RG-WT-DW,111,0.8748536140001306,743,3920,35.31531531531532,True
er-n500-d35-r001,731788468,er,500,35,34.972,1,connected,0.0001,none,radio,MS-RG-WT-DW,996,31.191064444999938,7629,40302,40.463855421686745,True
er-n500-d35-r003,736962459,er,500,35,34.8,3,dominating,0.0001,none,radio,MS-RG-WT-DW,93,0.5789374780001708,470,3520,37.8494623655914,True
er-n500-d35-r003,736962459,er,500,35,34.8,3,connected,0.0001,none,radio,MS-RG-WT-DW,994,26.194542801999887,7221,39559,39.79778672032193,True
er-n500-d35-r002,4119399280,er,500,35,34.968,2,dominating,0.0001,none,radio,MS-RG-WT-DW,122,0.6952069740000297,831,4293,35.18852459016394,True
er-n500-d35-r002,4119399280,er,500,35,34.968,2,connected,0.0001,none,radio,MS-RG-WT-DW,1012,30.25365170500004,8061,40189,39.712450592885375,True
er-n500-d35-r004,2055636683,er,500,35,35.036,4,dominating,0.0001,none,radio,MS-RG-WT-DW,142,0.7266052790000685,788,4865,34.26056338028169,True
er-n500-d35-r004,2055636683,er,500,35,35.036,4,connected,0.0001,none,radio,MS-RG-WT-DW,1016,25.294954324999935,7876,40905,40.26082677165354,True
er-n500-d35-r005,4114979167,er,500,35,35.512,5,dominating,0.0001,none,radio,MS-RG-WT-DW,102,0.842814535999878,601,3704,36.31372549019608,True
er-n500-d35-r005,4114979167,er,500,35,35.512,5,connected,0.0001,none,radio,MS-RG-WT-DW,1054,25.909718442999974,7063,41932,39.78368121442125,True
er-n500-d35-r007,2659944820,er,500,35,34.328,7,dominating,0.0001,none,radio,MS-RG-WT-DW,106,0.5402817950000554,633,3737,35.25471698113208,True
er-n500-d35-r007,2659944820,er,500,35,34.328,7,connected,0.0001,none,radio,MS-RG-WT-DW,1043,25.178028895999887,7356,43102,41.32502396931927,True
er-n500-d35-r006,4235443452,er,500,35,35.148,6,dominating,0.0001,none,radio,MS-RG-WT-DW,132,0.4534709600000042,828,4554,34.5,True
er-n500-d35-r006,4235443452,er,500,35,35.148,6,connected,0.0001,none,radio,MS-RG-WT-DW,1059,29.514170177000096,7852,42476,40.109537299338996,True
watts_strogatz-n100-d15-r000,3555420309,watts_strogatz,100,15,14.0,0,dominating,0.0001,none,radio,MS-RG-WT-DW,220,0.07125293200010674,135,2451,11.14090909090909,True
watts_strogatz-n100-d15-r000,3555420309,watts_strogatz,100,15,14.0,0,connected,0.0001,none,radio,MS-RG-WT-DW,923,0.4280724860000191,830,14980,16.229685807150595,True
watts_strogatz-n100-d15-r001,3791259689,watts_strogatz,100,15,14.0,1,dominating,0.0001,none,radio,MS-RG-WT-DW,289,0.11518176499998845,187,3036,10.505190311418685,True
watts_strogatz-n100-d15-r001,3791259689,watts_strogatz,100,15,14.0,1,connected,0.0001,none,radio,MS-RG-WT-DW,1105,0.6289641860000756,978,17810,16.11764705882353,True
watts_strogatz-n100-d15-r002,2458784468,watts_strogatz,100,15,14.0,2,dominating,0.0001,none,radio,MS-RG-WT-DW,318,0.09541375500020877,213,3337,10.4937106918239,True
watts_strogatz-n100-d15-r002,2458784468,watts_strogatz,100,15,14.0,2,connected,0.0001,none,radio,MS-RG-WT-DW,1042,0.4460985599998821,942,16817,16.13915547024952,True
watts_strogatz-n100-d15-r004,2609317337,watts_strogatz,100,15,14.0,4,dominating,0.0001,none,radio,MS-RG-WT-DW,247,0.08926224700007879,168,2678,10.842105263157896,True
watts_strogatz-n100-d15-r004,2609317337,watts_strogatz,100,15,14.0,4,connected,0.0001,none,radio,MS-RG-WT-DW,846,0.37983653800006323,743,13277,15.69385342789598,True
watts_strogatz-n100-d15-r003,536251162,watts_strogatz,100,15,14.0,3,dominating,0.0001,none,radio,MS-RG-WT-DW,222,0.06599284300000363,125,2577,11.608108108108109,True
watts_strogatz-n100-d15-r003,536251162,watts_strogatz,100,15,14.0,3,connected,0.0001,none,radio,MS-RG-WT-DW,1015,0.6148381100001643,829,16270,16.029556650246306,True
watts_strogatz-n100-d15-r005,4114522209,watts_strogatz,100,15,14.0,5,dominating,0.0001,none,radio,MS-RG-WT-DW,296,0.09307733300011023,190,3162,10.682432432432432,True
watts_strogatz-n100-d15-r005,4114522209,watts_strogatz,100,15,14.0,5,connected,0.0001,none,radio,MS-RG-WT-DW,1005,0.42391851000002134,870,16391,16.30945273631841,True
watts_strogatz-n100-d15-r006,2807454870,watts_strogatz,100,15,14.0,6,dominating,0.0001,none,radio,MS-RG-WT-DW,125,0.05994780599985461,98,1554,12.432,True
watts_strogatz-n100-d15-r006,2807454870,watts_strogatz,100,15,14.0,6,connected,0.0001,none,radio,MS-RG-WT-DW,847,0.3741729739999755,733,13565,16.01534828807556,True
watts_strogatz-n100-d15-r008,3099559206,watts_strogatz,100,15,14.0,8,dominating,0.0001,none,radio,MS-RG-WT-DW,269,0.08883073900005911,163,2786,10.356877323420074,True
watts_strogatz-n100-d15-r008,3099559206,watts_strogatz,100,15,14.0,8,connected,0.0001,none,radio,MS-RG-WT-DW,931,0.45647929400001885,746,15109,16.228786251342644,True
watts_strogatz-n100-d15-r007,2816497115,watts_strogatz,100,15,14.0,7,dominating,0.0001,none,radio,MS-RG-WT-DW,359,0.13744367300000704,171,3865,10.766016713091922,True
watts_strogatz-n100-d15-r007,2816497115,watts_strogatz,100,15,14.0,7,connected,0.0001,none,radio,MS-RG-WT-DW,1135,0.47587626800009275,898,18878,16.632599118942732,True
watts_strogatz-n100-d15-r009,1728972740,watts_strogatz,100,15,14.0,9,dominating,0.0001,none,radio,MS-RG-WT-DW,233,0.0824355160000323,143,2671,11.46351931330472,True
watts_strogatz-n100-d15-r009,1728972740,watts_strogatz,100,15,14.0,9,connected,0.0001,none,radio,MS-RG-WT-DW,906,0.5258760710000843,737,15003,16.55960264900662,True
watts_strogatz-n100-d25-r000,4106596252,watts_strogatz,100,25,24.0,0,dominating,0.0001,none,radio,MS-RG-WT-DW,373,0.09135925600003247,162,2578,6.911528150134048,True
watts_strogatz-n100-d25-r000,4106596252,watts_strogatz,100,25,24.0,0,connected,0.0001,none,radio,MS-RG-WT-DW,1571,0.8446677909998925,808,15470,9.847231063017187,True
watts_strogatz-n100-d25-r001,1169254936,watts_strogatz,100,25,24.0,1,dominating,0.0001,none,radio,MS-RG-WT-DW,365,0.1044781549999243,123,2781,7.619178082191781,True
watts_strogatz-n100-d25-r001,1169254936,watts_strogatz,100,25,24.0,1,connected,0.0001,none,radio,MS-RG-WT-DW,1340,0.7615958680000858,831,12705,9.48134328358209,True
watts_strogatz-n100-d25-r002,2658691640,watts_strogatz,100,25,24.0,2,dominating,0.0001,none,radio,MS-RG-WT-DW,221,0.08447362100014288,79,1645,7.4434389140271495,True
watts_strogatz-n100-d25-r002,2658691640,watts_strogatz,100,25,24.0,2,connected,0.0001,none,radio,MS-RG-WT-DW,1312,0.6707275969999955,644,12297,9.372713414634147,True
watts_strogatz-n100-d25-r003,3873608675,watts_strogatz,100,25,24.0,3,dominating,0.0001,none,radio,MS-RG-WT-DW,340,0.14119133000008333,192,2404,7.070588235294117,True
watts_strogatz-n100-d25-r003,3873608675,watts_strogatz,100,25,24.0,3,connected,0.0001,none,radio,MS-RG-WT-DW,1299,0.6169154270000945,730,12201,9.392609699769054,True
watts_strogatz-n100-d25-r004,2463190607,watts_strogatz,100,25,24.0,4,dominating,0.0001,none,radio,MS-RG-WT-DW,437,0.17438324299996566,181,3251,7.439359267734554,True
watts_strogatz-n100-d25-r004,2463190607,watts_strogatz,100,25,24.0,4,connected,0.0001,none,radio,MS-RG-WT-DW,1130,0.7506873380000343,698,10786,9.545132743362831,True
watts_strogatz-n100-d25-r005,3211631214,watts_strogatz,100,25,24.0,5,dominating,0.0001,none,radio,MS-RG-WT-DW,512,0.12021355100000619,212,3599,7.029296875,True
watts_strogatz-n100-d25-r005,3211631214,watts_strogatz,100,25,24.0,5,connected,0.0001,none,radio,MS-RG-WT-DW,1464,0.6779133749998891,753,14232,9.721311475409836,True
watts_strogatz-n100-d25-r006,2576930134,watts_strogatz,100,25,24.0,6,dominating,0.0001,none,radio,MS-RG-WT-DW,676,0.21536545999992995,249,4805,7.1079881656804735,True
watts_strogatz-n100-d25-r006,2576930134,watts_strogatz,100,25,24.0,6,connected,0.0001,none,radio,MS-RG-WT-DW,1293,0.869264178000094,762,12756,9.865429234338746,True
watts_strogatz-n100-d25-r007,2763679146,watts_strogatz,100,25,24.0,7,dominating,0.0001,none,radio,MS-RG-WT-DW,488,0.15457502799995382,183,3447,7.063524590163935,True
watts_strogatz-n100-d25-r007,2763679146,watts_strogatz,100,25,24.0,7,connected,0.0001,none,radio,MS-RG-WT-DW,1421,0.8147775039999487,768,13855,9.750175932441943,True
watts_strogatz-n100-d25-r008,1455505201,watts_strogatz,100,25,24.0,8,dominating,0.0001,none,radio,MS-RG-WT-DW,629,0.22883960400008618,287,4443,7.0635930047694755,True
watts_strogatz-n100-d25-r008,1455505201,watts_strogatz,100,25,24.0,8,connected,0.0001,none,radio,MS-RG-WT-DW,1364,0.919179184000086,726,13193,9.672287390029325,True
watts_strogatz-n100-d25-r009,2366501976,watts_strogatz,100,25,24.0,9,dominating,0.0001,none,radio,MS-RG-WT-DW,302,0.10652275400002509,97,2091,6.923841059602649,True
watts_strogatz-n100-d25-r009,2366501976,watts_strogatz,100,25,24.0,9,connected,0.0001,none,radio,MS-RG-WT-DW,1446,0.8187920399998347,809,13689,9.466804979253112,True
watts_strogatz-n100-d35-r000,2066461287,watts_strogatz,100,35,34.0,0,dominating,0.0001,none,radio,MS-RG-WT-DW,680,0.1756453479999891,236,3767,5.5397058823529415,True
watts_strogatz-n100-d35-r000,2066461287,watts_strogatz,100,35,34.0,0,connected,0.0001,none,radio,MS-RG-WT-DW,1829,1.0254278090001208,689,13521,7.392564242755604,True
watts_strogatz-n100-d35-r001,2560037742,watts_strogatz,100,35,34.0,1,dominating,0.0001,none,radio,MS-RG-WT-DW,635,0.12971398099989528,169,3493,5.5007874015748035,True
watts_strogatz-n100-d35-r001,2560037742,watts_strogatz,100,35,34.0,1,connected,0.0001,none,radio,MS-RG-WT-DW,1770,1.0732314809999934,687,12663,7.154237288135593,True
watts_strogatz-n100-d35-r003,3214089929,watts_strogatz,100,35,34.0,3,dominating,0.0001,none,radio,MS-RG-WT-DW,614,0.15575115300021025,176,3349,5.454397394136808,True
watts_strogatz-n100-d35-r003,3214089929,watts_strogatz,100,35,34.0,3,connected,0.0001,none,radio,MS-RG-WT-DW,1539,1.1816442969998207,671,10932,7.103313840155946,True
er-n500-d35-r008,401347521,er,500,35,35.08,8,dominating,0.0001,none,radio,MS-RG-WT-DW,141,0.7185987289999503,583,5070,35.95744680851064,True
er-n500-d35-r008,401347521,er,500,35,35.08,8,connected,0.0001,none,radio,MS-RG-WT-DW,980,28.340915292999853,7227,39253,40.05408163265306,True
watts_strogatz-n100-d35-r002,685485651,watts_strogatz,100,35,34.0,2,dominating,0.0001,none,radio,MS-RG-WT-DW,1006,0.2386898370000381,390,5521,5.48807157057654,True
watts_strogatz-n100-d35-r002,685485651,watts_strogatz,100,35,34.0,2,connected,0.0001,none,radio,MS-RG-WT-DW,1798,1.2684898469999553,751,13128,7.301446051167964,True
watts_strogatz-n100-d35-r006,2113897281,watts_strogatz,100,35,34.0,6,dominating,0.0001,none,radio,MS-RG-WT-DW,597,0.15437029500003518,217,3242,5.430485762144054,True
watts_strogatz-n100-d35-r006,2113897281,watts_strogatz,100,35,34.0,6,connected,0.0001,none,radio,MS-RG-WT-DW,1582,0.974783023999862,675,11603,7.334386852085967,True
watts_strogatz-n100-d35-r004,1875474324,watts_strogatz,100,35,34.0,4,dominating,0.0001,none,radio,MS-RG-WT-DW,708,0.1650065829999221,204,3954,5.584745762711864,True
watts_strogatz-n100-d35-r004,1875474324,watts_strogatz,100,35,34.0,4,connected,0.0001,none,radio,MS-RG-WT-DW,1794,1.1057106220000605,724,12911,7.196767001114827,True
watts_strogatz-n100-d35-r005,3992659382,watts_strogatz,100,35,34.0,5,dominating,0.0001,none,radio,MS-RG-WT-DW,823,0.23650688199995784,259,4633,5.629404617253949,True
watts_strogatz-n100-d35-r005,3992659382,watts_strogatz,100,35,34.0,5,connected,0.0001,none,radio,MS-RG-WT-DW,1877,1.1673455620000368,738,13548,7.217900905700586,True
watts_strogatz-n100-d35-r007,3731995840,watts_strogatz,100,35,34.0,7,dominating,0.0001,none,radio,MS-RG-WT-DW,601,0.18194175999997242,186,3435,5.715474209650583,True
watts_strogatz-n100-d35-r007,3731995840,watts_strogatz,100,35,34.0,7,connected,0.0001,none,radio,MS-RG-WT-DW,1647,1.0101879960000133,680,11617,7.053430479659988,True
watts_strogatz-n100-d35-r008,3851703215,watts_strogatz,100,35,34.0,8,dominating,0.0001,none,radio,MS-RG-WT-DW,578,0.1262355909998405,189,3207,5.548442906574395,True
watts_strogatz-n100-d35-r008,3851703215,watts_strogatz,100,35,34.0,8,connected,0.0001,none,radio,MS-RG-WT-DW,1678,1.1319220909999785,760,12198,7.269368295589988,True
watts_strogatz-n100-d35-r009,2352700449,watts_strogatz,100,35,34.0,9,dominating,0.0001,none,radio,MS-RG-WT-DW,724,0.22033969399990383,228,4153,5.736187845303867,True
watts_strogatz-n100-d35-r009,2352700449,watts_strogatz,100,35,34.0,9,connected,0.0001,none,radio,MS-RG-WT-DW,1751,1.0094186230001014,655,12562,7.1741861793260995,True
watts_strogatz-n250-d15-r001,1229434272,watts_strogatz,250,15,14.0,1,dominating,0.0001,none,radio,MS-RG-WT-DW,257,0.26552610099997764,322,6588,25.634241245136188,True
watts_strogatz-n250-d15-r001,1229434272,watts_strogatz,250,15,14.0,1,connected,0.0001,none,radio,MS-RG-WT-DW,875,1.987014396000177,2415,34746,39.709714285714284,True
watts_strogatz-n250-d15-r002,2953465278,watts_strogatz,250,15,14.0,2,dominating,0.0001,none,radio,MS-RG-WT-DW,332,0.41209761099980824,431,9488,28.57831325301205,True
watts_strogatz-n250-d15-r002,2953465278,watts_strogatz,250,15,14.0,2,connected,0.0001,none,radio,MS-RG-WT-DW,820,1.9824327609999273,3057,33478,40.826829268292684,True
watts_strogatz-n250-d15-r000,2999835785,watts_strogatz,250,15,14.0,0,dominating,0.0001,none,radio,MS-RG-WT-DW,224,0.23752469399983056,340,5732,25.589285714285715,True
watts_strogatz-n250-d15-r000,2999835785,watts_strogatz,250,15,14.0,0,connected,0.0001,none,radio,MS-RG-WT-DW,1044,2.5767472130000897,3351,41610,39.85632183908046,True
watts_strogatz-n250-d15-r003,1403260973,watts_strogatz,250,15,14.0,3,dominating,0.0001,none,radio,MS-RG-WT-DW,244,0.30623562599998877,445,6841,28.03688524590164,True
watts_strogatz-n250-d15-r003,1403260973,watts_strogatz,250,15,14.0,3,connected,0.0001,none,radio,MS-RG-WT-DW,812,2.279555377000179,2703,31753,39.104679802955665,True
er-n500-d35-r009,2192256622,er,500,35,34.672,9,dominating,0.0001,none,radio,MS-RG-WT-DW,128,1.0425931980000769,913,4623,36.1171875,True
er-n500-d35-r009,2192256622,er,500,35,34.672,9,connected,0.0001,none,radio,MS-RG-WT-DW,1055,28.342478569999912,8397,43155,40.90521327014218,True
watts_strogatz-n250-d15-r004,3968178101,watts_strogatz,250,15,14.0,4,dominating,0.0001,none,radio,MS-RG-WT-DW,234,0.26259538800013615,310,6066,25.923076923076923,True
watts_strogatz-n250-d15-r004,3968178101,watts_strogatz,250,15,14.0,4,connected,0.0001,none,radio,MS-RG-WT-DW,1010,2.2080039979998674,3246,40609,40.20693069306931,True
watts_strogatz-n250-d15-r005,3783699072,watts_strogatz,250,15,14.0,5,dominating,0.0001,none,radio,MS-RG-WT-DW,259,0.26900133899994216,373,6915,26.698841698841697,True
watts_strogatz-n250-d15-r005,3783699072,watts_strogatz,250,15,14.0,5,connected,0.0001,none,radio,MS-RG-WT-DW,1151,2.3738264850001087,3673,45704,39.708079930495224,True
watts_strogatz-n250-d15-r006,2516913686,watts_strogatz,250,15,14.0,6,dominating,0.0001,none,radio,MS-RG-WT-DW,198,0.24894178899990038,197,5796,29.272727272727273,True
watts_strogatz-n250-d15-r006,2516913686,watts_strogatz,250,15,14.0,6,connected,0.0001,none,radio,MS-RG-WT-DW,979,2.075009463000015,3298,39709,40.56077630234934,True
watts_strogatz-n250-d15-r007,176713782,watts_strogatz,250,15,14.0,7,dominating,0.0001,none,radio,MS-RG-WT-DW,174,0.18631400699996448,140,4575,26.29310344827586,True
watts_strogatz-n250-d15-r007,176713782,watts_strogatz,250,15,14.0,7,connected,0.0001,none,radio,MS-RG-WT-DW,960,2.1340886969999247,2947,38242,39.83541666666667,True
watts_strogatz-n250-d15-r008,3043733721,watts_strogatz,250,15,14.0,8,dominating,0.0001,none,radio,MS-RG-WT-DW,263,0.3055043609999757,317,6821,25.935361216730037,True
watts_strogatz-n250-d15-r008,3043733721,watts_strogatz,250,15,14.0,8,connected,0.0001,none,radio,MS-RG-WT-DW,992,2.0018524899999193,3036,39299,39.61592741935484,True
watts_strogatz-n250-d15-r009,3944131344,watts_strogatz,250,15,14.0,9,dominating,0.0001,none,radio,MS-RG-WT-DW,259,0.27446065699996325,297,6550,25.28957528957529,True
watts_strogatz-n250-d15-r009,3944131344,watts_strogatz,250,15,14.0,9,connected,0.0001,none,radio,MS-RG-WT-DW,865,2.239921847000005,3055,34274,39.623121387283234,True
watts_strogatz-n250-d25-r002,2897054359,watts_strogatz,250,25,24.0,2,dominating,0.0001,none,radio,MS-RG-WT-DW,471,0.39132969699994646,445,8376,17.78343949044586,True
watts_strogatz-n250-d25-r002,2897054359,watts_strogatz,250,25,24.0,2,connected,0.0001,none,radio,MS-RG-WT-DW,1541,3.542632309000055,2921,37053,24.044776119402986,True
watts_strogatz-n250-d25-r000,924124579,watts_strogatz,250,25,24.0,0,dominating,0.0001,none,radio,MS-RG-WT-DW,729,0.7163757599998917,974,12547,17.21124828532236,True
watts_strogatz-n250-d25-r000,924124579,watts_strogatz,250,25,24.0,0,connected,0.0001,none,radio,MS-RG-WT-DW,1640,3.8263602629999696,3049,39014,23.789024390243902,True
watts_strogatz-n250-d25-r001,3870549813,watts_strogatz,250,25,24.0,1,dominating,0.0001,none,radio,MS-RG-WT-DW,568,0.42810687399992275,485,9643,16.97711267605634,True
watts_strogatz-n250-d25-r001,3870549813,watts_strogatz,250,25,24.0,1,connected,0.0001,none,radio,MS-RG-WT-DW,1771,4.1784248110000135,3255,42517,24.007340485601354,True
watts_strogatz-n250-d25-r003,659555199,watts_strogatz,250,25,24.0,3,dominating,0.0001,none,radio,MS-RG-WT-DW,505,0.4241605360000449,453,9224,18.265346534653464,True
watts_strogatz-n250-d25-r003,659555199,watts_strogatz,250,25,24.0,3,connected,0.0001,none,radio,MS-RG-WT-DW,1592,3.827413240000169,3031,38652,24.27889447236181,True
watts_strogatz-n250-d25-r005,4007228158,watts_strogatz,250,25,24.0,5,dominating,0.0001,none,radio,MS-RG-WT-DW,353,0.2864077379999799,311,6495,18.39943342776204,True
watts_strogatz-n250-d25-r005,4007228158,watts_strogatz,250,25,24.0,5,connected,0.0001,none,radio,MS-RG-WT-DW,1412,4.88636702000008,2762,34518,24.446175637393768,True
watts_strogatz-n250-d25-r004,1906706173,watts_strogatz,250,25,24.0,4,dominating,0.0001,none,radio,MS-RG-WT-DW,751,0.503784246999885,941,13459,17.92143808255659,True
watts_strogatz-n250-d25-r004,1906706173,watts_strogatz,250,25,24.0,4,connected,0.0001,none,radio,MS-RG-WT-DW,1630,5.281068776000211,3192,39408,24.176687116564416,True
watts_strogatz-n250-d25-r006,2057475490,watts_strogatz,250,25,24.0,6,dominating,0.0001,none,radio,MS-RG-WT-DW,603,0.5870544849999533,563,10635,17.63681592039801,True
watts_strogatz-n250-d25-r006,2057475490,watts_strogatz,250,25,24.0,6,connected,0.0001,none,radio,MS-RG-WT-DW,1596,4.888715355999921,2784,38922,24.387218045112782,True
watts_strogatz-n250-d25-r007,3497638989,watts_strogatz,250,25,24.0,7,dominating,0.0001,none,radio,MS-RG-WT-DW,568,0.4758776820001458,472,10190,17.940140845070424,True
watts_strogatz-n250-d25-r007,3497638989,watts_strogatz,250,25,24.0,7,connected,0.0001,none,radio,MS-RG-WT-DW,1636,5.2108167399999274,3583,39544,24.17114914425428,True
watts_strogatz-n250-d25-r008,267527774,watts_strogatz,250,25,24.0,8,dominating,0.0001,none,radio,MS-RG-WT-DW,358,0.3023307470000418,320,6548,18.29050279329609,True
watts_strogatz-n250-d25-r008,267527774,watts_strogatz,250,25,24.0,8,connected,0.0001,none,radio,MS-RG-WT-DW,1411,4.123267622999947,2794,34348,24.34301913536499,True
watts_strogatz-n250-d25-r009,3557387809,watts_strogatz,250,25,24.0,9,dominating,0.0001,none,radio,MS-RG-WT-DW,535,0.3755312739999681,516,9361,17.497196261682245,True
watts_strogatz-n250-d25-r009,3557387809,watts_strogatz,250,25,24.0,9,connected,0.0001,none,radio,MS-RG-WT-DW,1621,4.531873397000027,3396,39727,24.507711289327574,True
watts_strogatz-n250-d35-r000,2850360410,watts_strogatz,250,35,34.0,0,dominating,0.0001,none,radio,MS-RG-WT-DW,731,0.513130431000036,560,10574,14.465116279069768,True
watts_strogatz-n250-d35-r000,2850360410,watts_strogatz,250,35,34.0,0,connected,0.0001,none,radio,MS-RG-WT-DW,1843,5.461304527000038,2525,32058,17.394465545306566,True
watts_strogatz-n250-d35-r001,1846632587,watts_strogatz,250,35,34.0,1,dominating,0.0001,none,radio,MS-RG-WT-DW,938,0.8778311629998825,857,13184,14.05543710021322,True
watts_strogatz-n250-d35-r001,1846632587,watts_strogatz,250,35,34.0,1,connected,0.0001,none,radio,MS-RG-WT-DW,1917,6.561463369000194,2679,34450,17.97078768909755,True
watts_strogatz-n250-d35-r002,4104377710,watts_strogatz,250,35,34.0,2,dominating,0.0001,none,radio,MS-RG-WT-DW,475,0.34603968900000837,401,6334,13.334736842105263,True
watts_strogatz-n250-d35-r002,4104377710,watts_strogatz,250,35,34.0,2,connected,0.0001,none,radio,MS-RG-WT-DW,2001,5.866532942000049,2751,35008,17.495252373813095,True
watts_strogatz-n250-d35-r003,206201916,watts_strogatz,250,35,34.0,3,dominating,0.0001,none,radio,MS-RG-WT-DW,769,0.5890932509998947,610,11187,14.54746423927178,True
watts_strogatz-n250-d35-r003,206201916,watts_strogatz,250,35,34.0,3,connected,0.0001,none,radio,MS-RG-WT-DW,1937,6.626126731999875,2978,33799,17.449148167268973,True
watts_strogatz-n250-d35-r004,1521881976,watts_strogatz,250,35,34.0,4,dominating,0.0001,none,radio,MS-RG-WT-DW,864,0.5808793900000637,666,11600,13.425925925925926,True
watts_strogatz-n250-d35-r004,1521881976,watts_strogatz,250,35,34.0,4,connected,0.0001,none,radio,MS-RG-WT-DW,1964,6.482743437999943,2623,34000,17.311608961303463,True
watts_strogatz-n250-d35-r005,2397509926,watts_strogatz,250,35,34.0,5,dominating,0.0001,none,radio,MS-RG-WT-DW,314,0.23718042799987415,238,4138,13.178343949044587,True
watts_strogatz-n250-d35-r005,2397509926,watts_strogatz,250,35,34.0,5,connected,0.0001,none,radio,MS-RG-WT-DW,2027,6.07308622100004,2746,34973,17.253576714356193,True
watts_strogatz-n250-d35-r006,2585789089,watts_strogatz,250,35,34.0,6,dominating,0.0001,none,radio,MS-RG-WT-DW,771,0.669757847000028,606,10271,13.321660181582361,True
watts_strogatz-n250-d35-r006,2585789089,watts_strogatz,250,35,34.0,6,connected,0.0001,none,radio,MS-RG-WT-DW,2131,6.663903097000002,2982,38405,18.02205537306429,True
watts_strogatz-n250-d35-r007,262891400,watts_strogatz,250,35,34.0,7,dominating,0.0001,none,radio,MS-RG-WT-DW,601,0.4690620809999473,461,8392,13.963394342762063,True
watts_strogatz-n250-d35-r007,262891400,watts_strogatz,250,35,34.0,7,connected,0.0001,none,radio,MS-RG-WT-DW,2035,5.921512611000026,2535,36059,17.71941031941032,True
watts_strogatz-n250-d35-r008,88531856,watts_strogatz,250,35,34.0,8,dominating,0.0001,none,radio,MS-RG-WT-DW,817,0.7093293679999988,669,10985,13.445532435740514,True
watts_strogatz-n250-d35-r008,88531856,watts_strogatz,250,35,34.0,8,connected,0.0001,none,radio,MS-RG-WT-DW,2075,6.824543339000002,2765,36142,17.417831325301204,True
watts_strogatz-n250-d35-r009,1414587070,watts_strogatz,250,35,34.0,9,dominating,0.0001,none,radio,MS-RG-WT-DW,880,0.6615674839999883,754,12496,14.2,True
watts_strogatz-n250-d35-r009,1414587070,watts_strogatz,250,35,34.0,9,connected,0.0001,none,radio,MS-RG-WT-DW,1904,6.184296919999952,2537,32947,17.304096638655462,True
watts_strogatz-n500-d15-r000,1501829591,watts_strogatz,500,15,14.0,0,dominating,0.0001,none,radio,MS-RG-WT-DW,232,0.7401784159999352,541,12563,54.150862068965516,True
watts_strogatz-n500-d15-r000,1501829591,watts_strogatz,500,15,14.0,0,connected,0.0001,none,radio,MS-RG-WT-DW,959,11.639693030999979,9186,76411,79.67778936392075,True
watts_strogatz-n500-d15-r001,1241911506,watts_strogatz,500,15,14.0,1,dominating,0.0001,none,radio,MS-RG-WT-DW,125,0.4359039329999632,218,6689,53.512,True
watts_strogatz-n500-d15-r001,1241911506,watts_strogatz,500,15,14.0,1,connected,0.0001,none,radio,MS-RG-WT-DW,908,11.37738127800003,7152,72023,79.3204845814978,True
watts_strogatz-n500-d15-r002,2136479374,watts_strogatz,500,15,14.0,2,dominating,0.0001,none,radio,MS-RG-WT-DW,270,0.9675889740001367,555,14179,52.51481481481481,True
watts_strogatz-n500-d15-r002,2136479374,watts_strogatz,500,15,14.0,2,connected,0.0001,none,radio,MS-RG-WT-DW,1100,13.391857449999861,10387,87231,79.30090909090909,True
watts_strogatz-n500-d15-r003,498431251,watts_strogatz,500,15,14.0,3,dominating,0.0001,none,radio,MS-RG-WT-DW,270,0.9711877360000472,603,14447,53.507407407407406,True
watts_strogatz-n500-d15-r003,498431251,watts_strogatz,500,15,14.0,3,connected,0.0001,none,radio,MS-RG-WT-DW,1062,14.138867250999965,10263,84716,79.77024482109228,True
watts_strogatz-n500-d15-r005,1211498095,watts_strogatz,500,15,14.0,5,dominating,0.0001,none,radio,MS-RG-WT-DW,161,0.7779616360001,384,8116,50.409937888198755,True
watts_strogatz-n500-d15-r005,1211498095,watts_strogatz,500,15,14.0,5,connected,0.0001,none,radio,MS-RG-WT-DW,1098,15.664908876000027,11893,88358,80.47176684881603,True
watts_strogatz-n500-d15-r004,100470179,watts_strogatz,500,15,14.0,4,dominating,0.0001,none,radio,MS-RG-WT-DW,295,0.9529586190001282,683,16006,54.257627118644066,True
watts_strogatz-n500-d15-r004,100470179,watts_strogatz,500,15,14.0,4,connected,0.0001,none,radio,MS-RG-WT-DW,1184,16.154065202000083,12361,94275,79.6241554054054,True
watts_strogatz-n500-d15-r006,141876400,watts_strogatz,500,15,14.0,6,dominating,0.0001,none,radio,MS-RG-WT-DW,291,0.8230127790000097,737,15633,53.72164948453608,True
watts_strogatz-n500-d15-r006,141876400,watts_strogatz,500,15,14.0,6,connected,0.0001,none,radio,MS-RG-WT-DW,943,11.40302733700014,8168,74220,78.70625662778367,True
watts_strogatz-n500-d15-r007,3228062016,watts_strogatz,500,15,14.0,7,dominating,0.0001,none,radio,MS-RG-WT-DW,247,0.9906609450001724,525,12868,52.097165991902834,True
watts_strogatz-n500-d15-r007,3228062016,watts_strogatz,500,15,14.0,7,connected,0.0001,none,radio,MS-RG-WT-DW,1018,12.43292616299982,9209,82139,80.68664047151277,True
watts_strogatz-n500-d15-r008,687320137,watts_strogatz,500,15,14.0,8,dominating,0.0001,none,radio,MS-RG-WT-DW,152,0.4740667519999988,355,8287,54.51973684210526,True
watts_strogatz-n500-d15-r008,687320137,watts_strogatz,500,15,14.0,8,connected,0.0001,none,radio,MS-RG-WT-DW,1047,11.029802186000097,8709,84557,80.76122254059217,True
watts_strogatz-n500-d15-r009,2690533106,watts_strogatz,500,15,14.0,9,dominating,0.0001,none,radio,MS-RG-WT-DW,285,0.9599025260001781,688,15199,53.329824561403505,True
watts_strogatz-n500-d15-r009,2690533106,watts_strogatz,500,15,14.0,9,connected,0.0001,none,radio,MS-RG-WT-DW,1083,12.617261677999977,10065,87042,80.37119113573407,True
watts_strogatz-n500-d25-r000,1166749380,watts_strogatz,500,25,24.0,0,dominating,0.0001,none,radio,MS-RG-WT-DW,539,1.24625038399995,990,18851,34.97402597402598,True
watts_strogatz-n500-d25-r000,1166749380,watts_strogatz,500,25,24.0,0,connected,0.0001,none,radio,MS-RG-WT-DW,1475,17.603626450000093,6862,70409,47.734915254237286,True
watts_strogatz-n500-d25-r001,2487480029,watts_strogatz,500,25,24.0,1,dominating,0.0001,none,radio,MS-RG-WT-DW,141,0.522828354000012,312,5234,37.12056737588652,True
watts_strogatz-n500-d25-r001,2487480029,watts_strogatz,500,25,24.0,1,connected,0.0001,none,radio,MS-RG-WT-DW,1652,22.45547489600017,9626,78587,47.57082324455206,True
watts_strogatz-n500-d25-r002,4199056615,watts_strogatz,500,25,24.0,2,dominating,0.0001,none,radio,MS-RG-WT-DW,316,0.8772174919999998,678,11218,35.5,True
watts_strogatz-n500-d25-r002,4199056615,watts_strogatz,500,25,24.0,2,connected,0.0001,none,radio,MS-RG-WT-DW,1725,24.088255175999848,9082,83184,48.22260869565218,True
watts_strogatz-n500-d25-r003,2683081805,watts_strogatz,500,25,24.0,3,dominating,0.0001,none,radio,MS-RG-WT-DW,627,1.5478948740001215,1611,22505,35.89314194577352,True
watts_strogatz-n500-d25-r003,2683081805,watts_strogatz,500,25,24.0,3,connected,0.0001,none,radio,MS-RG-WT-DW,1702,26.8186583480001,9319,81452,47.8566392479436,True
watts_strogatz-n500-d25-r004,2825643059,watts_strogatz,500,25,24.0,4,dominating,0.0001,none,radio,MS-RG-WT-DW,267,0.578958946000057,532,9686,36.27715355805243,True
watts_strogatz-n500-d25-r004,2825643059,watts_strogatz,500,25,24.0,4,connected,0.0001,none,radio,MS-RG-WT-DW,1513,22.80684336199988,7195,72177,47.704560475875745,True
watts_strogatz-n500-d25-r005,312369356,watts_strogatz,500,25,24.0,5,dominating,0.0001,none,radio,MS-RG-WT-DW,408,1.1332193490000009,764,14745,36.13970588235294,True
watts_strogatz-n500-d25-r005,312369356,watts_strogatz,500,25,24.0,5,connected,0.0001,none,radio,MS-RG-WT-DW,1619,24.619751868000094,8842,76863,47.47560222359481,True
watts_strogatz-n500-d25-r006,1958547406,watts_strogatz,500,25,24.0,6,dominating,0.0001,none,radio,MS-RG-WT-DW,310,0.7424969529999998,528,10719,34.57741935483871,True
watts_strogatz-n500-d25-r006,1958547406,watts_strogatz,500,25,24.0,6,connected,0.0001,none,radio,MS-RG-WT-DW,1679,22.168900924000127,8470,80688,48.05717689100655,True
watts_strogatz-n500-d25-r007,2870140769,watts_strogatz,500,25,24.0,7,dominating,0.0001,none,radio,MS-RG-WT-DW,557,1.264081294999869,934,20134,36.147217235188506,True
watts_strogatz-n500-d25-r007,2870140769,watts_strogatz,500,25,24.0,7,connected,0.0001,none,radio,MS-RG-WT-DW,1580,21.681197081999926,8948,75735,47.93354430379747,True
watts_strogatz-n500-d25-r008,2500745109,watts_strogatz,500,25,24.0,8,dominating,0.0001,none,radio,MS-RG-WT-DW,463,0.9886676329999773,983,16033,34.628509719222464,True
watts_strogatz-n500-d25-r008,2500745109,watts_strogatz,500,25,24.0,8,connected,0.0001,none,radio,MS-RG-WT-DW,1564,25.740236221000032,8685,74777,47.8113810741688,True
watts_strogatz-n500-d25-r009,1499642149,watts_strogatz,500,25,24.0,9,dominating,0.0001,none,radio,MS-RG-WT-DW,443,0.9828699279999,786,16403,37.027088036117384,True
watts_strogatz-n500-d25-r009,1499642149,watts_strogatz,500,25,24.0,9,connected,0.0001,none,radio,MS-RG-WT-DW,1599,23.11583583200013,8746,76259,47.6916823014384,True
watts_strogatz-n500-d35-r000,4287839816,watts_strogatz,500,35,34.0,0,dominating,0.0001,none,radio,MS-RG-WT-DW,735,1.651284478999969,1068,20478,27.86122448979592,True
watts_strogatz-n500-d35-r000,4287839816,watts_strogatz,500,35,34.0,0,connected,0.0001,none,radio,MS-RG-WT-DW,2048,34.33032831100013,7111,70123,34.23974609375,True
watts_strogatz-n500-d35-r001,81907720,watts_strogatz,500,35,34.0,1,dominating,0.0001,none,radio,MS-RG-WT-DW,543,1.1320604319998893,859,15134,27.87108655616943,True
watts_strogatz-n500-d35-r001,81907720,watts_strogatz,500,35,34.0,1,connected,0.0001,none,radio,MS-RG-WT-DW,2155,36.72748623200005,8223,73825,34.25754060324826,True
watts_strogatz-n500-d35-r003,4081352189,watts_strogatz,500,35,34.0,3,dominating,0.0001,none,radio,MS-RG-WT-DW,1041,2.151629506000063,1518,28471,27.349663784822287,True
watts_strogatz-n500-d35-r003,4081352189,watts_strogatz,500,35,34.0,3,connected,0.0001,none,radio,MS-RG-WT-DW,2079,31.964464313000008,7391,71429,34.357383357383355,True
watts_strogatz-n500-d35-r002,2311767961,watts_strogatz,500,35,34.0,2,dominating,0.0001,none,radio,MS-RG-WT-DW,831,1.9719420080000418,1428,22792,27.42719614921781,True
watts_strogatz-n500-d35-r002,2311767961,watts_strogatz,500,35,34.0,2,connected,0.0001,none,radio,MS-RG-WT-DW,1928,39.30437229800009,8128,66498,34.49066390041494,True
watts_strogatz-n500-d35-r004,3026947344,watts_strogatz,500,35,34.0,4,dominating,0.0001,none,radio,MS-RG-WT-DW,1066,2.5440407690000484,1990,29081,27.28048780487805,True
watts_strogatz-n500-d35-r004,3026947344,watts_strogatz,500,35,34.0,4,connected,0.0001,none,radio,MS-RG-WT-DW,1945,35.716813083000034,8415,67702,34.80822622107969,True
watts_strogatz-n500-d35-r007,3957427823,watts_strogatz,500,35,34.0,7,dominating,0.0001,none,radio,MS-RG-WT-DW,785,1.7422343499999897,1146,21207,27.01528662420382,True
watts_strogatz-n500-d35-r007,3957427823,watts_strogatz,500,35,34.0,7,connected,0.0001,none,radio,MS-RG-WT-DW,2022,31.97704604500018,7003,69681,34.461424332344215,True
watts_strogatz-n500-d35-r005,3445303067,watts_strogatz,500,35,34.0,5,dominating,0.0001,none,radio,MS-RG-WT-DW,971,1.8715082520000124,1322,25859,26.631307929969104,True
watts_strogatz-n500-d35-r005,3445303067,watts_strogatz,500,35,34.0,5,connected,0.0001,none,radio,MS-RG-WT-DW,2258,42.27796905499986,9388,77694,34.40832595217006,True
watts_strogatz-n500-d35-r006,1887178082,watts_strogatz,500,35,34.0,6,dominating,0.0001,none,radio,MS-RG-WT-DW,702,1.3300654359998134,986,19262,27.43874643874644,True
watts_strogatz-n500-d35-r006,1887178082,watts_strogatz,500,35,34.0,6,connected,0.0001,none,radio,MS-RG-WT-DW,2151,36.20038888799991,8145,74742,34.74755927475593,True
barabasi_albert-n100-d15-r000,2594720393,barabasi_albert,100,15,15.28,0,dominating,0.0001,none,radio,MS-RG-WT-DW,35,0.03662768499998492,9,439,12.542857142857143,True
barabasi_albert-n100-d15-r000,2594720393,barabasi_albert,100,15,15.28,0,connected,0.0001,none,radio,MS-RG-WT-DW,602,0.33739024099986636,456,8039,13.353820598006644,True
barabasi_albert-n100-d15-r001,683704775,barabasi_albert,100,15,15.28,1,dominating,0.0001,none,radio,MS-RG-WT-DW,14,0.028966707999870778,83,191,13.642857142857142,True
barabasi_albert-n100-d15-r001,683704775,barabasi_albert,100,15,15.28,1,connected,0.0001,none,radio,MS-RG-WT-DW,409,0.27527728900008697,442,6284,15.364303178484107,True
barabasi_albert-n100-d15-r002,2791528644,barabasi_albert,100,15,15.28,2,dominating,0.0001,none,radio,MS-RG-WT-DW,31,0.02279219600018223,7,358,11.548387096774194,True
barabasi_albert-n100-d15-r002,2791528644,barabasi_albert,100,15,15.28,2,connected,0.0001,none,radio,MS-RG-WT-DW,346,0.27497463500003505,404,4819,13.927745664739884,True
barabasi_albert-n100-d15-r003,3852889843,barabasi_albert,100,15,15.28,3,dominating,0.0001,none,radio,MS-RG-WT-DW,10,0.01837139899998874,0,160,16.0,True
barabasi_albert-n100-d15-r003,3852889843,barabasi_albert,100,15,15.28,3,connected,0.0001,none,radio,MS-RG-WT-DW,463,0.3566646669999045,566,6670,14.406047516198704,True
barabasi_albert-n100-d15-r004,4155952965,barabasi_albert,100,15,15.28,4,dominating,0.0001,none,radio,MS-RG-WT-DW,85,0.04136684099989907,28,937,11.023529411764706,True
barabasi_albert-n100-d15-r004,4155952965,barabasi_albert,100,15,15.28,4,connected,0.0001,none,radio,MS-RG-WT-DW,420,0.24941532999991978,408,5988,14.257142857142858,True
barabasi_albert-n100-d15-r005,2696260789,barabasi_albert,100,15,15.28,5,dominating,0.0001,none,radio,MS-RG-WT-DW,68,0.03325079799992636,37,775,11.397058823529411,True
barabasi_albert-n100-d15-r005,2696260789,barabasi_albert,100,15,15.28,5,connected,0.0001,none,radio,MS-RG-WT-DW,381,0.20791032100009943,351,5652,14.834645669291339,True
barabasi_albert-n100-d15-r007,1610244839,barabasi_albert,100,15,15.28,7,dominating,0.0001,none,radio,MS-RG-WT-DW,24,0.026712989999850834,50,294,12.25,True
barabasi_albert-n100-d15-r007,1610244839,barabasi_albert,100,15,15.28,7,connected,0.0001,none,radio,MS-RG-WT-DW,450,0.3186429660001977,627,7062,15.693333333333333,True
barabasi_albert-n100-d15-r006,2340898508,barabasi_albert,100,15,15.28,6,dominating,0.0001,none,radio,MS-RG-WT-DW,88,0.039618291999886424,137,969,11.011363636363637,True
barabasi_albert-n100-d15-r006,2340898508,barabasi_albert,100,15,15.28,6,connected,0.0001,none,radio,MS-RG-WT-DW,591,0.494740284000045,478,8396,14.20642978003384,True
barabasi_albert-n100-d15-r008,2537956744,barabasi_albert,100,15,15.28,8,dominating,0.0001,none,radio,MS-RG-WT-DW,25,0.021117798999966908,10,386,15.44,True
barabasi_albert-n100-d15-r008,2537956744,barabasi_albert,100,15,15.28,8,connected,0.0001,none,radio,MS-RG-WT-DW,486,0.26043900199988457,438,7174,14.761316872427983,True
barabasi_albert-n100-d15-r009,4060049624,barabasi_albert,100,15,15.28,9,dominating,0.0001,none,radio,MS-RG-WT-DW,32,0.03837385099996027,40,458,14.3125,True
barabasi_albert-n100-d15-r009,4060049624,barabasi_albert,100,15,15.28,9,connected,0.0001,none,radio,MS-RG-WT-DW,505,0.278417361000038,324,6582,13.033663366336633,True
barabasi_albert-n100-d25-r000,694893906,barabasi_albert,100,25,22.44,0,dominating,0.0001,none,radio,MS-RG-WT-DW,87,0.046817274999966685,39,805,9.25287356321839,True
barabasi_albert-n100-d25-r000,694893906,barabasi_albert,100,25,22.44,0,connected,0.0001,none,radio,MS-RG-WT-DW,530,0.3531842140000663,434,6100,11.50943396226415,True
barabasi_albert-n100-d25-r001,1895325088,barabasi_albert,100,25,22.44,1,dominating,0.0001,none,radio,MS-RG-WT-DW,38,0.029359008000028552,22,358,9.421052631578947,True
barabasi_albert-n100-d25-r001,1895325088,barabasi_albert,100,25,22.44,1,connected,0.0001,none,radio,MS-RG-WT-DW,652,0.3958202829999209,665,7608,11.668711656441717,True
barabasi_albert-n100-d25-r002,2520797160,barabasi_albert,100,25,22.44,2,dominating,0.0001,none,radio,MS-RG-WT-DW,38,0.020620280000002822,22,340,8.947368421052632,True
barabasi_albert-n100-d25-r002,2520797160,barabasi_albert,100,25,22.44,2,connected,0.0001,none,radio,MS-RG-WT-DW,665,0.3667680339999606,458,7856,11.813533834586465,True
barabasi_albert-n100-d25-r003,3595890784,barabasi_albert,100,25,22.44,3,dominating,0.0001,none,radio,MS-RG-WT-DW,63,0.04462676200000715,94,561,8.904761904761905,True
barabasi_albert-n100-d25-r003,3595890784,barabasi_albert,100,25,22.44,3,connected,0.0001,none,radio,MS-RG-WT-DW,737,0.4306472880000456,528,8667,11.759837177747626,True
barabasi_albert-n100-d25-r004,3472397074,barabasi_albert,100,25,22.44,4,dominating,0.0001,none,radio,MS-RG-WT-DW,153,0.06268754400002763,77,1094,7.150326797385621,True
barabasi_albert-n100-d25-r004,3472397074,barabasi_albert,100,25,22.44,4,connected,0.0001,none,radio,MS-RG-WT-DW,868,0.47770168800002466,520,8785,10.120967741935484,True
barabasi_albert-n100-d25-r005,3131112949,barabasi_albert,100,25,22.44,5,dominating,0.0001,none,radio,MS-RG-WT-DW,113,0.06697253599986652,63,935,8.274336283185841,True
barabasi_albert-n100-d25-r005,3131112949,barabasi_albert,100,25,22.44,5,connected,0.0001,none,radio,MS-RG-WT-DW,793,0.651123066000082,748,9895,12.477931904161412,True
barabasi_albert-n100-d25-r006,1634391881,barabasi_albert,100,25,22.44,6,dominating,0.0001,none,radio,MS-RG-WT-DW,126,0.06187400999988313,74,1149,9.119047619047619,True
barabasi_albert-n100-d25-r006,1634391881,barabasi_albert,100,25,22.44,6,connected,0.0001,none,radio,MS-RG-WT-DW,633,0.4217654050000874,619,7627,12.048973143759873,True
barabasi_albert-n100-d25-r007,1763654848,barabasi_albert,100,25,22.44,7,dominating,0.0001,none,radio,MS-RG-WT-DW,108,0.046234848000040074,73,829,7.675925925925926,True
barabasi_albert-n100-d25-r007,1763654848,barabasi_albert,100,25,22.44,7,connected,0.0001,none,radio,MS-RG-WT-DW,802,0.4573625309999443,647,8966,11.179551122194514,True
barabasi_albert-n100-d25-r008,47819371,barabasi_albert,100,25,22.44,8,dominating,0.0001,none,radio,MS-RG-WT-DW,57,0.03658266800016463,131,651,11.421052631578947,True
barabasi_albert-n100-d25-r008,47819371,barabasi_albert,100,25,22.44,8,connected,0.0001,none,radio,MS-RG-WT-DW,731,0.6412707649999447,829,8766,11.991792065663475,True
barabasi_albert-n100-d25-r009,121838040,barabasi_albert,100,25,22.44,9,dominating,0.0001,none,radio,MS-RG-WT-DW,147,0.07130269399999634,51,1275,8.673469387755102,True
barabasi_albert-n100-d25-r009,121838040,barabasi_albert,100,25,22.44,9,connected,0.0001,none,radio,MS-RG-WT-DW,1214,0.6638315069999408,810,13282,10.940691927512356,True
barabasi_albert-n100-d35-r000,1718295500,barabasi_albert,100,35,32.58,0,dominating,0.0001,none,radio,MS-RG-WT-DW,249,0.0735673400001815,119,1566,6.289156626506024,True
barabasi_albert-n100-d35-r000,1718295500,barabasi_albert,100,35,32.58,0,connected,0.0001,none,radio,MS-RG-WT-DW,1524,0.9333856250000281,841,13893,9.116141732283465,True
barabasi_albert-n100-d35-r001,3101507464,barabasi_albert,100,35,32.58,1,dominating,0.0001,none,radio,MS-RG-WT-DW,243,0.06290639199983161,122,1730,7.1193415637860085,True
barabasi_albert-n100-d35-r001,3101507464,barabasi_albert,100,35,32.58,1,connected,0.0001,none,radio,MS-RG-WT-DW,1394,0.8376688060000106,663,11953,8.574605451936872,True
barabasi_albert-n100-d35-r002,3331763958,barabasi_albert,100,35,32.58,2,dominating,0.0001,none,radio,MS-RG-WT-DW,203,0.06982900000002701,62,1336,6.58128078817734,True
barabasi_albert-n100-d35-r002,3331763958,barabasi_albert,100,35,32.58,2,connected,0.0001,none,radio,MS-RG-WT-DW,1445,0.9055392410000422,832,12164,8.417993079584775,True
barabasi_albert-n100-d35-r003,322742675,barabasi_albert,100,35,32.58,3,dominating,0.0001,none,radio,MS-RG-WT-DW,154,0.045213653000018894,60,1070,6.9480519480519485,True
barabasi_albert-n100-d35-r003,322742675,barabasi_albert,100,35,32.58,3,connected,0.0001,none,radio,MS-RG-WT-DW,1415,0.791715811000131,714,11704,8.271378091872792,True
barabasi_albert-n100-d35-r004,1965504631,barabasi_albert,100,35,32.58,4,dominating,0.0001,none,radio,MS-RG-WT-DW,277,0.08534874199995102,93,1875,6.768953068592058,True
barabasi_albert-n100-d35-r004,1965504631,barabasi_albert,100,35,32.58,4,connected,0.0001,none,radio,MS-RG-WT-DW,1428,0.8195876830000088,871,12280,8.599439775910364,True
barabasi_albert-n100-d35-r005,934248138,barabasi_albert,100,35,32.58,5,dominating,0.0001,none,radio,MS-RG-WT-DW,105,0.05122572200002651,64,780,7.428571428571429,True
barabasi_albert-n100-d35-r005,934248138,barabasi_albert,100,35,32.58,5,connected,0.0001,none,radio,MS-RG-WT-DW,1255,0.8210548489998928,732,10760,8.573705179282868,True
barabasi_albert-n100-d35-r006,3579950526,barabasi_albert,100,35,32.58,6,dominating,0.0001,none,radio,MS-RG-WT-DW,143,0.04806160499992984,69,948,6.629370629370629,True
barabasi_albert-n100-d35-r006,3579950526,barabasi_albert,100,35,32.58,6,connected,0.0001,none,radio,MS-RG-WT-DW,1395,0.7450556930000403,762,12345,8.849462365591398,True
barabasi_albert-n100-d35-r007,3055618971,barabasi_albert,100,35,32.58,7,dominating,0.0001,none,radio,MS-RG-WT-DW,144,0.04764752200003386,29,936,6.5,True
barabasi_albert-n100-d35-r007,3055618971,barabasi_albert,100,35,32.58,7,connected,0.0001,none,radio,MS-RG-WT-DW,1629,0.951537794999922,736,13112,8.049109883364027,True
barabasi_albert-n100-d35-r008,1679927064,barabasi_albert,100,35,32.58,8,dominating,0.0001,none,radio,MS-RG-WT-DW,217,0.07161148900013359,94,1706,7.861751152073733,True
barabasi_albert-n100-d35-r008,1679927064,barabasi_albert,100,35,32.58,8,connected,0.0001,none,radio,MS-RG-WT-DW,1270,0.8622577529999944,819,11745,9.248031496062993,True
barabasi_albert-n100-d35-r009,231172062,barabasi_albert,100,35,32.58,9,dominating,0.0001,none,radio,MS-RG-WT-DW,143,0.05158688500000608,57,1074,7.510489510489511,True
barabasi_albert-n100-d35-r009,231172062,barabasi_albert,100,35,32.58,9,connected,0.0001,none,radio,MS-RG-WT-DW,863,0.4968548770000325,488,7838,9.082271147161066,True
barabasi_albert-n250-d15-r000,2833732925,barabasi_albert,250,15,15.712,0,dominating,0.0001,none,radio,MS-RG-WT-DW,10,0.09815938099995947,47,300,30.0,True
barabasi_albert-n250-d15-r000,2833732925,barabasi_albert,250,15,15.712,0,connected,0.0001,none,radio,MS-RG-WT-DW,318,0.8740573420000146,781,10986,34.54716981132076,True
barabasi_albert-n250-d15-r001,3171126614,barabasi_albert,250,15,15.712,1,dominating,0.0001,none,radio,MS-RG-WT-DW,17,0.12824837599987404,74,439,25.823529411764707,True
barabasi_albert-n250-d15-r001,3171126614,barabasi_albert,250,15,15.712,1,connected,0.0001,none,radio,MS-RG-WT-DW,374,1.381265613000096,1840,15192,40.62032085561497,True
barabasi_albert-n250-d15-r002,4287632683,barabasi_albert,250,15,15.712,2,dominating,0.0001,none,radio,MS-RG-WT-DW,20,0.0717601349999768,52,484,24.2,True
barabasi_albert-n250-d15-r002,4287632683,barabasi_albert,250,15,15.712,2,connected,0.0001,none,radio,MS-RG-WT-DW,501,1.5090030200001365,1920,18395,36.71656686626746,True
barabasi_albert-n250-d15-r003,1519119601,barabasi_albert,250,15,15.712,3,dominating,0.0001,none,radio,MS-RG-WT-DW,16,0.08309019999978773,50,384,24.0,True
barabasi_albert-n250-d15-r003,1519119601,barabasi_albert,250,15,15.712,3,connected,0.0001,none,radio,MS-RG-WT-DW,370,1.2631212149999556,1785,14385,38.87837837837838,True
barabasi_albert-n250-d15-r004,738237161,barabasi_albert,250,15,15.712,4,dominating,0.0001,none,radio,MS-RG-WT-DW,11,0.13130487399985213,66,287,26.09090909090909,True
barabasi_albert-n250-d15-r004,738237161,barabasi_albert,250,15,15.712,4,connected,0.0001,none,radio,MS-RG-WT-DW,293,1.0028367700001581,1217,11951,40.78839590443686,True
barabasi_albert-n250-d15-r005,380983188,barabasi_albert,250,15,15.712,5,dominating,0.0001,none,radio,MS-RG-WT-DW,12,0.12213184699999147,48,356,29.666666666666668,True
barabasi_albert-n250-d15-r005,380983188,barabasi_albert,250,15,15.712,5,connected,0.0001,none,radio,MS-RG-WT-DW,376,1.2879668820000916,1525,13927,37.03989361702128,True
barabasi_albert-n250-d15-r006,651009678,barabasi_albert,250,15,15.712,6,dominating,0.0001,none,radio,MS-RG-WT-DW,11,0.09848853299990878,68,321,29.181818181818183,True
barabasi_albert-n250-d15-r006,651009678,barabasi_albert,250,15,15.712,6,connected,0.0001,none,radio,MS-RG-WT-DW,350,1.1173311439999907,1537,13997,39.99142857142857,True
barabasi_albert-n250-d15-r007,278008197,barabasi_albert,250,15,15.712,7,dominating,0.0001,none,radio,MS-RG-WT-DW,24,0.13440775399999438,71,575,23.958333333333332,True
barabasi_albert-n250-d15-r007,278008197,barabasi_albert,250,15,15.712,7,connected,0.0001,none,radio,MS-RG-WT-DW,437,1.5177074829998674,2096,16674,38.15560640732266,True
barabasi_albert-n250-d15-r008,4127026257,barabasi_albert,250,15,15.712,8,dominating,0.0001,none,radio,MS-RG-WT-DW,29,0.1663773450000008,136,706,24.344827586206897,True
barabasi_albert-n250-d15-r008,4127026257,barabasi_albert,250,15,15.712,8,connected,0.0001,none,radio,MS-RG-WT-DW,376,1.4834357619999992,1589,14352,38.170212765957444,True
barabasi_albert-n250-d15-r009,1540784744,barabasi_albert,250,15,15.712,9,dominating,0.0001,none,radio,MS-RG-WT-DW,13,0.06847139699993932,33,503,38.69230769230769,True
barabasi_albert-n250-d15-r009,1540784744,barabasi_albert,250,15,15.712,9,connected,0.0001,none,radio,MS-RG-WT-DW,402,1.3359300439999515,1701,15131,37.63930348258707,True
barabasi_albert-n250-d25-r000,2167715468,barabasi_albert,250,25,23.376,0,dominating,0.0001,none,radio,MS-RG-WT-DW,27,0.14306657900010578,149,555,20.555555555555557,True
barabasi_albert-n250-d25-r000,2167715468,barabasi_albert,250,25,23.376,0,connected,0.0001,none,radio,MS-RG-WT-DW,517,2.370595163999951,2071,15521,30.02127659574468,True
barabasi_albert-n250-d25-r001,3870595023,barabasi_albert,250,25,23.376,1,dominating,0.0001,none,radio,MS-RG-WT-DW,17,0.07904022599996097,22,317,18.647058823529413,True
barabasi_albert-n250-d25-r001,3870595023,barabasi_albert,250,25,23.376,1,connected,0.0001,none,radio,MS-RG-WT-DW,552,1.991999966000094,1876,16732,30.31159420289855,True
watts_strogatz-n500-d35-r008,2528494042,watts_strogatz,500,35,34.0,8,dominating,0.0001,none,radio,MS-RG-WT-DW,725,1.3350835249998454,1098,20002,27.58896551724138,True
watts_strogatz-n500-d35-r008,2528494042,watts_strogatz,500,35,34.0,8,connected,0.0001,none,radio,MS-RG-WT-DW,2072,33.471064926999816,8191,71587,34.549710424710426,True
barabasi_albert-n250-d25-r002,3436392228,barabasi_albert,250,25,23.376,2,dominating,0.0001,none,radio,MS-RG-WT-DW,25,0.10859852100020362,149,718,28.72,True
barabasi_albert-n250-d25-r002,3436392228,barabasi_albert,250,25,23.376,2,connected,0.0001,none,radio,MS-RG-WT-DW,622,2.559710548999874,2187,19112,30.726688102893892,True
barabasi_albert-n250-d25-r003,1074930324,barabasi_albert,250,25,23.376,3,dominating,0.0001,none,radio,MS-RG-WT-DW,47,0.10919329600005767,73,837,17.80851063829787,True
barabasi_albert-n250-d25-r003,1074930324,barabasi_albert,250,25,23.376,3,connected,0.0001,none,radio,MS-RG-WT-DW,647,3.0280441970000993,2785,20436,31.58578052550232,True
barabasi_albert-n250-d25-r004,2022265191,barabasi_albert,250,25,23.376,4,dominating,0.0001,none,radio,MS-RG-WT-DW,27,0.059286072999839234,49,672,24.88888888888889,True
barabasi_albert-n250-d25-r004,2022265191,barabasi_albert,250,25,23.376,4,connected,0.0001,none,radio,MS-RG-WT-DW,582,2.4635215330001756,1934,17236,29.61512027491409,True
barabasi_albert-n250-d25-r005,4280994734,barabasi_albert,250,25,23.376,5,dominating,0.0001,none,radio,MS-RG-WT-DW,15,0.0507635090000349,30,369,24.6,True
barabasi_albert-n250-d25-r005,4280994734,barabasi_albert,250,25,23.376,5,connected,0.0001,none,radio,MS-RG-WT-DW,689,2.919710247000012,2428,19584,28.423802612481857,True
barabasi_albert-n250-d25-r007,4223825536,barabasi_albert,250,25,23.376,7,dominating,0.0001,none,radio,MS-RG-WT-DW,33,0.060633198000004995,73,747,22.636363636363637,True
barabasi_albert-n250-d25-r007,4223825536,barabasi_albert,250,25,23.376,7,connected,0.0001,none,radio,MS-RG-WT-DW,629,1.8984475649999695,1887,18784,29.863275039745627,True
barabasi_albert-n250-d25-r006,2275386751,barabasi_albert,250,25,23.376,6,dominating,0.0001,none,radio,MS-RG-WT-DW,21,0.11188742599983925,111,514,24.476190476190474,True
barabasi_albert-n250-d25-r006,2275386751,barabasi_albert,250,25,23.376,6,connected,0.0001,none,radio,MS-RG-WT-DW,601,2.164651737999975,1603,18203,30.28785357737105,True
barabasi_albert-n250-d25-r009,2796651316,barabasi_albert,250,25,23.376,9,dominating,0.0001,none,radio,MS-RG-WT-DW,13,0.06801043599989498,51,320,24.615384615384617,True
barabasi_albert-n250-d25-r009,2796651316,barabasi_albert,250,25,23.376,9,connected,0.0001,none,radio,MS-RG-WT-DW,564,1.8660428600001069,2229,16541,29.328014184397162,True
barabasi_albert-n250-d25-r008,1337029186,barabasi_albert,250,25,23.376,8,dominating,0.0001,none,radio,MS-RG-WT-DW,20,0.06221277999998165,172,516,25.8,True
barabasi_albert-n250-d25-r008,1337029186,barabasi_albert,250,25,23.376,8,connected,0.0001,none,radio,MS-RG-WT-DW,536,2.1258409810000103,1960,16703,31.16231343283582,True
barabasi_albert-n250-d35-r000,3668275746,barabasi_albert,250,35,34.632,0,dominating,0.0001,none,radio,MS-RG-WT-DW,49,0.08511451799995484,175,787,16.06122448979592,True
barabasi_albert-n250-d35-r000,3668275746,barabasi_albert,250,35,34.632,0,connected,0.0001,none,radio,MS-RG-WT-DW,1003,3.533254905000149,2165,20966,20.903290129611168,True
watts_strogatz-n500-d35-r009,3506214022,watts_strogatz,500,35,34.0,9,dominating,0.0001,none,radio,MS-RG-WT-DW,443,0.9304362919999676,778,11925,26.918735891647856,True
watts_strogatz-n500-d35-r009,3506214022,watts_strogatz,500,35,34.0,9,connected,0.0001,none,radio,MS-RG-WT-DW,2095,32.36943793399996,7637,72842,34.76945107398568,True
barabasi_albert-n250-d35-r002,1508187327,barabasi_albert,250,35,34.632,2,dominating,0.0001,none,radio,MS-RG-WT-DW,27,0.05569941600015227,34,458,16.962962962962962,True
barabasi_albert-n250-d35-r002,1508187327,barabasi_albert,250,35,34.632,2,connected,0.0001,none,radio,MS-RG-WT-DW,853,3.1285864620001576,2366,20193,23.672919109026964,True
barabasi_albert-n250-d35-r001,1662362086,barabasi_albert,250,35,34.632,1,dominating,0.0001,none,radio,MS-RG-WT-DW,31,0.056841243000008035,85,540,17.419354838709676,True
barabasi_albert-n250-d35-r001,1662362086,barabasi_albert,250,35,34.632,1,connected,0.0001,none,radio,MS-RG-WT-DW,1030,3.606004779000159,2581,24057,23.35631067961165,True
barabasi_albert-n250-d35-r004,136173322,barabasi_albert,250,35,34.632,4,dominating,0.0001,none,radio,MS-RG-WT-DW,43,0.11371058899999298,90,626,14.55813953488372,True
barabasi_albert-n250-d35-r004,136173322,barabasi_albert,250,35,34.632,4,connected,0.0001,none,radio,MS-RG-WT-DW,788,3.2691522159998385,2123,18222,23.124365482233504,True
barabasi_albert-n250-d35-r003,2015509878,barabasi_albert,250,35,34.632,3,dominating,0.0001,none,radio,MS-RG-WT-DW,16,0.05595854599982886,17,291,18.1875,True
barabasi_albert-n250-d35-r003,2015509878,barabasi_albert,250,35,34.632,3,connected,0.0001,none,radio,MS-RG-WT-DW,1084,3.6848248329999933,2664,25902,23.894833948339482,True
barabasi_albert-n250-d35-r005,3575111223,barabasi_albert,250,35,34.632,5,dominating,0.0001,none,radio,MS-RG-WT-DW,45,0.1503907840001375,76,827,18.377777777777776,True
barabasi_albert-n250-d35-r005,3575111223,barabasi_albert,250,35,34.632,5,connected,0.0001,none,radio,MS-RG-WT-DW,1056,3.4815853820000484,2416,23588,22.33712121212121,True
barabasi_albert-n250-d35-r006,4244651284,barabasi_albert,250,35,34.632,6,dominating,0.0001,none,radio,MS-RG-WT-DW,49,0.12210235500015187,76,649,13.244897959183673,True
barabasi_albert-n250-d35-r006,4244651284,barabasi_albert,250,35,34.632,6,connected,0.0001,none,radio,MS-RG-WT-DW,816,3.2951658010001665,1814,18406,22.556372549019606,True
barabasi_albert-n250-d35-r007,2837434194,barabasi_albert,250,35,34.632,7,dominating,0.0001,none,radio,MS-RG-WT-DW,56,0.10397777399998631,54,780,13.928571428571429,True
barabasi_albert-n250-d35-r007,2837434194,barabasi_albert,250,35,34.632,7,connected,0.0001,none,radio,MS-RG-WT-DW,953,3.6452767900000254,2843,22257,23.35466946484785,True
barabasi_albert-n250-d35-r008,2229550041,barabasi_albert,250,35,34.632,8,dominating,0.0001,none,radio,MS-RG-WT-DW,21,0.11554428900012681,70,370,17.61904761904762,True
barabasi_albert-n250-d35-r008,2229550041,barabasi_albert,250,35,34.632,8,connected,0.0001,none,radio,MS-RG-WT-DW,1010,4.2054583589999766,2877,22814,22.588118811881188,True
barabasi_albert-n250-d35-r009,2647535846,barabasi_albert,250,35,34.632,9,dominating,0.0001,none,radio,MS-RG-WT-DW,29,0.07551357599982111,77,544,18.75862068965517,True
barabasi_albert-n250-d35-r009,2647535846,barabasi_albert,250,35,34.632,9,connected,0.0001,none,radio,MS-RG-WT-DW,1056,3.8507796139999755,2267,23773,22.512310606060606,True
barabasi_albert-n500-d15-r000,1480487294,barabasi_albert,500,15,15.856,0,dominating,0.0001,none,radio,MS-RG-WT-DW,15,0.25315585799990004,44,685,45.666666666666664,True
barabasi_albert-n500-d15-r000,1480487294,barabasi_albert,500,15,15.856,0,connected,0.0001,none,radio,MS-RG-WT-DW,324,6.895210808000002,4271,25505,78.71913580246914,True
barabasi_albert-n500-d15-r001,3085954357,barabasi_albert,500,15,15.856,1,dominating,0.0001,none,radio,MS-RG-WT-DW,4,0.20651553900006547,61,263,65.75,True
barabasi_albert-n500-d15-r001,3085954357,barabasi_albert,500,15,15.856,1,connected,0.0001,none,radio,MS-RG-WT-DW,275,5.144232479000038,2377,22120,80.43636363636364,True
barabasi_albert-n500-d15-r003,369493110,barabasi_albert,500,15,15.856,3,dominating,0.0001,none,radio,MS-RG-WT-DW,6,0.2294767690000299,68,324,54.0,True
barabasi_albert-n500-d15-r003,369493110,barabasi_albert,500,15,15.856,3,connected,0.0001,none,radio,MS-RG-WT-DW,260,5.648846289000176,2692,21146,81.33076923076923,True
barabasi_albert-n500-d15-r002,1599630163,barabasi_albert,500,15,15.856,2,dominating,0.0001,none,radio,MS-RG-WT-DW,6,0.2593122220000623,70,400,66.66666666666667,True
barabasi_albert-n500-d15-r002,1599630163,barabasi_albert,500,15,15.856,2,connected,0.0001,none,radio,MS-RG-WT-DW,324,7.505951457000037,4059,26464,81.67901234567901,True
barabasi_albert-n500-d15-r005,135247563,barabasi_albert,500,15,15.856,5,dominating,0.0001,none,radio,MS-RG-WT-DW,3,0.29623661000005086,0,216,72.0,True
barabasi_albert-n500-d15-r005,135247563,barabasi_albert,500,15,15.856,5,connected,0.0001,none,radio,MS-RG-WT-DW,311,5.234232544999941,3601,25060,80.57877813504822,True
barabasi_albert-n500-d15-r004,3061101962,barabasi_albert,500,15,15.856,4,dominating,0.0001,none,radio,MS-RG-WT-DW,6,0.20513276199994834,76,362,60.333333333333336,True
barabasi_albert-n500-d15-r004,3061101962,barabasi_albert,500,15,15.856,4,connected,0.0001,none,radio,MS-RG-WT-DW,317,7.091651455000147,3408,24387,76.93059936908517,True
barabasi_albert-n500-d15-r006,205023675,barabasi_albert,500,15,15.856,6,dominating,0.0001,none,radio,MS-RG-WT-DW,11,0.2514637040001162,80,709,64.45454545454545,True
barabasi_albert-n500-d15-r006,205023675,barabasi_albert,500,15,15.856,6,connected,0.0001,none,radio,MS-RG-WT-DW,324,6.70322201099998,3424,27284,84.20987654320987,True
barabasi_albert-n500-d15-r007,3430836198,barabasi_albert,500,15,15.856,7,dominating,0.0001,none,radio,MS-RG-WT-DW,4,0.21143539699983194,22,176,44.0,True
barabasi_albert-n500-d15-r007,3430836198,barabasi_albert,500,15,15.856,7,connected,0.0001,none,radio,MS-RG-WT-DW,309,6.77645458500001,3154,22974,74.3495145631068,True
barabasi_albert-n500-d15-r008,1012605372,barabasi_albert,500,15,15.856,8,dominating,0.0001,none,radio,MS-RG-WT-DW,7,0.2254888170000413,79,391,55.857142857142854,True
barabasi_albert-n500-d15-r008,1012605372,barabasi_albert,500,15,15.856,8,connected,0.0001,none,radio,MS-RG-WT-DW,300,6.4492416660000345,3565,22699,75.66333333333333,True
barabasi_albert-n500-d15-r009,2275914869,barabasi_albert,500,15,15.856,9,dominating,0.0001,none,radio,MS-RG-WT-DW,7,0.40378896499987604,74,388,55.42857142857143,True
barabasi_albert-n500-d15-r009,2275914869,barabasi_albert,500,15,15.856,9,connected,0.0001,none,radio,MS-RG-WT-DW,334,5.795358998999973,3708,28987,86.7874251497006,True
barabasi_albert-n500-d25-r000,1560963395,barabasi_albert,500,25,23.688,0,dominating,0.0001,none,radio,MS-RG-WT-DW,5,0.2285592439998254,72,193,38.6,True
barabasi_albert-n500-d25-r000,1560963395,barabasi_albert,500,25,23.688,0,connected,0.0001,none,radio,MS-RG-WT-DW,467,11.221304092999844,4849,28518,61.066381156316915,True
barabasi_albert-n500-d25-r001,1212502800,barabasi_albert,500,25,23.688,1,dominating,0.0001,none,radio,MS-RG-WT-DW,9,0.2347898670000177,40,443,49.22222222222222,True
barabasi_albert-n500-d25-r001,1212502800,barabasi_albert,500,25,23.688,1,connected,0.0001,none,radio,MS-RG-WT-DW,564,11.682421577000014,5229,35047,62.14007092198582,True
barabasi_albert-n500-d25-r002,1324530435,barabasi_albert,500,25,23.688,2,dominating,0.0001,none,radio,MS-RG-WT-DW,34,0.2751751299999796,161,1198,35.23529411764706,True
barabasi_albert-n500-d25-r002,1324530435,barabasi_albert,500,25,23.688,2,connected,0.0001,none,radio,MS-RG-WT-DW,517,10.810283155999969,3580,31041,60.04061895551257,True
barabasi_albert-n500-d25-r003,763302698,barabasi_albert,500,25,23.688,3,dominating,0.0001,none,radio,MS-RG-WT-DW,7,0.21131291200003943,59,360,51.42857142857143,True
barabasi_albert-n500-d25-r003,763302698,barabasi_albert,500,25,23.688,3,connected,0.0001,none,radio,MS-RG-WT-DW,512,11.419637389999934,5589,33799,66.013671875,True
barabasi_albert-n500-d25-r005,169121091,barabasi_albert,500,25,23.688,5,dominating,0.0001,none,radio,MS-RG-WT-DW,10,0.19825576399989586,102,484,48.4,True
barabasi_albert-n500-d25-r005,169121091,barabasi_albert,500,25,23.688,5,connected,0.0001,none,radio,MS-RG-WT-DW,534,8.860580047999974,4113,33618,62.95505617977528,True
barabasi_albert-n500-d25-r006,2951279573,barabasi_albert,500,25,23.688,6,dominating,0.0001,none,radio,MS-RG-WT-DW,9,0.21734379600002285,115,413,45.888888888888886,True
barabasi_albert-n500-d25-r006,2951279573,barabasi_albert,500,25,23.688,6,connected,0.0001,none,radio,MS-RG-WT-DW,432,7.898149139999987,4997,29560,68.42592592592592,True
barabasi_albert-n500-d25-r004,447671647,barabasi_albert,500,25,23.688,4,dominating,0.0001,none,radio,MS-RG-WT-DW,17,0.3384784260001652,113,698,41.05882352941177,True
barabasi_albert-n500-d25-r004,447671647,barabasi_albert,500,25,23.688,4,connected,0.0001,none,radio,MS-RG-WT-DW,585,12.460103874999959,4781,36509,62.40854700854701,True
barabasi_albert-n500-d25-r007,3787038387,barabasi_albert,500,25,23.688,7,dominating,0.0001,none,radio,MS-RG-WT-DW,10,0.2710962369999379,100,376,37.6,True
barabasi_albert-n500-d25-r007,3787038387,barabasi_albert,500,25,23.688,7,connected,0.0001,none,radio,MS-RG-WT-DW,468,10.507398507000062,5039,30867,65.9551282051282,True
barabasi_albert-n500-d25-r009,3267025886,barabasi_albert,500,25,23.688,9,dominating,0.0001,none,radio,MS-RG-WT-DW,11,0.1926596979999431,85,414,37.63636363636363,True
barabasi_albert-n500-d25-r009,3267025886,barabasi_albert,500,25,23.688,9,connected,0.0001,none,radio,MS-RG-WT-DW,469,9.953627361999906,4432,30234,64.46481876332622,True
barabasi_albert-n500-d25-r008,271766242,barabasi_albert,500,25,23.688,8,dominating,0.0001,none,radio,MS-RG-WT-DW,11,0.2746643010000298,130,387,35.18181818181818,True
barabasi_albert-n500-d25-r008,271766242,barabasi_albert,500,25,23.688,8,connected,0.0001,none,radio,MS-RG-WT-DW,583,15.890632093000022,5544,35059,60.13550600343053,True
barabasi_albert-n500-d35-r000,160882581,barabasi_albert,500,35,35.316,0,dominating,0.0001,none,radio,MS-RG-WT-DW,24,0.21930033699982232,85,739,30.791666666666668,True
barabasi_albert-n500-d35-r000,160882581,barabasi_albert,500,35,35.316,0,connected,0.0001,none,radio,MS-RG-WT-DW,785,16.997734259000026,4901,36251,46.179617834394904,True
barabasi_albert-n500-d35-r001,2977225256,barabasi_albert,500,35,35.316,1,dominating,0.0001,none,radio,MS-RG-WT-DW,15,0.34461888799978624,116,572,38.13333333333333,True
barabasi_albert-n500-d35-r001,2977225256,barabasi_albert,500,35,35.316,1,connected,0.0001,none,radio,MS-RG-WT-DW,818,17.221915516999843,5359,37803,46.21393643031785,True
barabasi_albert-n500-d35-r002,401578117,barabasi_albert,500,35,35.316,2,dominating,0.0001,none,radio,MS-RG-WT-DW,6,0.20262696099985078,68,264,44.0,True
barabasi_albert-n500-d35-r002,401578117,barabasi_albert,500,35,35.316,2,connected,0.0001,none,radio,MS-RG-WT-DW,920,21.350114419999954,6985,43320,47.08695652173913,True
barabasi_albert-n500-d35-r003,3590882379,barabasi_albert,500,35,35.316,3,dominating,0.0001,none,radio,MS-RG-WT-DW,22,0.3130471420001868,131,670,30.454545454545453,True
barabasi_albert-n500-d35-r003,3590882379,barabasi_albert,500,35,35.316,3,connected,0.0001,none,radio,MS-RG-WT-DW,871,20.66039582799999,7123,42888,49.239954075774975,True
barabasi_albert-n500-d35-r005,2138525858,barabasi_albert,500,35,35.316,5,dominating,0.0001,none,radio,MS-RG-WT-DW,24,0.2787040599998818,89,728,30.333333333333332,True
barabasi_albert-n500-d35-r005,2138525858,barabasi_albert,500,35,35.316,5,connected,0.0001,none,radio,MS-RG-WT-DW,792,15.570040968000058,5503,39167,49.45328282828283,True
barabasi_albert-n500-d35-r004,2769928901,barabasi_albert,500,35,35.316,4,dominating,0.0001,none,radio,MS-RG-WT-DW,14,0.19186885699991763,63,483,34.5,True
barabasi_albert-n500-d35-r004,2769928901,barabasi_albert,500,35,35.316,4,connected,0.0001,none,radio,MS-RG-WT-DW,962,19.712618956999904,5908,44009,45.74740124740125,True
barabasi_albert-n500-d35-r006,312125961,barabasi_albert,500,35,35.316,6,dominating,0.0001,none,radio,MS-RG-WT-DW,6,0.16676772200003143,39,181,30.166666666666668,True
barabasi_albert-n500-d35-r006,312125961,barabasi_albert,500,35,35.316,6,connected,0.0001,none,radio,MS-RG-WT-DW,890,18.230343964999975,6948,43149,48.48202247191011,True
barabasi_albert-n500-d35-r007,1090263697,barabasi_albert,500,35,35.316,7,dominating,0.0001,none,radio,MS-RG-WT-DW,24,0.18020865800008323,208,959,39.958333333333336,True
barabasi_albert-n500-d35-r007,1090263697,barabasi_albert,500,35,35.316,7,connected,0.0001,none,radio,MS-RG-WT-DW,935,16.102061207000133,6553,42793,45.76791443850267,True
barabasi_albert-n500-d35-r008,2586861372,barabasi_albert,500,35,35.316,8,dominating,0.0001,none,radio,MS-RG-WT-DW,42,0.27853240900003584,294,1251,29.785714285714285,True
barabasi_albert-n500-d35-r008,2586861372,barabasi_albert,500,35,35.316,8,connected,0.0001,none,radio,MS-RG-WT-DW,923,16.004696222999883,5596,43389,47.00866738894908,True
barabasi_albert-n500-d35-r009,776976122,barabasi_albert,500,35,35.316,9,dominating,0.0001,none,radio,MS-RG-WT-DW,4,0.18441812700007176,44,140,35.0,True
barabasi_albert-n500-d35-r009,776976122,barabasi_albert,500,35,35.316,9,connected,0.0001,none,radio,MS-RG-WT-DW,822,16.127327736000098,5582,37979,46.20316301703163,True
